url,last_crawl
https://www.ezhalhe-sa.com/articles/service8-article10.html,11/07/2026
https://ezhalhe-sa.com/articles/service3-article3,11/06/2026
https://www.ezhalhe-sa.com/articles/service7-article8.html,26/05/2026
https://www.ezhalhe-sa.com/articles/service4-article10.html,25/05/2026
https://www.ezhalhe-sa.com/articles/service10-article8.html,23/05/2026
https://www.ezhalhe-sa.com/articles/service6-article4.html,22/05/2026
https://www.ezhalhe-sa.com/articles/service3-article4.html,22/05/2026
https://www.ezhalhe-sa.com/articles/service10-article6.html,22/05/2026
https://www.ezhalhe-sa.com/articles/service10-article7.html,22/05/2026
https://www.ezhalhe-sa.com/articles/service7-article10.html,22/05/2026
https://www.ezhalhe-sa.com/articles/service2-article5.html,22/05/2026
https://www.ezhalhe-sa.com/articles/service8-article2.html,22/05/2026
https://www.ezhalhe-sa.com/articles/service4-article7.html,22/05/2026
https://www.ezhalhe-sa.com/articles/service9-article7.html,22/05/2026
https://www.ezhalhe-sa.com/articles/service4-article4.html,21/05/2026
https://www.ezhalhe-sa.com/articles/service10-article5.html,21/05/2026
https://www.ezhalhe-sa.com/articles/service6-article6.html,20/05/2026
https://www.ezhalhe-sa.com/articles/service1-article4.html,20/05/2026
https://www.ezhalhe-sa.com/articles/service8-article9.html,20/05/2026
https://www.ezhalhe-sa.com/articles/service9-article2.html,20/05/2026
https://www.ezhalhe-sa.com/articles/service3-article6.html,20/05/2026
https://www.ezhalhe-sa.com/articles/service7-article7.html,20/05/2026
https://ezhalhe-sa.com/articles/service1-article1.html,18/05/2026
https://ezhalhe-sa.com/articles/service3-article6.html,17/05/2026
https://www.ezhalhe-sa.com/articles/guide-design-store.html,17/05/2026
https://www.ezhalhe-sa.com/articles/service1-article1.html,17/05/2026
https://www.ezhalhe-sa.com/articles/service5-article1.html,17/05/2026
