query,clicks,impressions,ctr,average_position
ازلها,23,60,38.3%,3.7
ازهلها,2,498,0.4%,7.0
متجر ازهلها,2,65,3.1%,5.9
ازهل للتقسيط,1,193,0.5%,5.4
ازهل,1,65,1.5%,8.2
متجر ازهل,0,34,0%,7.9
تصميم العروض السعودية,0,30,0%,51.0
تصميم متجر زد,0,28,0%,32.7
سهلناها,0,22,0%,66.9
"""توثيق متجر سلة""",0,21,0%,16.1
تحليل المنافسين,0,19,0%,47.3
دليلك للربح من تصميم بنرات 'سلة وزد' كيف تحقق أول 1000 ريال بالفوتوشوب؟,0,15,0%,27.3
متجر سلة احترافي,0,11,0%,30.5
تصميم متجر سلة,0,11,0%,49.0
business account opening,0,11,0%,88.5
مقارنة بين بوابات الدفع الالكتروني,0,9,0%,24.4
فتح حساب بنكي تجاري,0,8,0%,62.2
بناء العلامة التجارية,0,8,0%,74.5
استراتيجية إدارة مواقع التواصل الاجتماعي,0,7,0%,20.4
تحسين متجر التطبيقات,0,7,0%,63.6
business bank account in saudi arabia,0,7,0%,84.3
أزهلها,0,6,0%,5.5
ezhal,0,6,0%,7.5
متجر ازهلني,0,6,0%,15.2
حلول دفع متكاملة للمتاجر,0,6,0%,42.0
باقات انشاء متجر الكتروني السعودية,0,6,0%,45.5
open company bank account,0,6,0%,84.7
ازهلها للتقسيط,0,5,0%,5.8
تصميم سلة,0,5,0%,43.0
حساب اعمال,0,5,0%,47.0
ئهي,0,5,0%,50.0
متجر سهل,0,5,0%,63.6
باقة إنشاء متجر,0,5,0%,65.4
شروط فتح الحساب البنكي,0,5,0%,66.6
فتح حساب اعمال,0,5,0%,67.6
فتح حساب تجاري,0,5,0%,70.0
توثيق متجر سلة,0,4,0%,12.2
كود خصم ازهلها,0,4,0%,17.8
ازهلني,0,4,0%,27.2
مقارنة بين بوابات الدفع الالكتروني في السعودية,0,4,0%,46.5
باقات تصميم متجر الكتروني,0,4,0%,49.0
تصميم متجر على زد,0,4,0%,53.5
تحسين محركات البحث seo سلة,0,4,0%,55.8
حساب بنكي تجاري,0,4,0%,65.0
افعلها,0,4,0%,74.5
حلول دفع آمنة,0,4,0%,90.0
تصميم واجهة متجر زد,0,3,0%,42.7
فتح حساب الراجحي مؤسسة,0,3,0%,52.0
تحليل البيانات,0,3,0%,60.3
برنامج سهل,0,3,0%,72.0
شروط فتح حساب بنكي,0,3,0%,78.7
شروط فتح حساب بنكي تجاري,0,3,0%,90.0
سلة seo,0,2,0%,25.0
شركة ازهلها,0,2,0%,31.0
استراتيجية ادارة مواقع التواصل الاجتماعي,0,2,0%,37.0
تطبيق ازهلها,0,2,0%,43.5
فتح حساب للمؤسسة في الراجحي,0,2,0%,44.0
فتح حساب مؤسسة الراجحي,0,2,0%,45.5
كيفية فتح حساب بنكي في السعودية,0,2,0%,51.5
مقارنة بين خدمات mqsat dwdj المختلفة.,0,2,0%,62.5
تحسين محرك البحث seo سلة,0,2,0%,64.5
حساب تجاري,0,2,0%,67.5
شروط فتح حساب تجاري,0,2,0%,67.5
بوابات الدفع,0,2,0%,71.0
فتح حساب بنكي للشركات اون لاين,0,2,0%,73.0
فتح حساب بنكي للشركات,0,2,0%,77.0
فتح حساب بنكي للشركة,0,2,0%,81.5
business bank account setup in saudi arabia,0,2,0%,83.0
ركن ازهلها,0,1,0%,2.0
creative web design agency,0,1,0%,4.0
سلة توثيق المتجر,0,1,0%,11.0
بنزلها,0,1,0%,12.0
تصميمها,0,1,0%,19.0
ازهلها معنى,0,1,0%,24.0
معنى ازهلها,0,1,0%,24.0
seo سلة,0,1,0%,25.0
ازهلها تطبيق,0,1,0%,33.0
فتح حساب بنك الراجحي للمؤسسة,0,1,0%,33.0
متجر سهلة,0,1,0%,34.0
بنك الراجحي اعمال فتح حساب,0,1,0%,35.0
فتح حساب بنك الراجحي مؤسسات,0,1,0%,35.0
بنك الراجحي فتح حساب مؤسسة,0,1,0%,37.0
باقات التصميم,0,1,0%,38.0
حساب بنكي تجاري الراجحي,0,1,0%,39.0
تصميم متجرك,0,1,0%,40.0
الراجحي اعمال فتح حساب,0,1,0%,44.0
تصميم موقع سلة,0,1,0%,46.0
خلصها,0,1,0%,46.0
شروط فتح بنك في السعودية,0,1,0%,46.0
ازهليها,0,1,0%,48.0
تحليل البيانت,0,1,0%,51.0
فتح حساب الراجحي اعمال,0,1,0%,51.0
فتح حساب بنك تجاري,0,1,0%,56.0
تستاهلها,0,1,0%,58.0
فتح حساب بنكي لمؤسسة,0,1,0%,59.0
بنك الاعمال,0,1,0%,64.0
ما هي البوابة الالكترونية,0,1,0%,72.0
فتح حساب شركات,0,1,0%,74.0
وكالة تحليل المنافسين,0,1,0%,77.0
فتح حساب الراجحي شركات,0,1,0%,80.0
