path,status,content_type,location,error
/,200,text/html; charset=utf-8,,
/articles.html,200,text/html; charset=utf-8,,
/articles/أخطاء-شائعة-في-تصميم-المتاجر-الإلكترونية-وكيفية-تجنبها.html,200,text/html; charset=utf-8,,
/articles/أدوات-وتقنيات-تسهل-عليك-إدارة-متجرك-الإلكتروني-اليومية.html,200,text/html; charset=utf-8,,
/articles/أسرار-تصميم-صفحات-المنتجات-الجذابة-على-منصة-سلة.html,200,text/html; charset=utf-8,,
/articles/أهمية-التخطيط-للمحتوى-في-إدارة-المتجر-وحسابات-السوشيال-ميديا.html,200,text/html; charset=utf-8,,
/articles/أهمية-التصميم-الاحترافي-لمتجرك-على-سلة-زيادة-المبيعات-والثقة.html,200,text/html; charset=utf-8,,
/articles/أهمية-تتبع-التحويلات-في-الحملات-الإعلانية-قياس-العائد-على-الاستثمار-roi.html,200,text/html; charset=utf-8,,
/articles/أهمية-تفعيل-بوابات-دفع-متعددة-لمتجرك-الإلكتروني.html,200,text/html; charset=utf-8,,
/articles/أهمية-تفعيل-خدمات-الدفع-الآجل-تابي-وتمارا-لزيادة-مبيعات-متجرك.html,200,text/html; charset=utf-8,,
/articles/أهمية-توثيق-متجرك-عبر-منصة-الأعمال-لضمان-الامتثال-القانوني.html,200,text/html; charset=utf-8,,
/articles/أهمية-توثيق-متجرك-في-سلة-بناء-الثقة-والمصداقية.html,200,text/html; charset=utf-8,,
/articles/أهمية-ربط-google-analytics-4-بمتجرك-الإلكتروني-لتحليل-الأداء.html,200,text/html; charset=utf-8,,
/articles/أهمية-فتح-حساب-بنكي-تجاري-لمتجرك-الإلكتروني.html,200,text/html; charset=utf-8,,
/articles/إدارة-التدفقات-النقدية-لمتجرك-عبر-الحساب-البنكي-التجاري.html,200,text/html; charset=utf-8,,
/articles/إدارة-المخزون-والطلبات-في-متجرك-الإلكتروني-دليل-المبتدئين.html,200,text/html; charset=utf-8,,
/articles/إدارة-خدمة-العملاء-عبر-التواصل-الاجتماعي-نصائح-لرضا-العميل.html,200,text/html; charset=utf-8,,
/articles/إعداد-حملات-إعادة-الاستهداف-retargeting-باستخدام-البكسلات.html,200,text/html; charset=utf-8,,
/articles/اختيار-الدومين-المناسب-لمتجرك-الإلكتروني-نصائح-واستراتيجيات.html,200,text/html; charset=utf-8,,
/articles/استخدام-linktree-أو-بدائله-لتحسين-الروابط-في-حسابات-التواصل-الاجتماعي.html,200,text/html; charset=utf-8,,
/articles/استخدام-واتساب-للأعمال-في-خدمة-العملاء-والتسويق-لمتجرك.html,200,text/html; charset=utf-8,,
/articles/استراتيجيات-إدارة-حسابات-التواصل-الاجتماعي-لمتجرك-زيادة-التفاعل-والمبيعات.html,200,text/html; charset=utf-8,,
/articles/استراتيجيات-استهداف-الجمهور-في-الحملات-الإعلانية-لزيادة-المبيعات.html,200,text/html; charset=utf-8,,
/articles/الأخطاء-الشائعة-في-إعداد-الحملات-الإعلانية-وكيفية-تجنبها.html,200,text/html; charset=utf-8,,
/articles/التحديات-الشائعة-في-إدارة-المتاجر-الإلكترونية-وحلولها.html,200,text/html; charset=utf-8,,
/articles/التحديات-الشائعة-في-تفعيل-تابي-وتمارا-وكيفية-تجاوزها.html,200,text/html; charset=utf-8,,
/articles/الخدمات-الأساسية-المتكاملة-لنجاح-متجرك-الإلكتروني-قائمة-مرجعية.html,200,text/html; charset=utf-8,,
/articles/الخدمات-المصرفية-الرقمية-المتاحة-لأصحاب-المتاجر-في-الراجحي-والإنماء.html,200,text/html; charset=utf-8,,
/articles/الخطوات-الأساسية-لربط-متجرك-الإلكتروني-بمنصة-الأعمال.html,200,text/html; charset=utf-8,,
/articles/الخطوات-التفصيلية-لاستخراج-وثيقة-العمل-الحر-عبر-الإنترنت.html,200,text/html; charset=utf-8,,
/articles/الخطوات-التفصيلية-لتوثيق-المتجر-في-منصة-سلة-بنجاح.html,200,text/html; charset=utf-8,,
/articles/الخطوات-التفصيلية-لربط-خدمة-تمارا-بمتجرك-الإلكتروني-على-سلة-أو-زد.html,200,text/html; charset=utf-8,,
/articles/الدليل-الشامل-لإعداد-وربط-البكسلات-التحويلية-فيسبوك-سناب-شات-تيك-توك.html,200,text/html; charset=utf-8,,
/articles/الرسوم-والعمولات-مقارنة-تكاليف-استخدام-ميس-مدفوع-وإمكان.html,200,text/html; charset=utf-8,,
/articles/الشروط-والمتطلبات-الأساسية-لاستخراج-وثيقة-العمل-الحر.html,200,text/html; charset=utf-8,,
/articles/الشروط-والمتطلبات-الأساسية-لتفعيل-تابي-للأعمال.html,200,text/html; charset=utf-8,,
/articles/الشروط-والمتطلبات-الفنية-لتفعيل-بوابات-الدفع-الإلكتروني.html,200,text/html; charset=utf-8,,
/articles/العلاقة-بين-توثيق-منصة-الأعمال-وتفعيل-بوابات-الدفع-الإلكتروني.html,200,text/html; charset=utf-8,,
/articles/العلاقة-بين-وثيقة-العمل-الحر-وتوثيق-المتجر-في-سلة.html,200,text/html; charset=utf-8,,
/articles/الفرق-بين-الحساب-البنكي-الشخصي-والحساب-البنكي-التجاري-للمتجر.html,200,text/html; charset=utf-8,,
/articles/الفرق-بين-وثيقة-العمل-الحر-والسجل-التجاري-للمتجر-الإلكتروني.html,200,text/html; charset=utf-8,,
/articles/الفوائد-الأمنية-لتوثيق-متجرك-عبر-منصة-الأعمال.html,200,text/html; charset=utf-8,,
/articles/الفوائد-القانونية-والتجارية-لتوثيق-متجرك-الإلكتروني.html,200,text/html; charset=utf-8,,
/articles/المدة-الزمنية-المتوقعة-لإنهاء-إجراءات-توثيق-متجر-سلة.html,200,text/html; charset=utf-8,,
/articles/المزايا-والحوافز-التي-تقدمها-وثيقة-العمل-الحر-لحامليها.html,200,text/html; charset=utf-8,,
/articles/الوثائق-المطلوبة-لتوثيق-متجر-إلكتروني-في-منصة-الأعمال.html,200,text/html; charset=utf-8,,
/articles/الوثائق-المطلوبة-لفتح-حساب-بنكي-للأعمال-في-المملكة-العربية-السعودية.html,200,text/html; charset=utf-8,,
/articles/الوثائق-والمتطلبات-الأساسية-لعملية-توثيق-متجر-سلة.html,200,text/html; charset=utf-8,,
/articles/بناء-مجتمع-حول-متجرك-الإلكتروني-عبر-استراتيجيات-التواصل-الاجتماعي.html,200,text/html; charset=utf-8,,
/articles/بوابات-الدفع-وتأثيرها-على-تجربة-المستخدم-ومعدل-التحويل.html,200,text/html; charset=utf-8,,
/articles/تابي-وتمارا-مقارنة-بين-المزايا-والرسوم-لأصحاب-المتاجر.html,200,text/html; charset=utf-8,,
/articles/تجربة-العميل-مع-الدفع-الآجل-نصائح-لتحسينها.html,200,text/html; charset=utf-8,,
/articles/تحسين-seo-للمتاجر-الإلكترونية-على-سلة-دليل-شامل-للبداية.html,200,text/html; charset=utf-8,,
/articles/تحسين-إعلاناتك-باستخدام-بيانات-البكسلات-دليل-متقدم.html,200,text/html; charset=utf-8,,
/articles/تحليل-أداء-المتجر-وحسابات-التواصل-الاجتماعي-مؤشرات-الأداء-الرئيسية-kpis.html,200,text/html; charset=utf-8,,
/articles/تدريب-سلة-كيف-تتقن-إدارة-متجرك-وتحقق-أقصى-استفادة-من-المنصة.html,200,text/html; charset=utf-8,,
/articles/تصميم-تجربة-المستخدم-ux-في-متجرك-الإلكتروني-خطوات-التنفيذ.html,200,text/html; charset=utf-8,,
/articles/تصميم-متجر-إلكتروني-متوافق-مع-الجوال-mobile-first-design-على-زد.html,200,text/html; charset=utf-8,,
/articles/تصميم-متجر-احترافي-استراتيجيات-لتمييز-متجرك-عن-المنافسين.html,200,text/html; charset=utf-8,,
/articles/تفعيل-بكسلات-التحويل-فيسبوك-سناب-شات-لتحسين-الحملات-الإعلانية.html,200,text/html; charset=utf-8,,
/articles/تفعيل-تابي-وتمارا-دليل-للامتثال-لشروط-الخدمة.html,200,text/html; charset=utf-8,,
/articles/توثيق-المتجر-الاحترافي-متطلبات-إضافية-لزيادة-الموثوقية.html,200,text/html; charset=utf-8,,
/articles/توثيق-المتجر-في-سلة-دليل-لتجنب-الأخطاء-الشائعة.html,200,text/html; charset=utf-8,,
/articles/توثيق-منصة-الأعمال-دليل-لتجنب-الرفض-وتسريع-الإجراءات.html,200,text/html; charset=utf-8,,
/articles/توثيق-منصة-الأعمال-ضمان-حقوق-التاجر-والمستهلك.html,200,text/html; charset=utf-8,,
/articles/حلول-الدفع-الآمنة-كيف-تحمي-متجرك-وعملائك.html,200,text/html; charset=utf-8,,
/articles/خدمات-الإدارة-الاحترافية-للحملات-الإعلانية-تحقيق-أفضل-النتائج.html,200,text/html; charset=utf-8,,
/articles/خدمات-الإدارة-المتكاملة-للمتجر-والتسويق-الرقمي-ما-الذي-تقدمه.html,200,text/html; charset=utf-8,,
/articles/خدمات-الدعم-الفني-لتوثيق-متجرك-في-منصة-الأعمال.html,200,text/html; charset=utf-8,,
/articles/خدمات-المساعدة-في-استخراج-وثيقة-العمل-الحر-توفير-الوقت-والجهد.html,200,text/html; charset=utf-8,,
/articles/خدمات-المساعدة-في-تفعيل-بوابات-الدفع-ضمان-التكامل-السريع.html,200,text/html; charset=utf-8,,
/articles/خدمات-المساعدة-في-تفعيل-تابي-وتمارا-ضمان-القبول-السريع.html,200,text/html; charset=utf-8,,
/articles/خدمات-المساعدة-في-توثيق-متجرك-على-سلة-ضمان-القبول-السريع.html,200,text/html; charset=utf-8,,
/articles/خطوات-التسجيل-وتفعيل-بوابة-الدفع-ميس-mees-على-متجرك.html,200,text/html; charset=utf-8,,
/articles/خطوات-فتح-حساب-بنكي-إلكتروني-للأفراد-والمؤسسات.html,200,text/html; charset=utf-8,,
/articles/دليل-تفعيل-بوابة-الدفع-مدفوع-madfou-للمتاجر-الناشئة.html,200,text/html; charset=utf-8,,
/articles/دليل-تفعيل-تابي-وتمارا-للمتاجر-التي-تعمل-بدون-سجل-تجاري.html,200,text/html; charset=utf-8,,
/articles/دور-الهوية-البصرية-في-نجاح-متجرك-الإلكتروني-الاحترافي.html,200,text/html; charset=utf-8,,
/articles/دور-تحسين-seo-في-دعم-أداء-حملاتك-الإعلانية.html,200,text/html; charset=utf-8,,
/articles/دور-تخصيص-css-في-تصميم-متجر-سلة-احترافي-ومميز.html,200,text/html; charset=utf-8,,
/articles/ربط-متجرك-بـ-google-merchant-center-خطوات-لزيادة-الظهور.html,200,text/html; charset=utf-8,,
/articles/عناصر-التصميم-التي-تزيد-من-معدل-التحويل-في-المتاجر-الإلكترونية.html,200,text/html; charset=utf-8,,
/articles/فتح-حساب-بنكي-للمشاريع-الناشئة-دليل-خطوة-بخطوة.html,200,text/html; charset=utf-8,,
/articles/كيف-تختار-قالب-متجر-زد-المناسب-لمنتجاتك-دليل-عملي.html,200,text/html; charset=utf-8,,
/articles/كيف-تخطط-لحملة-إعلانية-ناجحة-لمتجرك-الإلكتروني.html,200,text/html; charset=utf-8,,
/articles/كيف-تساعد-وثيقة-العمل-الحر-في-توثيق-متجرك-على-منصتي-سلة-وزد.html,200,text/html; charset=utf-8,,
/articles/كيف-تضمن-إدارة-متجرك-الإلكتروني-بكفاءة-عالية-لمدة-شهر.html,200,text/html; charset=utf-8,,
/articles/كيف-يؤثر-الدفع-الآجل-على-سلة-المشتريات-وقيمة-الطلب-المتوسطة.html,200,text/html; charset=utf-8,,
/articles/كيف-يؤثر-توثيق-المتجر-على-تحسين-محركات-البحث-seo-لمتجرك.html,200,text/html; charset=utf-8,,
/articles/كيف-يؤثر-توثيق-منصة-الأعمال-على-التعاملات-المالية-والحساب-البنكي.html,200,text/html; charset=utf-8,,
/articles/كيف-يسهل-الحساب-البنكي-التجاري-عملية-توثيق-متجرك-الإلكتروني.html,200,text/html; charset=utf-8,,
/articles/كيفية-تجديد-وثيقة-العمل-الحر-وتعديل-بياناتها.html,200,text/html; charset=utf-8,,
/articles/كيفية-تصميم-متجر-إلكتروني-احترافي-على-منصة-سلة-وزد.html,200,text/html; charset=utf-8,,
/articles/كيفية-ربط-بوابة-الدفع-إمكان-imkan-بمتجرك-على-سلة-أو-زد.html,200,text/html; charset=utf-8,,
/articles/ما-هي-وثيقة-العمل-الحر-وأهميتها-لأصحاب-المتاجر-الإلكترونية.html,200,text/html; charset=utf-8,,
/articles/متطلبات-التوثيق-للمتاجر-التي-تعمل-على-منصات-سلة-وزد.html,200,text/html; charset=utf-8,,
/articles/مقارنة-بين-إجراءات-فتح-حساب-بنكي-تجاري-في-الراجحي-والإنماء.html,200,text/html; charset=utf-8,,
/articles/مقارنة-بين-بوابات-الدفع-الإلكتروني-ميس-مدفوع-وإمكان.html,200,text/html; charset=utf-8,,
/articles/مقارنة-بين-منصات-الإعلان-الرئيسية-جوجل-فيسبوك-سناب-شات.html,200,text/html; charset=utf-8,,
/articles/مقارنة-شاملة-بين-باقات-تصميم-متجر-سلة-بيسك-بلس-برو-ذهبية.html,200,text/html; charset=utf-8,,
/articles/نصائح-لتسريع-عملية-الموافقة-على-فتح-حساب-بنكي-للأعمال.html,200,text/html; charset=utf-8,,
/articles/وثيقة-العمل-الحر-دليل-لتحديد-النشاط-المناسب-لمتجرك.html,200,text/html; charset=utf-8,,
/articles/وثيقة-العمل-الحر-والالتزامات-الضريبية-ما-يجب-أن-تعرفه.html,200,text/html; charset=utf-8,,
/blog.html,200,text/html; charset=utf-8,,
/brand-building.html,200,text/html; charset=utf-8,,
/competitor-analysis.html,200,text/html; charset=utf-8,,
/digital-ads.html,200,text/html; charset=utf-8,,
/discount-salla-plus.html,200,text/html; charset=utf-8,,
/discount-salla-pro.html,200,text/html; charset=utf-8,,
/product-marketing.html,200,text/html; charset=utf-8,,
/salla-store-design-dammam.html,200,text/html; charset=utf-8,,
/salla-store-design-jeddah.html,200,text/html; charset=utf-8,,
/salla-store-design-makkah.html,200,text/html; charset=utf-8,,
/salla-store-design-riyadh.html,200,text/html; charset=utf-8,,
/salla-store-design.html,200,text/html; charset=utf-8,,
/search-engine-optimization.html,200,text/html; charset=utf-8,,
/secure-payments.html,200,text/html; charset=utf-8,,
/store-verification.html,200,text/html; charset=utf-8,,
/zid-store-design.html,200,text/html; charset=utf-8,,
