file,previous_canonical,canonical,action
articles/أخطاء-شائعة-في-تصميم-المتاجر-الإلكترونية-وكيفية-تجنبها.html,https://www.ezhalhe-sa.com/articles/أخطاء-شائعة-في-تصميم-المتاجر-الإلكترونية-وكيفية-تجنبها.html,https://www.ezhalhe-sa.com/articles/أخطاء-شائعة-في-تصميم-المتاجر-الإلكترونية-وكيفية-تجنبها.html,unchanged
articles/أدوات-وتقنيات-تسهل-عليك-إدارة-متجرك-الإلكتروني-اليومية.html,https://www.ezhalhe-sa.com/articles/أدوات-وتقنيات-تسهل-عليك-إدارة-متجرك-الإلكتروني-اليومية.html,https://www.ezhalhe-sa.com/articles/أدوات-وتقنيات-تسهل-عليك-إدارة-متجرك-الإلكتروني-اليومية.html,unchanged
articles/أسرار-تصميم-صفحات-المنتجات-الجذابة-على-منصة-سلة.html,https://www.ezhalhe-sa.com/articles/أسرار-تصميم-صفحات-المنتجات-الجذابة-على-منصة-سلة.html,https://www.ezhalhe-sa.com/articles/أسرار-تصميم-صفحات-المنتجات-الجذابة-على-منصة-سلة.html,unchanged
articles/أهمية-التخطيط-للمحتوى-في-إدارة-المتجر-وحسابات-السوشيال-ميديا.html,https://www.ezhalhe-sa.com/articles/أهمية-التخطيط-للمحتوى-في-إدارة-المتجر-وحسابات-السوشيال-ميديا.html,https://www.ezhalhe-sa.com/articles/أهمية-التخطيط-للمحتوى-في-إدارة-المتجر-وحسابات-السوشيال-ميديا.html,unchanged
articles/أهمية-التصميم-الاحترافي-لمتجرك-على-سلة-زيادة-المبيعات-والثقة.html,https://www.ezhalhe-sa.com/articles/أهمية-التصميم-الاحترافي-لمتجرك-على-سلة-زيادة-المبيعات-والثقة.html,https://www.ezhalhe-sa.com/articles/أهمية-التصميم-الاحترافي-لمتجرك-على-سلة-زيادة-المبيعات-والثقة.html,unchanged
articles/أهمية-تتبع-التحويلات-في-الحملات-الإعلانية-قياس-العائد-على-الاستثمار-roi.html,https://www.ezhalhe-sa.com/articles/أهمية-تتبع-التحويلات-في-الحملات-الإعلانية-قياس-العائد-على-الاستثمار-roi.html,https://www.ezhalhe-sa.com/articles/أهمية-تتبع-التحويلات-في-الحملات-الإعلانية-قياس-العائد-على-الاستثمار-roi.html,unchanged
articles/أهمية-تفعيل-بوابات-دفع-متعددة-لمتجرك-الإلكتروني.html,https://www.ezhalhe-sa.com/articles/أهمية-تفعيل-بوابات-دفع-متعددة-لمتجرك-الإلكتروني.html,https://www.ezhalhe-sa.com/articles/أهمية-تفعيل-بوابات-دفع-متعددة-لمتجرك-الإلكتروني.html,unchanged
articles/أهمية-تفعيل-خدمات-الدفع-الآجل-تابي-وتمارا-لزيادة-مبيعات-متجرك.html,https://www.ezhalhe-sa.com/articles/أهمية-تفعيل-خدمات-الدفع-الآجل-تابي-وتمارا-لزيادة-مبيعات-متجرك.html,https://www.ezhalhe-sa.com/articles/أهمية-تفعيل-خدمات-الدفع-الآجل-تابي-وتمارا-لزيادة-مبيعات-متجرك.html,unchanged
articles/أهمية-توثيق-متجرك-عبر-منصة-الأعمال-لضمان-الامتثال-القانوني.html,https://www.ezhalhe-sa.com/articles/أهمية-توثيق-متجرك-عبر-منصة-الأعمال-لضمان-الامتثال-القانوني.html,https://www.ezhalhe-sa.com/articles/أهمية-توثيق-متجرك-عبر-منصة-الأعمال-لضمان-الامتثال-القانوني.html,unchanged
articles/أهمية-توثيق-متجرك-في-سلة-بناء-الثقة-والمصداقية.html,https://www.ezhalhe-sa.com/articles/أهمية-توثيق-متجرك-في-سلة-بناء-الثقة-والمصداقية.html,https://www.ezhalhe-sa.com/articles/أهمية-توثيق-متجرك-في-سلة-بناء-الثقة-والمصداقية.html,unchanged
articles/أهمية-ربط-google-analytics-4-بمتجرك-الإلكتروني-لتحليل-الأداء.html,https://www.ezhalhe-sa.com/articles/أهمية-ربط-google-analytics-4-بمتجرك-الإلكتروني-لتحليل-الأداء.html,https://www.ezhalhe-sa.com/articles/أهمية-ربط-google-analytics-4-بمتجرك-الإلكتروني-لتحليل-الأداء.html,unchanged
articles/أهمية-فتح-حساب-بنكي-تجاري-لمتجرك-الإلكتروني.html,https://www.ezhalhe-sa.com/articles/أهمية-فتح-حساب-بنكي-تجاري-لمتجرك-الإلكتروني.html,https://www.ezhalhe-sa.com/articles/أهمية-فتح-حساب-بنكي-تجاري-لمتجرك-الإلكتروني.html,unchanged
articles/إدارة-التدفقات-النقدية-لمتجرك-عبر-الحساب-البنكي-التجاري.html,https://www.ezhalhe-sa.com/articles/إدارة-التدفقات-النقدية-لمتجرك-عبر-الحساب-البنكي-التجاري.html,https://www.ezhalhe-sa.com/articles/إدارة-التدفقات-النقدية-لمتجرك-عبر-الحساب-البنكي-التجاري.html,unchanged
articles/إدارة-المخزون-والطلبات-في-متجرك-الإلكتروني-دليل-المبتدئين.html,https://www.ezhalhe-sa.com/articles/إدارة-المخزون-والطلبات-في-متجرك-الإلكتروني-دليل-المبتدئين.html,https://www.ezhalhe-sa.com/articles/إدارة-المخزون-والطلبات-في-متجرك-الإلكتروني-دليل-المبتدئين.html,unchanged
articles/إدارة-خدمة-العملاء-عبر-التواصل-الاجتماعي-نصائح-لرضا-العميل.html,https://www.ezhalhe-sa.com/articles/إدارة-خدمة-العملاء-عبر-التواصل-الاجتماعي-نصائح-لرضا-العميل.html,https://www.ezhalhe-sa.com/articles/إدارة-خدمة-العملاء-عبر-التواصل-الاجتماعي-نصائح-لرضا-العميل.html,unchanged
articles/إعداد-حملات-إعادة-الاستهداف-retargeting-باستخدام-البكسلات.html,https://www.ezhalhe-sa.com/articles/إعداد-حملات-إعادة-الاستهداف-retargeting-باستخدام-البكسلات.html,https://www.ezhalhe-sa.com/articles/إعداد-حملات-إعادة-الاستهداف-retargeting-باستخدام-البكسلات.html,unchanged
articles/اختيار-الدومين-المناسب-لمتجرك-الإلكتروني-نصائح-واستراتيجيات.html,https://www.ezhalhe-sa.com/articles/اختيار-الدومين-المناسب-لمتجرك-الإلكتروني-نصائح-واستراتيجيات.html,https://www.ezhalhe-sa.com/articles/اختيار-الدومين-المناسب-لمتجرك-الإلكتروني-نصائح-واستراتيجيات.html,unchanged
articles/استخدام-linktree-أو-بدائله-لتحسين-الروابط-في-حسابات-التواصل-الاجتماعي.html,https://www.ezhalhe-sa.com/articles/استخدام-linktree-أو-بدائله-لتحسين-الروابط-في-حسابات-التواصل-الاجتماعي.html,https://www.ezhalhe-sa.com/articles/استخدام-linktree-أو-بدائله-لتحسين-الروابط-في-حسابات-التواصل-الاجتماعي.html,unchanged
articles/استخدام-واتساب-للأعمال-في-خدمة-العملاء-والتسويق-لمتجرك.html,https://www.ezhalhe-sa.com/articles/استخدام-واتساب-للأعمال-في-خدمة-العملاء-والتسويق-لمتجرك.html,https://www.ezhalhe-sa.com/articles/استخدام-واتساب-للأعمال-في-خدمة-العملاء-والتسويق-لمتجرك.html,unchanged
articles/استراتيجيات-إدارة-حسابات-التواصل-الاجتماعي-لمتجرك-زيادة-التفاعل-والمبيعات.html,https://www.ezhalhe-sa.com/articles/استراتيجيات-إدارة-حسابات-التواصل-الاجتماعي-لمتجرك-زيادة-التفاعل-والمبيعات.html,https://www.ezhalhe-sa.com/articles/استراتيجيات-إدارة-حسابات-التواصل-الاجتماعي-لمتجرك-زيادة-التفاعل-والمبيعات.html,unchanged
articles/استراتيجيات-استهداف-الجمهور-في-الحملات-الإعلانية-لزيادة-المبيعات.html,https://www.ezhalhe-sa.com/articles/استراتيجيات-استهداف-الجمهور-في-الحملات-الإعلانية-لزيادة-المبيعات.html,https://www.ezhalhe-sa.com/articles/استراتيجيات-استهداف-الجمهور-في-الحملات-الإعلانية-لزيادة-المبيعات.html,unchanged
articles/الأخطاء-الشائعة-في-إعداد-الحملات-الإعلانية-وكيفية-تجنبها.html,https://www.ezhalhe-sa.com/articles/الأخطاء-الشائعة-في-إعداد-الحملات-الإعلانية-وكيفية-تجنبها.html,https://www.ezhalhe-sa.com/articles/الأخطاء-الشائعة-في-إعداد-الحملات-الإعلانية-وكيفية-تجنبها.html,unchanged
articles/التحديات-الشائعة-في-إدارة-المتاجر-الإلكترونية-وحلولها.html,https://www.ezhalhe-sa.com/articles/التحديات-الشائعة-في-إدارة-المتاجر-الإلكترونية-وحلولها.html,https://www.ezhalhe-sa.com/articles/التحديات-الشائعة-في-إدارة-المتاجر-الإلكترونية-وحلولها.html,unchanged
articles/التحديات-الشائعة-في-تفعيل-تابي-وتمارا-وكيفية-تجاوزها.html,https://www.ezhalhe-sa.com/articles/التحديات-الشائعة-في-تفعيل-تابي-وتمارا-وكيفية-تجاوزها.html,https://www.ezhalhe-sa.com/articles/التحديات-الشائعة-في-تفعيل-تابي-وتمارا-وكيفية-تجاوزها.html,unchanged
articles/الخدمات-الأساسية-المتكاملة-لنجاح-متجرك-الإلكتروني-قائمة-مرجعية.html,https://www.ezhalhe-sa.com/articles/الخدمات-الأساسية-المتكاملة-لنجاح-متجرك-الإلكتروني-قائمة-مرجعية.html,https://www.ezhalhe-sa.com/articles/الخدمات-الأساسية-المتكاملة-لنجاح-متجرك-الإلكتروني-قائمة-مرجعية.html,unchanged
articles/الخدمات-المصرفية-الرقمية-المتاحة-لأصحاب-المتاجر-في-الراجحي-والإنماء.html,https://www.ezhalhe-sa.com/articles/الخدمات-المصرفية-الرقمية-المتاحة-لأصحاب-المتاجر-في-الراجحي-والإنماء.html,https://www.ezhalhe-sa.com/articles/الخدمات-المصرفية-الرقمية-المتاحة-لأصحاب-المتاجر-في-الراجحي-والإنماء.html,unchanged
articles/الخطوات-الأساسية-لربط-متجرك-الإلكتروني-بمنصة-الأعمال.html,https://www.ezhalhe-sa.com/articles/الخطوات-الأساسية-لربط-متجرك-الإلكتروني-بمنصة-الأعمال.html,https://www.ezhalhe-sa.com/articles/الخطوات-الأساسية-لربط-متجرك-الإلكتروني-بمنصة-الأعمال.html,unchanged
articles/الخطوات-التفصيلية-لاستخراج-وثيقة-العمل-الحر-عبر-الإنترنت.html,https://www.ezhalhe-sa.com/articles/الخطوات-التفصيلية-لاستخراج-وثيقة-العمل-الحر-عبر-الإنترنت.html,https://www.ezhalhe-sa.com/articles/الخطوات-التفصيلية-لاستخراج-وثيقة-العمل-الحر-عبر-الإنترنت.html,unchanged
articles/الخطوات-التفصيلية-لتوثيق-المتجر-في-منصة-سلة-بنجاح.html,https://www.ezhalhe-sa.com/articles/الخطوات-التفصيلية-لتوثيق-المتجر-في-منصة-سلة-بنجاح.html,https://www.ezhalhe-sa.com/articles/الخطوات-التفصيلية-لتوثيق-المتجر-في-منصة-سلة-بنجاح.html,unchanged
articles/الخطوات-التفصيلية-لربط-خدمة-تمارا-بمتجرك-الإلكتروني-على-سلة-أو-زد.html,https://www.ezhalhe-sa.com/articles/الخطوات-التفصيلية-لربط-خدمة-تمارا-بمتجرك-الإلكتروني-على-سلة-أو-زد.html,https://www.ezhalhe-sa.com/articles/الخطوات-التفصيلية-لربط-خدمة-تمارا-بمتجرك-الإلكتروني-على-سلة-أو-زد.html,unchanged
articles/الدليل-الشامل-لإعداد-وربط-البكسلات-التحويلية-فيسبوك-سناب-شات-تيك-توك.html,https://www.ezhalhe-sa.com/articles/الدليل-الشامل-لإعداد-وربط-البكسلات-التحويلية-فيسبوك-سناب-شات-تيك-توك.html,https://www.ezhalhe-sa.com/articles/الدليل-الشامل-لإعداد-وربط-البكسلات-التحويلية-فيسبوك-سناب-شات-تيك-توك.html,unchanged
articles/الرسوم-والعمولات-مقارنة-تكاليف-استخدام-ميس-مدفوع-وإمكان.html,https://www.ezhalhe-sa.com/articles/الرسوم-والعمولات-مقارنة-تكاليف-استخدام-ميس-مدفوع-وإمكان.html,https://www.ezhalhe-sa.com/articles/الرسوم-والعمولات-مقارنة-تكاليف-استخدام-ميس-مدفوع-وإمكان.html,unchanged
articles/الشروط-والمتطلبات-الأساسية-لاستخراج-وثيقة-العمل-الحر.html,https://www.ezhalhe-sa.com/articles/الشروط-والمتطلبات-الأساسية-لاستخراج-وثيقة-العمل-الحر.html,https://www.ezhalhe-sa.com/articles/الشروط-والمتطلبات-الأساسية-لاستخراج-وثيقة-العمل-الحر.html,unchanged
articles/الشروط-والمتطلبات-الأساسية-لتفعيل-تابي-للأعمال.html,https://www.ezhalhe-sa.com/articles/الشروط-والمتطلبات-الأساسية-لتفعيل-تابي-للأعمال.html,https://www.ezhalhe-sa.com/articles/الشروط-والمتطلبات-الأساسية-لتفعيل-تابي-للأعمال.html,unchanged
articles/الشروط-والمتطلبات-الفنية-لتفعيل-بوابات-الدفع-الإلكتروني.html,https://www.ezhalhe-sa.com/articles/الشروط-والمتطلبات-الفنية-لتفعيل-بوابات-الدفع-الإلكتروني.html,https://www.ezhalhe-sa.com/articles/الشروط-والمتطلبات-الفنية-لتفعيل-بوابات-الدفع-الإلكتروني.html,unchanged
articles/العلاقة-بين-توثيق-منصة-الأعمال-وتفعيل-بوابات-الدفع-الإلكتروني.html,https://www.ezhalhe-sa.com/articles/العلاقة-بين-توثيق-منصة-الأعمال-وتفعيل-بوابات-الدفع-الإلكتروني.html,https://www.ezhalhe-sa.com/articles/العلاقة-بين-توثيق-منصة-الأعمال-وتفعيل-بوابات-الدفع-الإلكتروني.html,unchanged
articles/العلاقة-بين-وثيقة-العمل-الحر-وتوثيق-المتجر-في-سلة.html,https://www.ezhalhe-sa.com/articles/العلاقة-بين-وثيقة-العمل-الحر-وتوثيق-المتجر-في-سلة.html,https://www.ezhalhe-sa.com/articles/العلاقة-بين-وثيقة-العمل-الحر-وتوثيق-المتجر-في-سلة.html,unchanged
articles/الفرق-بين-الحساب-البنكي-الشخصي-والحساب-البنكي-التجاري-للمتجر.html,https://www.ezhalhe-sa.com/articles/الفرق-بين-الحساب-البنكي-الشخصي-والحساب-البنكي-التجاري-للمتجر.html,https://www.ezhalhe-sa.com/articles/الفرق-بين-الحساب-البنكي-الشخصي-والحساب-البنكي-التجاري-للمتجر.html,unchanged
articles/الفرق-بين-وثيقة-العمل-الحر-والسجل-التجاري-للمتجر-الإلكتروني.html,https://www.ezhalhe-sa.com/articles/الفرق-بين-وثيقة-العمل-الحر-والسجل-التجاري-للمتجر-الإلكتروني.html,https://www.ezhalhe-sa.com/articles/الفرق-بين-وثيقة-العمل-الحر-والسجل-التجاري-للمتجر-الإلكتروني.html,unchanged
articles/الفوائد-الأمنية-لتوثيق-متجرك-عبر-منصة-الأعمال.html,https://www.ezhalhe-sa.com/articles/الفوائد-الأمنية-لتوثيق-متجرك-عبر-منصة-الأعمال.html,https://www.ezhalhe-sa.com/articles/الفوائد-الأمنية-لتوثيق-متجرك-عبر-منصة-الأعمال.html,unchanged
articles/الفوائد-القانونية-والتجارية-لتوثيق-متجرك-الإلكتروني.html,https://www.ezhalhe-sa.com/articles/الفوائد-القانونية-والتجارية-لتوثيق-متجرك-الإلكتروني.html,https://www.ezhalhe-sa.com/articles/الفوائد-القانونية-والتجارية-لتوثيق-متجرك-الإلكتروني.html,unchanged
articles/المدة-الزمنية-المتوقعة-لإنهاء-إجراءات-توثيق-متجر-سلة.html,https://www.ezhalhe-sa.com/articles/المدة-الزمنية-المتوقعة-لإنهاء-إجراءات-توثيق-متجر-سلة.html,https://www.ezhalhe-sa.com/articles/المدة-الزمنية-المتوقعة-لإنهاء-إجراءات-توثيق-متجر-سلة.html,unchanged
articles/المزايا-والحوافز-التي-تقدمها-وثيقة-العمل-الحر-لحامليها.html,https://www.ezhalhe-sa.com/articles/المزايا-والحوافز-التي-تقدمها-وثيقة-العمل-الحر-لحامليها.html,https://www.ezhalhe-sa.com/articles/المزايا-والحوافز-التي-تقدمها-وثيقة-العمل-الحر-لحامليها.html,unchanged
articles/الوثائق-المطلوبة-لتوثيق-متجر-إلكتروني-في-منصة-الأعمال.html,https://www.ezhalhe-sa.com/articles/الوثائق-المطلوبة-لتوثيق-متجر-إلكتروني-في-منصة-الأعمال.html,https://www.ezhalhe-sa.com/articles/الوثائق-المطلوبة-لتوثيق-متجر-إلكتروني-في-منصة-الأعمال.html,unchanged
articles/الوثائق-المطلوبة-لفتح-حساب-بنكي-للأعمال-في-المملكة-العربية-السعودية.html,https://www.ezhalhe-sa.com/articles/الوثائق-المطلوبة-لفتح-حساب-بنكي-للأعمال-في-المملكة-العربية-السعودية.html,https://www.ezhalhe-sa.com/articles/الوثائق-المطلوبة-لفتح-حساب-بنكي-للأعمال-في-المملكة-العربية-السعودية.html,unchanged
articles/الوثائق-والمتطلبات-الأساسية-لعملية-توثيق-متجر-سلة.html,https://www.ezhalhe-sa.com/articles/الوثائق-والمتطلبات-الأساسية-لعملية-توثيق-متجر-سلة.html,https://www.ezhalhe-sa.com/articles/الوثائق-والمتطلبات-الأساسية-لعملية-توثيق-متجر-سلة.html,unchanged
articles/بناء-مجتمع-حول-متجرك-الإلكتروني-عبر-استراتيجيات-التواصل-الاجتماعي.html,https://www.ezhalhe-sa.com/articles/بناء-مجتمع-حول-متجرك-الإلكتروني-عبر-استراتيجيات-التواصل-الاجتماعي.html,https://www.ezhalhe-sa.com/articles/بناء-مجتمع-حول-متجرك-الإلكتروني-عبر-استراتيجيات-التواصل-الاجتماعي.html,unchanged
articles/بوابات-الدفع-وتأثيرها-على-تجربة-المستخدم-ومعدل-التحويل.html,https://www.ezhalhe-sa.com/articles/بوابات-الدفع-وتأثيرها-على-تجربة-المستخدم-ومعدل-التحويل.html,https://www.ezhalhe-sa.com/articles/بوابات-الدفع-وتأثيرها-على-تجربة-المستخدم-ومعدل-التحويل.html,unchanged
articles/تابي-وتمارا-مقارنة-بين-المزايا-والرسوم-لأصحاب-المتاجر.html,https://www.ezhalhe-sa.com/articles/تابي-وتمارا-مقارنة-بين-المزايا-والرسوم-لأصحاب-المتاجر.html,https://www.ezhalhe-sa.com/articles/تابي-وتمارا-مقارنة-بين-المزايا-والرسوم-لأصحاب-المتاجر.html,unchanged
articles/تجربة-العميل-مع-الدفع-الآجل-نصائح-لتحسينها.html,https://www.ezhalhe-sa.com/articles/تجربة-العميل-مع-الدفع-الآجل-نصائح-لتحسينها.html,https://www.ezhalhe-sa.com/articles/تجربة-العميل-مع-الدفع-الآجل-نصائح-لتحسينها.html,unchanged
articles/تحسين-seo-للمتاجر-الإلكترونية-على-سلة-دليل-شامل-للبداية.html,https://www.ezhalhe-sa.com/articles/تحسين-seo-للمتاجر-الإلكترونية-على-سلة-دليل-شامل-للبداية.html,https://www.ezhalhe-sa.com/articles/تحسين-seo-للمتاجر-الإلكترونية-على-سلة-دليل-شامل-للبداية.html,unchanged
articles/تحسين-إعلاناتك-باستخدام-بيانات-البكسلات-دليل-متقدم.html,https://www.ezhalhe-sa.com/articles/تحسين-إعلاناتك-باستخدام-بيانات-البكسلات-دليل-متقدم.html,https://www.ezhalhe-sa.com/articles/تحسين-إعلاناتك-باستخدام-بيانات-البكسلات-دليل-متقدم.html,unchanged
articles/تحليل-أداء-المتجر-وحسابات-التواصل-الاجتماعي-مؤشرات-الأداء-الرئيسية-kpis.html,https://www.ezhalhe-sa.com/articles/تحليل-أداء-المتجر-وحسابات-التواصل-الاجتماعي-مؤشرات-الأداء-الرئيسية-kpis.html,https://www.ezhalhe-sa.com/articles/تحليل-أداء-المتجر-وحسابات-التواصل-الاجتماعي-مؤشرات-الأداء-الرئيسية-kpis.html,unchanged
articles/تدريب-سلة-كيف-تتقن-إدارة-متجرك-وتحقق-أقصى-استفادة-من-المنصة.html,https://www.ezhalhe-sa.com/articles/تدريب-سلة-كيف-تتقن-إدارة-متجرك-وتحقق-أقصى-استفادة-من-المنصة.html,https://www.ezhalhe-sa.com/articles/تدريب-سلة-كيف-تتقن-إدارة-متجرك-وتحقق-أقصى-استفادة-من-المنصة.html,unchanged
articles/تصميم-تجربة-المستخدم-ux-في-متجرك-الإلكتروني-خطوات-التنفيذ.html,https://www.ezhalhe-sa.com/articles/تصميم-تجربة-المستخدم-ux-في-متجرك-الإلكتروني-خطوات-التنفيذ.html,https://www.ezhalhe-sa.com/articles/تصميم-تجربة-المستخدم-ux-في-متجرك-الإلكتروني-خطوات-التنفيذ.html,unchanged
articles/تصميم-متجر-إلكتروني-متوافق-مع-الجوال-mobile-first-design-على-زد.html,https://www.ezhalhe-sa.com/articles/تصميم-متجر-إلكتروني-متوافق-مع-الجوال-mobile-first-design-على-زد.html,https://www.ezhalhe-sa.com/articles/تصميم-متجر-إلكتروني-متوافق-مع-الجوال-mobile-first-design-على-زد.html,unchanged
articles/تصميم-متجر-احترافي-استراتيجيات-لتمييز-متجرك-عن-المنافسين.html,https://www.ezhalhe-sa.com/articles/تصميم-متجر-احترافي-استراتيجيات-لتمييز-متجرك-عن-المنافسين.html,https://www.ezhalhe-sa.com/articles/تصميم-متجر-احترافي-استراتيجيات-لتمييز-متجرك-عن-المنافسين.html,unchanged
articles/تفعيل-بكسلات-التحويل-فيسبوك-سناب-شات-لتحسين-الحملات-الإعلانية.html,https://www.ezhalhe-sa.com/articles/تفعيل-بكسلات-التحويل-فيسبوك-سناب-شات-لتحسين-الحملات-الإعلانية.html,https://www.ezhalhe-sa.com/articles/تفعيل-بكسلات-التحويل-فيسبوك-سناب-شات-لتحسين-الحملات-الإعلانية.html,unchanged
articles/تفعيل-تابي-وتمارا-دليل-للامتثال-لشروط-الخدمة.html,https://www.ezhalhe-sa.com/articles/تفعيل-تابي-وتمارا-دليل-للامتثال-لشروط-الخدمة.html,https://www.ezhalhe-sa.com/articles/تفعيل-تابي-وتمارا-دليل-للامتثال-لشروط-الخدمة.html,unchanged
articles/توثيق-المتجر-الاحترافي-متطلبات-إضافية-لزيادة-الموثوقية.html,https://www.ezhalhe-sa.com/articles/توثيق-المتجر-الاحترافي-متطلبات-إضافية-لزيادة-الموثوقية.html,https://www.ezhalhe-sa.com/articles/توثيق-المتجر-الاحترافي-متطلبات-إضافية-لزيادة-الموثوقية.html,unchanged
articles/توثيق-المتجر-في-سلة-دليل-لتجنب-الأخطاء-الشائعة.html,https://www.ezhalhe-sa.com/articles/توثيق-المتجر-في-سلة-دليل-لتجنب-الأخطاء-الشائعة.html,https://www.ezhalhe-sa.com/articles/توثيق-المتجر-في-سلة-دليل-لتجنب-الأخطاء-الشائعة.html,unchanged
articles/توثيق-منصة-الأعمال-دليل-لتجنب-الرفض-وتسريع-الإجراءات.html,https://www.ezhalhe-sa.com/articles/توثيق-منصة-الأعمال-دليل-لتجنب-الرفض-وتسريع-الإجراءات.html,https://www.ezhalhe-sa.com/articles/توثيق-منصة-الأعمال-دليل-لتجنب-الرفض-وتسريع-الإجراءات.html,unchanged
articles/توثيق-منصة-الأعمال-ضمان-حقوق-التاجر-والمستهلك.html,https://www.ezhalhe-sa.com/articles/توثيق-منصة-الأعمال-ضمان-حقوق-التاجر-والمستهلك.html,https://www.ezhalhe-sa.com/articles/توثيق-منصة-الأعمال-ضمان-حقوق-التاجر-والمستهلك.html,unchanged
articles/حلول-الدفع-الآمنة-كيف-تحمي-متجرك-وعملائك.html,https://www.ezhalhe-sa.com/articles/حلول-الدفع-الآمنة-كيف-تحمي-متجرك-وعملائك.html,https://www.ezhalhe-sa.com/articles/حلول-الدفع-الآمنة-كيف-تحمي-متجرك-وعملائك.html,unchanged
articles/خدمات-الإدارة-الاحترافية-للحملات-الإعلانية-تحقيق-أفضل-النتائج.html,https://www.ezhalhe-sa.com/articles/خدمات-الإدارة-الاحترافية-للحملات-الإعلانية-تحقيق-أفضل-النتائج.html,https://www.ezhalhe-sa.com/articles/خدمات-الإدارة-الاحترافية-للحملات-الإعلانية-تحقيق-أفضل-النتائج.html,unchanged
articles/خدمات-الإدارة-المتكاملة-للمتجر-والتسويق-الرقمي-ما-الذي-تقدمه.html,https://www.ezhalhe-sa.com/articles/خدمات-الإدارة-المتكاملة-للمتجر-والتسويق-الرقمي-ما-الذي-تقدمه.html,https://www.ezhalhe-sa.com/articles/خدمات-الإدارة-المتكاملة-للمتجر-والتسويق-الرقمي-ما-الذي-تقدمه.html,unchanged
articles/خدمات-الدعم-الفني-لتوثيق-متجرك-في-منصة-الأعمال.html,https://www.ezhalhe-sa.com/articles/خدمات-الدعم-الفني-لتوثيق-متجرك-في-منصة-الأعمال.html,https://www.ezhalhe-sa.com/articles/خدمات-الدعم-الفني-لتوثيق-متجرك-في-منصة-الأعمال.html,unchanged
articles/خدمات-المساعدة-في-استخراج-وثيقة-العمل-الحر-توفير-الوقت-والجهد.html,https://www.ezhalhe-sa.com/articles/خدمات-المساعدة-في-استخراج-وثيقة-العمل-الحر-توفير-الوقت-والجهد.html,https://www.ezhalhe-sa.com/articles/خدمات-المساعدة-في-استخراج-وثيقة-العمل-الحر-توفير-الوقت-والجهد.html,unchanged
articles/خدمات-المساعدة-في-تفعيل-بوابات-الدفع-ضمان-التكامل-السريع.html,https://www.ezhalhe-sa.com/articles/خدمات-المساعدة-في-تفعيل-بوابات-الدفع-ضمان-التكامل-السريع.html,https://www.ezhalhe-sa.com/articles/خدمات-المساعدة-في-تفعيل-بوابات-الدفع-ضمان-التكامل-السريع.html,unchanged
articles/خدمات-المساعدة-في-تفعيل-تابي-وتمارا-ضمان-القبول-السريع.html,https://www.ezhalhe-sa.com/articles/خدمات-المساعدة-في-تفعيل-تابي-وتمارا-ضمان-القبول-السريع.html,https://www.ezhalhe-sa.com/articles/خدمات-المساعدة-في-تفعيل-تابي-وتمارا-ضمان-القبول-السريع.html,unchanged
articles/خدمات-المساعدة-في-توثيق-متجرك-على-سلة-ضمان-القبول-السريع.html,https://www.ezhalhe-sa.com/articles/خدمات-المساعدة-في-توثيق-متجرك-على-سلة-ضمان-القبول-السريع.html,https://www.ezhalhe-sa.com/articles/خدمات-المساعدة-في-توثيق-متجرك-على-سلة-ضمان-القبول-السريع.html,unchanged
articles/خطوات-التسجيل-وتفعيل-بوابة-الدفع-ميس-mees-على-متجرك.html,https://www.ezhalhe-sa.com/articles/خطوات-التسجيل-وتفعيل-بوابة-الدفع-ميس-mees-على-متجرك.html,https://www.ezhalhe-sa.com/articles/خطوات-التسجيل-وتفعيل-بوابة-الدفع-ميس-mees-على-متجرك.html,unchanged
articles/خطوات-فتح-حساب-بنكي-إلكتروني-للأفراد-والمؤسسات.html,https://www.ezhalhe-sa.com/articles/خطوات-فتح-حساب-بنكي-إلكتروني-للأفراد-والمؤسسات.html,https://www.ezhalhe-sa.com/articles/خطوات-فتح-حساب-بنكي-إلكتروني-للأفراد-والمؤسسات.html,unchanged
articles/دليل-تفعيل-بوابة-الدفع-مدفوع-madfou-للمتاجر-الناشئة.html,https://www.ezhalhe-sa.com/articles/دليل-تفعيل-بوابة-الدفع-مدفوع-madfou-للمتاجر-الناشئة.html,https://www.ezhalhe-sa.com/articles/دليل-تفعيل-بوابة-الدفع-مدفوع-madfou-للمتاجر-الناشئة.html,unchanged
articles/دليل-تفعيل-تابي-وتمارا-للمتاجر-التي-تعمل-بدون-سجل-تجاري.html,https://www.ezhalhe-sa.com/articles/دليل-تفعيل-تابي-وتمارا-للمتاجر-التي-تعمل-بدون-سجل-تجاري.html,https://www.ezhalhe-sa.com/articles/دليل-تفعيل-تابي-وتمارا-للمتاجر-التي-تعمل-بدون-سجل-تجاري.html,unchanged
articles/دور-الهوية-البصرية-في-نجاح-متجرك-الإلكتروني-الاحترافي.html,https://www.ezhalhe-sa.com/articles/دور-الهوية-البصرية-في-نجاح-متجرك-الإلكتروني-الاحترافي.html,https://www.ezhalhe-sa.com/articles/دور-الهوية-البصرية-في-نجاح-متجرك-الإلكتروني-الاحترافي.html,unchanged
articles/دور-تحسين-seo-في-دعم-أداء-حملاتك-الإعلانية.html,https://www.ezhalhe-sa.com/articles/دور-تحسين-seo-في-دعم-أداء-حملاتك-الإعلانية.html,https://www.ezhalhe-sa.com/articles/دور-تحسين-seo-في-دعم-أداء-حملاتك-الإعلانية.html,unchanged
articles/دور-تخصيص-css-في-تصميم-متجر-سلة-احترافي-ومميز.html,https://www.ezhalhe-sa.com/articles/دور-تخصيص-css-في-تصميم-متجر-سلة-احترافي-ومميز.html,https://www.ezhalhe-sa.com/articles/دور-تخصيص-css-في-تصميم-متجر-سلة-احترافي-ومميز.html,unchanged
articles/ربط-متجرك-بـ-google-merchant-center-خطوات-لزيادة-الظهور.html,https://www.ezhalhe-sa.com/articles/ربط-متجرك-بـ-google-merchant-center-خطوات-لزيادة-الظهور.html,https://www.ezhalhe-sa.com/articles/ربط-متجرك-بـ-google-merchant-center-خطوات-لزيادة-الظهور.html,unchanged
articles/عناصر-التصميم-التي-تزيد-من-معدل-التحويل-في-المتاجر-الإلكترونية.html,https://www.ezhalhe-sa.com/articles/عناصر-التصميم-التي-تزيد-من-معدل-التحويل-في-المتاجر-الإلكترونية.html,https://www.ezhalhe-sa.com/articles/عناصر-التصميم-التي-تزيد-من-معدل-التحويل-في-المتاجر-الإلكترونية.html,unchanged
articles/فتح-حساب-بنكي-للمشاريع-الناشئة-دليل-خطوة-بخطوة.html,https://www.ezhalhe-sa.com/articles/فتح-حساب-بنكي-للمشاريع-الناشئة-دليل-خطوة-بخطوة.html,https://www.ezhalhe-sa.com/articles/فتح-حساب-بنكي-للمشاريع-الناشئة-دليل-خطوة-بخطوة.html,unchanged
articles/كيف-تختار-قالب-متجر-زد-المناسب-لمنتجاتك-دليل-عملي.html,https://www.ezhalhe-sa.com/articles/كيف-تختار-قالب-متجر-زد-المناسب-لمنتجاتك-دليل-عملي.html,https://www.ezhalhe-sa.com/articles/كيف-تختار-قالب-متجر-زد-المناسب-لمنتجاتك-دليل-عملي.html,unchanged
articles/كيف-تخطط-لحملة-إعلانية-ناجحة-لمتجرك-الإلكتروني.html,https://www.ezhalhe-sa.com/articles/كيف-تخطط-لحملة-إعلانية-ناجحة-لمتجرك-الإلكتروني.html,https://www.ezhalhe-sa.com/articles/كيف-تخطط-لحملة-إعلانية-ناجحة-لمتجرك-الإلكتروني.html,unchanged
articles/كيف-تساعد-وثيقة-العمل-الحر-في-توثيق-متجرك-على-منصتي-سلة-وزد.html,https://www.ezhalhe-sa.com/articles/كيف-تساعد-وثيقة-العمل-الحر-في-توثيق-متجرك-على-منصتي-سلة-وزد.html,https://www.ezhalhe-sa.com/articles/كيف-تساعد-وثيقة-العمل-الحر-في-توثيق-متجرك-على-منصتي-سلة-وزد.html,unchanged
articles/كيف-تضمن-إدارة-متجرك-الإلكتروني-بكفاءة-عالية-لمدة-شهر.html,https://www.ezhalhe-sa.com/articles/كيف-تضمن-إدارة-متجرك-الإلكتروني-بكفاءة-عالية-لمدة-شهر.html,https://www.ezhalhe-sa.com/articles/كيف-تضمن-إدارة-متجرك-الإلكتروني-بكفاءة-عالية-لمدة-شهر.html,unchanged
articles/كيف-يؤثر-الدفع-الآجل-على-سلة-المشتريات-وقيمة-الطلب-المتوسطة.html,https://www.ezhalhe-sa.com/articles/كيف-يؤثر-الدفع-الآجل-على-سلة-المشتريات-وقيمة-الطلب-المتوسطة.html,https://www.ezhalhe-sa.com/articles/كيف-يؤثر-الدفع-الآجل-على-سلة-المشتريات-وقيمة-الطلب-المتوسطة.html,unchanged
articles/كيف-يؤثر-توثيق-المتجر-على-تحسين-محركات-البحث-seo-لمتجرك.html,https://www.ezhalhe-sa.com/articles/كيف-يؤثر-توثيق-المتجر-على-تحسين-محركات-البحث-seo-لمتجرك.html,https://www.ezhalhe-sa.com/articles/كيف-يؤثر-توثيق-المتجر-على-تحسين-محركات-البحث-seo-لمتجرك.html,unchanged
articles/كيف-يؤثر-توثيق-منصة-الأعمال-على-التعاملات-المالية-والحساب-البنكي.html,https://www.ezhalhe-sa.com/articles/كيف-يؤثر-توثيق-منصة-الأعمال-على-التعاملات-المالية-والحساب-البنكي.html,https://www.ezhalhe-sa.com/articles/كيف-يؤثر-توثيق-منصة-الأعمال-على-التعاملات-المالية-والحساب-البنكي.html,unchanged
articles/كيف-يسهل-الحساب-البنكي-التجاري-عملية-توثيق-متجرك-الإلكتروني.html,https://www.ezhalhe-sa.com/articles/كيف-يسهل-الحساب-البنكي-التجاري-عملية-توثيق-متجرك-الإلكتروني.html,https://www.ezhalhe-sa.com/articles/كيف-يسهل-الحساب-البنكي-التجاري-عملية-توثيق-متجرك-الإلكتروني.html,unchanged
articles/كيفية-تجديد-وثيقة-العمل-الحر-وتعديل-بياناتها.html,https://www.ezhalhe-sa.com/articles/كيفية-تجديد-وثيقة-العمل-الحر-وتعديل-بياناتها.html,https://www.ezhalhe-sa.com/articles/كيفية-تجديد-وثيقة-العمل-الحر-وتعديل-بياناتها.html,unchanged
articles/كيفية-تصميم-متجر-إلكتروني-احترافي-على-منصة-سلة-وزد.html,https://www.ezhalhe-sa.com/articles/كيفية-تصميم-متجر-إلكتروني-احترافي-على-منصة-سلة-وزد.html,https://www.ezhalhe-sa.com/articles/كيفية-تصميم-متجر-إلكتروني-احترافي-على-منصة-سلة-وزد.html,unchanged
articles/كيفية-ربط-بوابة-الدفع-إمكان-imkan-بمتجرك-على-سلة-أو-زد.html,https://www.ezhalhe-sa.com/articles/كيفية-ربط-بوابة-الدفع-إمكان-imkan-بمتجرك-على-سلة-أو-زد.html,https://www.ezhalhe-sa.com/articles/كيفية-ربط-بوابة-الدفع-إمكان-imkan-بمتجرك-على-سلة-أو-زد.html,unchanged
articles/ما-هي-وثيقة-العمل-الحر-وأهميتها-لأصحاب-المتاجر-الإلكترونية.html,https://www.ezhalhe-sa.com/articles/ما-هي-وثيقة-العمل-الحر-وأهميتها-لأصحاب-المتاجر-الإلكترونية.html,https://www.ezhalhe-sa.com/articles/ما-هي-وثيقة-العمل-الحر-وأهميتها-لأصحاب-المتاجر-الإلكترونية.html,unchanged
articles/متطلبات-التوثيق-للمتاجر-التي-تعمل-على-منصات-سلة-وزد.html,https://www.ezhalhe-sa.com/articles/متطلبات-التوثيق-للمتاجر-التي-تعمل-على-منصات-سلة-وزد.html,https://www.ezhalhe-sa.com/articles/متطلبات-التوثيق-للمتاجر-التي-تعمل-على-منصات-سلة-وزد.html,unchanged
articles/مقارنة-بين-إجراءات-فتح-حساب-بنكي-تجاري-في-الراجحي-والإنماء.html,https://www.ezhalhe-sa.com/articles/مقارنة-بين-إجراءات-فتح-حساب-بنكي-تجاري-في-الراجحي-والإنماء.html,https://www.ezhalhe-sa.com/articles/مقارنة-بين-إجراءات-فتح-حساب-بنكي-تجاري-في-الراجحي-والإنماء.html,unchanged
articles/مقارنة-بين-بوابات-الدفع-الإلكتروني-ميس-مدفوع-وإمكان.html,https://www.ezhalhe-sa.com/articles/مقارنة-بين-بوابات-الدفع-الإلكتروني-ميس-مدفوع-وإمكان.html,https://www.ezhalhe-sa.com/articles/مقارنة-بين-بوابات-الدفع-الإلكتروني-ميس-مدفوع-وإمكان.html,unchanged
articles/مقارنة-بين-منصات-الإعلان-الرئيسية-جوجل-فيسبوك-سناب-شات.html,https://www.ezhalhe-sa.com/articles/مقارنة-بين-منصات-الإعلان-الرئيسية-جوجل-فيسبوك-سناب-شات.html,https://www.ezhalhe-sa.com/articles/مقارنة-بين-منصات-الإعلان-الرئيسية-جوجل-فيسبوك-سناب-شات.html,unchanged
articles/مقارنة-شاملة-بين-باقات-تصميم-متجر-سلة-بيسك-بلس-برو-ذهبية.html,https://www.ezhalhe-sa.com/articles/مقارنة-شاملة-بين-باقات-تصميم-متجر-سلة-بيسك-بلس-برو-ذهبية.html,https://www.ezhalhe-sa.com/articles/مقارنة-شاملة-بين-باقات-تصميم-متجر-سلة-بيسك-بلس-برو-ذهبية.html,unchanged
articles/نصائح-لتسريع-عملية-الموافقة-على-فتح-حساب-بنكي-للأعمال.html,https://www.ezhalhe-sa.com/articles/نصائح-لتسريع-عملية-الموافقة-على-فتح-حساب-بنكي-للأعمال.html,https://www.ezhalhe-sa.com/articles/نصائح-لتسريع-عملية-الموافقة-على-فتح-حساب-بنكي-للأعمال.html,unchanged
articles/وثيقة-العمل-الحر-دليل-لتحديد-النشاط-المناسب-لمتجرك.html,https://www.ezhalhe-sa.com/articles/وثيقة-العمل-الحر-دليل-لتحديد-النشاط-المناسب-لمتجرك.html,https://www.ezhalhe-sa.com/articles/وثيقة-العمل-الحر-دليل-لتحديد-النشاط-المناسب-لمتجرك.html,unchanged
articles/وثيقة-العمل-الحر-والالتزامات-الضريبية-ما-يجب-أن-تعرفه.html,https://www.ezhalhe-sa.com/articles/وثيقة-العمل-الحر-والالتزامات-الضريبية-ما-يجب-أن-تعرفه.html,https://www.ezhalhe-sa.com/articles/وثيقة-العمل-الحر-والالتزامات-الضريبية-ما-يجب-أن-تعرفه.html,unchanged
articles.html,https://www.ezhalhe-sa.com/articles.html,https://www.ezhalhe-sa.com/articles.html,unchanged
blog.html,https://www.ezhalhe-sa.com/blog.html,https://www.ezhalhe-sa.com/blog.html,unchanged
brand-building.html,https://www.ezhalhe-sa.com/brand-building.html,https://www.ezhalhe-sa.com/brand-building.html,unchanged
competitor-analysis.html,https://www.ezhalhe-sa.com/competitor-analysis.html,https://www.ezhalhe-sa.com/competitor-analysis.html,unchanged
digital-ads.html,https://www.ezhalhe-sa.com/digital-ads.html,https://www.ezhalhe-sa.com/digital-ads.html,unchanged
discount-salla-plus.html,https://www.ezhalhe-sa.com/discount-salla-plus.html,https://www.ezhalhe-sa.com/discount-salla-plus.html,unchanged
discount-salla-pro.html,https://www.ezhalhe-sa.com/discount-salla-pro.html,https://www.ezhalhe-sa.com/discount-salla-pro.html,unchanged
index.html,https://www.ezhalhe-sa.com/,https://www.ezhalhe-sa.com/,unchanged
product-marketing.html,https://www.ezhalhe-sa.com/product-marketing.html,https://www.ezhalhe-sa.com/product-marketing.html,unchanged
salla-store-design-dammam.html,https://www.ezhalhe-sa.com/salla-store-design-dammam.html,https://www.ezhalhe-sa.com/salla-store-design-dammam.html,unchanged
salla-store-design-jeddah.html,https://www.ezhalhe-sa.com/salla-store-design-jeddah.html,https://www.ezhalhe-sa.com/salla-store-design-jeddah.html,unchanged
salla-store-design-makkah.html,https://www.ezhalhe-sa.com/salla-store-design-makkah.html,https://www.ezhalhe-sa.com/salla-store-design-makkah.html,unchanged
salla-store-design-riyadh.html,https://www.ezhalhe-sa.com/salla-store-design-riyadh.html,https://www.ezhalhe-sa.com/salla-store-design-riyadh.html,unchanged
salla-store-design.html,https://www.ezhalhe-sa.com/salla-store-design.html,https://www.ezhalhe-sa.com/salla-store-design.html,unchanged
search-engine-optimization.html,https://www.ezhalhe-sa.com/search-engine-optimization.html,https://www.ezhalhe-sa.com/search-engine-optimization.html,unchanged
secure-payments.html,https://www.ezhalhe-sa.com/secure-payments.html,https://www.ezhalhe-sa.com/secure-payments.html,unchanged
store-verification.html,https://www.ezhalhe-sa.com/store-verification.html,https://www.ezhalhe-sa.com/store-verification.html,unchanged
zid-store-design.html,https://www.ezhalhe-sa.com/zid-store-design.html,https://www.ezhalhe-sa.com/zid-store-design.html,unchanged
