source,destination,status,reason,evidence
/index.html,https://www.ezhalhe-sa.com/,301,Consolidate the duplicate homepage URL,Search Console reports the apex /index.html as separately indexed
/data-analysis.html,https://www.ezhalhe-sa.com/articles/تحليل-أداء-المتجر-وحسابات-التواصل-الاجتماعي-مؤشرات-الأداء-الرئيسية-kpis.html,301,Replace a homepage redirect with the closest topical successor,Existing production redirect preserved with improved relevance
/articles/guide-design-store.html,https://www.ezhalhe-sa.com/salla-store-design.html,301,Preserve the legacy guide path with a relevant Salla service successor,Search Console 404 example
/articles/guide-design-store,https://www.ezhalhe-sa.com/salla-store-design.html,301,Cover the extensionless legacy guide variant,Redirect-normalization rule
/articles/service1-article1.html,https://www.ezhalhe-sa.com/articles/عناصر-التصميم-التي-تزيد-من-معدل-التحويل-في-المتاجر-الإلكترونية.html,301,Legacy blog reference mapped to the closest live topical page,Blog inventory and Search Console exclusion examples
/articles/service1-article1,https://www.ezhalhe-sa.com/articles/عناصر-التصميم-التي-تزيد-من-معدل-التحويل-في-المتاجر-الإلكترونية.html,301,Legacy blog reference mapped to the closest live topical page,Blog inventory and Search Console exclusion examples
/articles/service1-article2.html,https://www.ezhalhe-sa.com/articles/دور-الهوية-البصرية-في-نجاح-متجرك-الإلكتروني-الاحترافي.html,301,Legacy blog reference mapped to the closest live topical page,Blog inventory and Search Console exclusion examples
/articles/service1-article2,https://www.ezhalhe-sa.com/articles/دور-الهوية-البصرية-في-نجاح-متجرك-الإلكتروني-الاحترافي.html,301,Legacy blog reference mapped to the closest live topical page,Blog inventory and Search Console exclusion examples
/articles/service1-article3.html,https://www.ezhalhe-sa.com/articles/أسرار-تصميم-صفحات-المنتجات-الجذابة-على-منصة-سلة.html,301,Legacy blog reference mapped to the closest live topical page,Blog inventory and Search Console exclusion examples
/articles/service1-article3,https://www.ezhalhe-sa.com/articles/أسرار-تصميم-صفحات-المنتجات-الجذابة-على-منصة-سلة.html,301,Legacy blog reference mapped to the closest live topical page,Blog inventory and Search Console exclusion examples
/articles/service1-article4.html,https://www.ezhalhe-sa.com/articles/تحسين-seo-للمتاجر-الإلكترونية-على-سلة-دليل-شامل-للبداية.html,301,Legacy blog reference mapped to the closest live topical page,Blog inventory and Search Console exclusion examples
/articles/service1-article4,https://www.ezhalhe-sa.com/articles/تحسين-seo-للمتاجر-الإلكترونية-على-سلة-دليل-شامل-للبداية.html,301,Legacy blog reference mapped to the closest live topical page,Blog inventory and Search Console exclusion examples
/articles/service1-article5.html,https://www.ezhalhe-sa.com/articles/مقارنة-شاملة-بين-باقات-تصميم-متجر-سلة-بيسك-بلس-برو-ذهبية.html,301,Legacy blog reference mapped to the closest live topical page,Blog inventory and Search Console exclusion examples
/articles/service1-article5,https://www.ezhalhe-sa.com/articles/مقارنة-شاملة-بين-باقات-تصميم-متجر-سلة-بيسك-بلس-برو-ذهبية.html,301,Legacy blog reference mapped to the closest live topical page,Blog inventory and Search Console exclusion examples
/articles/service1-article6.html,https://www.ezhalhe-sa.com/articles/كيف-تختار-قالب-متجر-زد-المناسب-لمنتجاتك-دليل-عملي.html,301,Legacy blog reference mapped to the closest live topical page,Blog inventory and Search Console exclusion examples
/articles/service1-article6,https://www.ezhalhe-sa.com/articles/كيف-تختار-قالب-متجر-زد-المناسب-لمنتجاتك-دليل-عملي.html,301,Legacy blog reference mapped to the closest live topical page,Blog inventory and Search Console exclusion examples
/articles/service1-article7.html,https://www.ezhalhe-sa.com/articles/تصميم-متجر-إلكتروني-متوافق-مع-الجوال-mobile-first-design-على-زد.html,301,Legacy blog reference mapped to the closest live topical page,Blog inventory and Search Console exclusion examples
/articles/service1-article7,https://www.ezhalhe-sa.com/articles/تصميم-متجر-إلكتروني-متوافق-مع-الجوال-mobile-first-design-على-زد.html,301,Legacy blog reference mapped to the closest live topical page,Blog inventory and Search Console exclusion examples
/articles/service1-article8.html,https://www.ezhalhe-sa.com/articles/تصميم-تجربة-المستخدم-ux-في-متجرك-الإلكتروني-خطوات-التنفيذ.html,301,Legacy blog reference mapped to the closest live topical page,Blog inventory and Search Console exclusion examples
/articles/service1-article8,https://www.ezhalhe-sa.com/articles/تصميم-تجربة-المستخدم-ux-في-متجرك-الإلكتروني-خطوات-التنفيذ.html,301,Legacy blog reference mapped to the closest live topical page,Blog inventory and Search Console exclusion examples
/articles/service1-article9.html,https://www.ezhalhe-sa.com/articles/تصميم-متجر-إلكتروني-متوافق-مع-الجوال-mobile-first-design-على-زد.html,301,Legacy blog reference mapped to the closest live topical page,Blog inventory and Search Console exclusion examples
/articles/service1-article9,https://www.ezhalhe-sa.com/articles/تصميم-متجر-إلكتروني-متوافق-مع-الجوال-mobile-first-design-على-زد.html,301,Legacy blog reference mapped to the closest live topical page,Blog inventory and Search Console exclusion examples
/articles/service1-article10.html,https://www.ezhalhe-sa.com/articles/أخطاء-شائعة-في-تصميم-المتاجر-الإلكترونية-وكيفية-تجنبها.html,301,Legacy blog reference mapped to the closest live topical page,Blog inventory and Search Console exclusion examples
/articles/service1-article10,https://www.ezhalhe-sa.com/articles/أخطاء-شائعة-في-تصميم-المتاجر-الإلكترونية-وكيفية-تجنبها.html,301,Legacy blog reference mapped to the closest live topical page,Blog inventory and Search Console exclusion examples
/articles/service2-article1.html,https://www.ezhalhe-sa.com/articles/كيف-تضمن-إدارة-متجرك-الإلكتروني-بكفاءة-عالية-لمدة-شهر.html,301,Legacy blog reference mapped to the closest live topical page,Blog inventory and Search Console exclusion examples
/articles/service2-article1,https://www.ezhalhe-sa.com/articles/كيف-تضمن-إدارة-متجرك-الإلكتروني-بكفاءة-عالية-لمدة-شهر.html,301,Legacy blog reference mapped to the closest live topical page,Blog inventory and Search Console exclusion examples
/articles/service2-article2.html,https://www.ezhalhe-sa.com/store-verification.html,301,Legacy blog reference mapped to the closest live topical page,Blog inventory and Search Console exclusion examples
/articles/service2-article2,https://www.ezhalhe-sa.com/store-verification.html,301,Legacy blog reference mapped to the closest live topical page,Blog inventory and Search Console exclusion examples
/articles/service2-article3.html,https://www.ezhalhe-sa.com/secure-payments.html,301,Legacy blog reference mapped to the closest live topical page,Blog inventory and Search Console exclusion examples
/articles/service2-article3,https://www.ezhalhe-sa.com/secure-payments.html,301,Legacy blog reference mapped to the closest live topical page,Blog inventory and Search Console exclusion examples
/articles/service2-article4.html,https://www.ezhalhe-sa.com/articles/تحليل-أداء-المتجر-وحسابات-التواصل-الاجتماعي-مؤشرات-الأداء-الرئيسية-kpis.html,301,Legacy blog reference mapped to the closest live topical page,Blog inventory and Search Console exclusion examples
/articles/service2-article4,https://www.ezhalhe-sa.com/articles/تحليل-أداء-المتجر-وحسابات-التواصل-الاجتماعي-مؤشرات-الأداء-الرئيسية-kpis.html,301,Legacy blog reference mapped to the closest live topical page,Blog inventory and Search Console exclusion examples
/articles/service2-article5.html,https://www.ezhalhe-sa.com/product-marketing.html,301,Legacy blog reference mapped to the closest live topical page,Blog inventory and Search Console exclusion examples
/articles/service2-article5,https://www.ezhalhe-sa.com/product-marketing.html,301,Legacy blog reference mapped to the closest live topical page,Blog inventory and Search Console exclusion examples
/articles/service2-article6.html,https://www.ezhalhe-sa.com/search-engine-optimization.html,301,Legacy blog reference mapped to the closest live topical page,Blog inventory and Search Console exclusion examples
/articles/service2-article6,https://www.ezhalhe-sa.com/search-engine-optimization.html,301,Legacy blog reference mapped to the closest live topical page,Blog inventory and Search Console exclusion examples
/articles/service2-article7.html,https://www.ezhalhe-sa.com/articles/إدارة-خدمة-العملاء-عبر-التواصل-الاجتماعي-نصائح-لرضا-العميل.html,301,Legacy blog reference mapped to the closest live topical page,Blog inventory and Search Console exclusion examples
/articles/service2-article7,https://www.ezhalhe-sa.com/articles/إدارة-خدمة-العملاء-عبر-التواصل-الاجتماعي-نصائح-لرضا-العميل.html,301,Legacy blog reference mapped to the closest live topical page,Blog inventory and Search Console exclusion examples
/articles/service2-article8.html,https://www.ezhalhe-sa.com/competitor-analysis.html,301,Legacy blog reference mapped to the closest live topical page,Blog inventory and Search Console exclusion examples
/articles/service2-article8,https://www.ezhalhe-sa.com/competitor-analysis.html,301,Legacy blog reference mapped to the closest live topical page,Blog inventory and Search Console exclusion examples
/articles/service2-article9.html,https://www.ezhalhe-sa.com/digital-ads.html,301,Legacy blog reference mapped to the closest live topical page,Blog inventory and Search Console exclusion examples
/articles/service2-article9,https://www.ezhalhe-sa.com/digital-ads.html,301,Legacy blog reference mapped to the closest live topical page,Blog inventory and Search Console exclusion examples
/articles/service2-article10.html,https://www.ezhalhe-sa.com/brand-building.html,301,Legacy blog reference mapped to the closest live topical page,Blog inventory and Search Console exclusion examples
/articles/service2-article10,https://www.ezhalhe-sa.com/brand-building.html,301,Legacy blog reference mapped to the closest live topical page,Blog inventory and Search Console exclusion examples
/articles/service3-article1.html,https://www.ezhalhe-sa.com/articles/تصميم-متجر-احترافي-استراتيجيات-لتمييز-متجرك-عن-المنافسين.html,301,Legacy blog reference mapped to the closest live topical page,Blog inventory and Search Console exclusion examples
/articles/service3-article1,https://www.ezhalhe-sa.com/articles/تصميم-متجر-احترافي-استراتيجيات-لتمييز-متجرك-عن-المنافسين.html,301,Legacy blog reference mapped to the closest live topical page,Blog inventory and Search Console exclusion examples
/articles/service3-article2.html,https://www.ezhalhe-sa.com/articles/دور-الهوية-البصرية-في-نجاح-متجرك-الإلكتروني-الاحترافي.html,301,Legacy blog reference mapped to the closest live topical page,Blog inventory and Search Console exclusion examples
/articles/service3-article2,https://www.ezhalhe-sa.com/articles/دور-الهوية-البصرية-في-نجاح-متجرك-الإلكتروني-الاحترافي.html,301,Legacy blog reference mapped to the closest live topical page,Blog inventory and Search Console exclusion examples
/articles/service3-article3.html,https://www.ezhalhe-sa.com/articles/دور-الهوية-البصرية-في-نجاح-متجرك-الإلكتروني-الاحترافي.html,301,Legacy blog reference mapped to the closest live topical page,Blog inventory and Search Console exclusion examples
/articles/service3-article3,https://www.ezhalhe-sa.com/articles/دور-الهوية-البصرية-في-نجاح-متجرك-الإلكتروني-الاحترافي.html,301,Legacy blog reference mapped to the closest live topical page,Blog inventory and Search Console exclusion examples
/articles/service3-article4.html,https://www.ezhalhe-sa.com/brand-building.html,301,Legacy blog reference mapped to the closest live topical page,Blog inventory and Search Console exclusion examples
/articles/service3-article4,https://www.ezhalhe-sa.com/brand-building.html,301,Legacy blog reference mapped to the closest live topical page,Blog inventory and Search Console exclusion examples
/articles/service3-article5.html,https://www.ezhalhe-sa.com/articles/تحليل-أداء-المتجر-وحسابات-التواصل-الاجتماعي-مؤشرات-الأداء-الرئيسية-kpis.html,301,Legacy blog reference mapped to the closest live topical page,Blog inventory and Search Console exclusion examples
/articles/service3-article5,https://www.ezhalhe-sa.com/articles/تحليل-أداء-المتجر-وحسابات-التواصل-الاجتماعي-مؤشرات-الأداء-الرئيسية-kpis.html,301,Legacy blog reference mapped to the closest live topical page,Blog inventory and Search Console exclusion examples
/articles/service3-article6.html,https://www.ezhalhe-sa.com/brand-building.html,301,Legacy blog reference mapped to the closest live topical page,Blog inventory and Search Console exclusion examples
/articles/service3-article6,https://www.ezhalhe-sa.com/brand-building.html,301,Legacy blog reference mapped to the closest live topical page,Blog inventory and Search Console exclusion examples
/articles/service3-article7.html,https://www.ezhalhe-sa.com/articles/تصميم-تجربة-المستخدم-ux-في-متجرك-الإلكتروني-خطوات-التنفيذ.html,301,Legacy blog reference mapped to the closest live topical page,Blog inventory and Search Console exclusion examples
/articles/service3-article7,https://www.ezhalhe-sa.com/articles/تصميم-تجربة-المستخدم-ux-في-متجرك-الإلكتروني-خطوات-التنفيذ.html,301,Legacy blog reference mapped to the closest live topical page,Blog inventory and Search Console exclusion examples
/articles/service3-article8.html,https://www.ezhalhe-sa.com/articles/عناصر-التصميم-التي-تزيد-من-معدل-التحويل-في-المتاجر-الإلكترونية.html,301,Legacy blog reference mapped to the closest live topical page,Blog inventory and Search Console exclusion examples
/articles/service3-article8,https://www.ezhalhe-sa.com/articles/عناصر-التصميم-التي-تزيد-من-معدل-التحويل-في-المتاجر-الإلكترونية.html,301,Legacy blog reference mapped to the closest live topical page,Blog inventory and Search Console exclusion examples
/articles/service3-article9.html,https://www.ezhalhe-sa.com/articles/تصميم-متجر-احترافي-استراتيجيات-لتمييز-متجرك-عن-المنافسين.html,301,Legacy blog reference mapped to the closest live topical page,Blog inventory and Search Console exclusion examples
/articles/service3-article9,https://www.ezhalhe-sa.com/articles/تصميم-متجر-احترافي-استراتيجيات-لتمييز-متجرك-عن-المنافسين.html,301,Legacy blog reference mapped to the closest live topical page,Blog inventory and Search Console exclusion examples
/articles/service3-article10.html,https://www.ezhalhe-sa.com/articles/تصميم-متجر-إلكتروني-متوافق-مع-الجوال-mobile-first-design-على-زد.html,301,Legacy blog reference mapped to the closest live topical page,Blog inventory and Search Console exclusion examples
/articles/service3-article10,https://www.ezhalhe-sa.com/articles/تصميم-متجر-إلكتروني-متوافق-مع-الجوال-mobile-first-design-على-زد.html,301,Legacy blog reference mapped to the closest live topical page,Blog inventory and Search Console exclusion examples
/articles/service4-article1.html,https://www.ezhalhe-sa.com/articles/تصميم-متجر-احترافي-استراتيجيات-لتمييز-متجرك-عن-المنافسين.html,301,Legacy blog reference mapped to the closest live topical page,Blog inventory and Search Console exclusion examples
/articles/service4-article1,https://www.ezhalhe-sa.com/articles/تصميم-متجر-احترافي-استراتيجيات-لتمييز-متجرك-عن-المنافسين.html,301,Legacy blog reference mapped to the closest live topical page,Blog inventory and Search Console exclusion examples
/articles/service4-article2.html,https://www.ezhalhe-sa.com/articles/دور-الهوية-البصرية-في-نجاح-متجرك-الإلكتروني-الاحترافي.html,301,Legacy blog reference mapped to the closest live topical page,Blog inventory and Search Console exclusion examples
/articles/service4-article2,https://www.ezhalhe-sa.com/articles/دور-الهوية-البصرية-في-نجاح-متجرك-الإلكتروني-الاحترافي.html,301,Legacy blog reference mapped to the closest live topical page,Blog inventory and Search Console exclusion examples
/articles/service4-article3.html,https://www.ezhalhe-sa.com/articles/دور-الهوية-البصرية-في-نجاح-متجرك-الإلكتروني-الاحترافي.html,301,Legacy blog reference mapped to the closest live topical page,Blog inventory and Search Console exclusion examples
/articles/service4-article3,https://www.ezhalhe-sa.com/articles/دور-الهوية-البصرية-في-نجاح-متجرك-الإلكتروني-الاحترافي.html,301,Legacy blog reference mapped to the closest live topical page,Blog inventory and Search Console exclusion examples
/articles/service4-article4.html,https://www.ezhalhe-sa.com/brand-building.html,301,Legacy blog reference mapped to the closest live topical page,Blog inventory and Search Console exclusion examples
/articles/service4-article4,https://www.ezhalhe-sa.com/brand-building.html,301,Legacy blog reference mapped to the closest live topical page,Blog inventory and Search Console exclusion examples
/articles/service4-article5.html,https://www.ezhalhe-sa.com/articles/تحليل-أداء-المتجر-وحسابات-التواصل-الاجتماعي-مؤشرات-الأداء-الرئيسية-kpis.html,301,Legacy blog reference mapped to the closest live topical page,Blog inventory and Search Console exclusion examples
/articles/service4-article5,https://www.ezhalhe-sa.com/articles/تحليل-أداء-المتجر-وحسابات-التواصل-الاجتماعي-مؤشرات-الأداء-الرئيسية-kpis.html,301,Legacy blog reference mapped to the closest live topical page,Blog inventory and Search Console exclusion examples
/articles/service4-article6.html,https://www.ezhalhe-sa.com/brand-building.html,301,Legacy blog reference mapped to the closest live topical page,Blog inventory and Search Console exclusion examples
/articles/service4-article6,https://www.ezhalhe-sa.com/brand-building.html,301,Legacy blog reference mapped to the closest live topical page,Blog inventory and Search Console exclusion examples
/articles/service4-article7.html,https://www.ezhalhe-sa.com/articles/تصميم-تجربة-المستخدم-ux-في-متجرك-الإلكتروني-خطوات-التنفيذ.html,301,Legacy blog reference mapped to the closest live topical page,Blog inventory and Search Console exclusion examples
/articles/service4-article7,https://www.ezhalhe-sa.com/articles/تصميم-تجربة-المستخدم-ux-في-متجرك-الإلكتروني-خطوات-التنفيذ.html,301,Legacy blog reference mapped to the closest live topical page,Blog inventory and Search Console exclusion examples
/articles/service4-article8.html,https://www.ezhalhe-sa.com/articles/عناصر-التصميم-التي-تزيد-من-معدل-التحويل-في-المتاجر-الإلكترونية.html,301,Legacy blog reference mapped to the closest live topical page,Blog inventory and Search Console exclusion examples
/articles/service4-article8,https://www.ezhalhe-sa.com/articles/عناصر-التصميم-التي-تزيد-من-معدل-التحويل-في-المتاجر-الإلكترونية.html,301,Legacy blog reference mapped to the closest live topical page,Blog inventory and Search Console exclusion examples
/articles/service4-article9.html,https://www.ezhalhe-sa.com/articles/تصميم-متجر-احترافي-استراتيجيات-لتمييز-متجرك-عن-المنافسين.html,301,Legacy blog reference mapped to the closest live topical page,Blog inventory and Search Console exclusion examples
/articles/service4-article9,https://www.ezhalhe-sa.com/articles/تصميم-متجر-احترافي-استراتيجيات-لتمييز-متجرك-عن-المنافسين.html,301,Legacy blog reference mapped to the closest live topical page,Blog inventory and Search Console exclusion examples
/articles/service4-article10.html,https://www.ezhalhe-sa.com/articles/تصميم-متجر-إلكتروني-متوافق-مع-الجوال-mobile-first-design-على-زد.html,301,Legacy blog reference mapped to the closest live topical page,Blog inventory and Search Console exclusion examples
/articles/service4-article10,https://www.ezhalhe-sa.com/articles/تصميم-متجر-إلكتروني-متوافق-مع-الجوال-mobile-first-design-على-زد.html,301,Legacy blog reference mapped to the closest live topical page,Blog inventory and Search Console exclusion examples
/articles/service5-article1.html,https://www.ezhalhe-sa.com/articles/تصميم-متجر-احترافي-استراتيجيات-لتمييز-متجرك-عن-المنافسين.html,301,Legacy blog reference mapped to the closest live topical page,Blog inventory and Search Console exclusion examples
/articles/service5-article1,https://www.ezhalhe-sa.com/articles/تصميم-متجر-احترافي-استراتيجيات-لتمييز-متجرك-عن-المنافسين.html,301,Legacy blog reference mapped to the closest live topical page,Blog inventory and Search Console exclusion examples
/articles/service5-article2.html,https://www.ezhalhe-sa.com/articles/دور-الهوية-البصرية-في-نجاح-متجرك-الإلكتروني-الاحترافي.html,301,Legacy blog reference mapped to the closest live topical page,Blog inventory and Search Console exclusion examples
/articles/service5-article2,https://www.ezhalhe-sa.com/articles/دور-الهوية-البصرية-في-نجاح-متجرك-الإلكتروني-الاحترافي.html,301,Legacy blog reference mapped to the closest live topical page,Blog inventory and Search Console exclusion examples
/articles/service5-article3.html,https://www.ezhalhe-sa.com/articles/دور-الهوية-البصرية-في-نجاح-متجرك-الإلكتروني-الاحترافي.html,301,Legacy blog reference mapped to the closest live topical page,Blog inventory and Search Console exclusion examples
/articles/service5-article3,https://www.ezhalhe-sa.com/articles/دور-الهوية-البصرية-في-نجاح-متجرك-الإلكتروني-الاحترافي.html,301,Legacy blog reference mapped to the closest live topical page,Blog inventory and Search Console exclusion examples
/articles/service5-article4.html,https://www.ezhalhe-sa.com/brand-building.html,301,Legacy blog reference mapped to the closest live topical page,Blog inventory and Search Console exclusion examples
/articles/service5-article4,https://www.ezhalhe-sa.com/brand-building.html,301,Legacy blog reference mapped to the closest live topical page,Blog inventory and Search Console exclusion examples
/articles/service5-article5.html,https://www.ezhalhe-sa.com/articles/تحليل-أداء-المتجر-وحسابات-التواصل-الاجتماعي-مؤشرات-الأداء-الرئيسية-kpis.html,301,Legacy blog reference mapped to the closest live topical page,Blog inventory and Search Console exclusion examples
/articles/service5-article5,https://www.ezhalhe-sa.com/articles/تحليل-أداء-المتجر-وحسابات-التواصل-الاجتماعي-مؤشرات-الأداء-الرئيسية-kpis.html,301,Legacy blog reference mapped to the closest live topical page,Blog inventory and Search Console exclusion examples
/articles/service5-article6.html,https://www.ezhalhe-sa.com/brand-building.html,301,Legacy blog reference mapped to the closest live topical page,Blog inventory and Search Console exclusion examples
/articles/service5-article6,https://www.ezhalhe-sa.com/brand-building.html,301,Legacy blog reference mapped to the closest live topical page,Blog inventory and Search Console exclusion examples
/articles/service5-article7.html,https://www.ezhalhe-sa.com/articles/تصميم-تجربة-المستخدم-ux-في-متجرك-الإلكتروني-خطوات-التنفيذ.html,301,Legacy blog reference mapped to the closest live topical page,Blog inventory and Search Console exclusion examples
/articles/service5-article7,https://www.ezhalhe-sa.com/articles/تصميم-تجربة-المستخدم-ux-في-متجرك-الإلكتروني-خطوات-التنفيذ.html,301,Legacy blog reference mapped to the closest live topical page,Blog inventory and Search Console exclusion examples
/articles/service5-article8.html,https://www.ezhalhe-sa.com/articles/عناصر-التصميم-التي-تزيد-من-معدل-التحويل-في-المتاجر-الإلكترونية.html,301,Legacy blog reference mapped to the closest live topical page,Blog inventory and Search Console exclusion examples
/articles/service5-article8,https://www.ezhalhe-sa.com/articles/عناصر-التصميم-التي-تزيد-من-معدل-التحويل-في-المتاجر-الإلكترونية.html,301,Legacy blog reference mapped to the closest live topical page,Blog inventory and Search Console exclusion examples
/articles/service5-article9.html,https://www.ezhalhe-sa.com/articles/تصميم-متجر-احترافي-استراتيجيات-لتمييز-متجرك-عن-المنافسين.html,301,Legacy blog reference mapped to the closest live topical page,Blog inventory and Search Console exclusion examples
/articles/service5-article9,https://www.ezhalhe-sa.com/articles/تصميم-متجر-احترافي-استراتيجيات-لتمييز-متجرك-عن-المنافسين.html,301,Legacy blog reference mapped to the closest live topical page,Blog inventory and Search Console exclusion examples
/articles/service5-article10.html,https://www.ezhalhe-sa.com/articles/تصميم-متجر-إلكتروني-متوافق-مع-الجوال-mobile-first-design-على-زد.html,301,Legacy blog reference mapped to the closest live topical page,Blog inventory and Search Console exclusion examples
/articles/service5-article10,https://www.ezhalhe-sa.com/articles/تصميم-متجر-إلكتروني-متوافق-مع-الجوال-mobile-first-design-على-زد.html,301,Legacy blog reference mapped to the closest live topical page,Blog inventory and Search Console exclusion examples
/articles/service6-article1.html,https://www.ezhalhe-sa.com/articles/تصميم-متجر-احترافي-استراتيجيات-لتمييز-متجرك-عن-المنافسين.html,301,Legacy blog reference mapped to the closest live topical page,Blog inventory and Search Console exclusion examples
/articles/service6-article1,https://www.ezhalhe-sa.com/articles/تصميم-متجر-احترافي-استراتيجيات-لتمييز-متجرك-عن-المنافسين.html,301,Legacy blog reference mapped to the closest live topical page,Blog inventory and Search Console exclusion examples
/articles/service6-article2.html,https://www.ezhalhe-sa.com/articles/دور-الهوية-البصرية-في-نجاح-متجرك-الإلكتروني-الاحترافي.html,301,Legacy blog reference mapped to the closest live topical page,Blog inventory and Search Console exclusion examples
/articles/service6-article2,https://www.ezhalhe-sa.com/articles/دور-الهوية-البصرية-في-نجاح-متجرك-الإلكتروني-الاحترافي.html,301,Legacy blog reference mapped to the closest live topical page,Blog inventory and Search Console exclusion examples
/articles/service6-article3.html,https://www.ezhalhe-sa.com/articles/دور-الهوية-البصرية-في-نجاح-متجرك-الإلكتروني-الاحترافي.html,301,Legacy blog reference mapped to the closest live topical page,Blog inventory and Search Console exclusion examples
/articles/service6-article3,https://www.ezhalhe-sa.com/articles/دور-الهوية-البصرية-في-نجاح-متجرك-الإلكتروني-الاحترافي.html,301,Legacy blog reference mapped to the closest live topical page,Blog inventory and Search Console exclusion examples
/articles/service6-article4.html,https://www.ezhalhe-sa.com/brand-building.html,301,Legacy blog reference mapped to the closest live topical page,Blog inventory and Search Console exclusion examples
/articles/service6-article4,https://www.ezhalhe-sa.com/brand-building.html,301,Legacy blog reference mapped to the closest live topical page,Blog inventory and Search Console exclusion examples
/articles/service6-article5.html,https://www.ezhalhe-sa.com/articles/تحليل-أداء-المتجر-وحسابات-التواصل-الاجتماعي-مؤشرات-الأداء-الرئيسية-kpis.html,301,Legacy blog reference mapped to the closest live topical page,Blog inventory and Search Console exclusion examples
/articles/service6-article5,https://www.ezhalhe-sa.com/articles/تحليل-أداء-المتجر-وحسابات-التواصل-الاجتماعي-مؤشرات-الأداء-الرئيسية-kpis.html,301,Legacy blog reference mapped to the closest live topical page,Blog inventory and Search Console exclusion examples
/articles/service6-article6.html,https://www.ezhalhe-sa.com/brand-building.html,301,Legacy blog reference mapped to the closest live topical page,Blog inventory and Search Console exclusion examples
/articles/service6-article6,https://www.ezhalhe-sa.com/brand-building.html,301,Legacy blog reference mapped to the closest live topical page,Blog inventory and Search Console exclusion examples
/articles/service6-article7.html,https://www.ezhalhe-sa.com/articles/تصميم-تجربة-المستخدم-ux-في-متجرك-الإلكتروني-خطوات-التنفيذ.html,301,Legacy blog reference mapped to the closest live topical page,Blog inventory and Search Console exclusion examples
/articles/service6-article7,https://www.ezhalhe-sa.com/articles/تصميم-تجربة-المستخدم-ux-في-متجرك-الإلكتروني-خطوات-التنفيذ.html,301,Legacy blog reference mapped to the closest live topical page,Blog inventory and Search Console exclusion examples
/articles/service6-article8.html,https://www.ezhalhe-sa.com/articles/عناصر-التصميم-التي-تزيد-من-معدل-التحويل-في-المتاجر-الإلكترونية.html,301,Legacy blog reference mapped to the closest live topical page,Blog inventory and Search Console exclusion examples
/articles/service6-article8,https://www.ezhalhe-sa.com/articles/عناصر-التصميم-التي-تزيد-من-معدل-التحويل-في-المتاجر-الإلكترونية.html,301,Legacy blog reference mapped to the closest live topical page,Blog inventory and Search Console exclusion examples
/articles/service6-article9.html,https://www.ezhalhe-sa.com/articles/تصميم-متجر-احترافي-استراتيجيات-لتمييز-متجرك-عن-المنافسين.html,301,Legacy blog reference mapped to the closest live topical page,Blog inventory and Search Console exclusion examples
/articles/service6-article9,https://www.ezhalhe-sa.com/articles/تصميم-متجر-احترافي-استراتيجيات-لتمييز-متجرك-عن-المنافسين.html,301,Legacy blog reference mapped to the closest live topical page,Blog inventory and Search Console exclusion examples
/articles/service6-article10.html,https://www.ezhalhe-sa.com/articles/تصميم-متجر-إلكتروني-متوافق-مع-الجوال-mobile-first-design-على-زد.html,301,Legacy blog reference mapped to the closest live topical page,Blog inventory and Search Console exclusion examples
/articles/service6-article10,https://www.ezhalhe-sa.com/articles/تصميم-متجر-إلكتروني-متوافق-مع-الجوال-mobile-first-design-على-زد.html,301,Legacy blog reference mapped to the closest live topical page,Blog inventory and Search Console exclusion examples
/articles/service7-article1.html,https://www.ezhalhe-sa.com/articles/تصميم-متجر-احترافي-استراتيجيات-لتمييز-متجرك-عن-المنافسين.html,301,Legacy blog reference mapped to the closest live topical page,Blog inventory and Search Console exclusion examples
/articles/service7-article1,https://www.ezhalhe-sa.com/articles/تصميم-متجر-احترافي-استراتيجيات-لتمييز-متجرك-عن-المنافسين.html,301,Legacy blog reference mapped to the closest live topical page,Blog inventory and Search Console exclusion examples
/articles/service7-article2.html,https://www.ezhalhe-sa.com/articles/دور-الهوية-البصرية-في-نجاح-متجرك-الإلكتروني-الاحترافي.html,301,Legacy blog reference mapped to the closest live topical page,Blog inventory and Search Console exclusion examples
/articles/service7-article2,https://www.ezhalhe-sa.com/articles/دور-الهوية-البصرية-في-نجاح-متجرك-الإلكتروني-الاحترافي.html,301,Legacy blog reference mapped to the closest live topical page,Blog inventory and Search Console exclusion examples
/articles/service7-article3.html,https://www.ezhalhe-sa.com/articles/دور-الهوية-البصرية-في-نجاح-متجرك-الإلكتروني-الاحترافي.html,301,Legacy blog reference mapped to the closest live topical page,Blog inventory and Search Console exclusion examples
/articles/service7-article3,https://www.ezhalhe-sa.com/articles/دور-الهوية-البصرية-في-نجاح-متجرك-الإلكتروني-الاحترافي.html,301,Legacy blog reference mapped to the closest live topical page,Blog inventory and Search Console exclusion examples
/articles/service7-article4.html,https://www.ezhalhe-sa.com/brand-building.html,301,Legacy blog reference mapped to the closest live topical page,Blog inventory and Search Console exclusion examples
/articles/service7-article4,https://www.ezhalhe-sa.com/brand-building.html,301,Legacy blog reference mapped to the closest live topical page,Blog inventory and Search Console exclusion examples
/articles/service7-article5.html,https://www.ezhalhe-sa.com/articles/تحليل-أداء-المتجر-وحسابات-التواصل-الاجتماعي-مؤشرات-الأداء-الرئيسية-kpis.html,301,Legacy blog reference mapped to the closest live topical page,Blog inventory and Search Console exclusion examples
/articles/service7-article5,https://www.ezhalhe-sa.com/articles/تحليل-أداء-المتجر-وحسابات-التواصل-الاجتماعي-مؤشرات-الأداء-الرئيسية-kpis.html,301,Legacy blog reference mapped to the closest live topical page,Blog inventory and Search Console exclusion examples
/articles/service7-article6.html,https://www.ezhalhe-sa.com/brand-building.html,301,Legacy blog reference mapped to the closest live topical page,Blog inventory and Search Console exclusion examples
/articles/service7-article6,https://www.ezhalhe-sa.com/brand-building.html,301,Legacy blog reference mapped to the closest live topical page,Blog inventory and Search Console exclusion examples
/articles/service7-article7.html,https://www.ezhalhe-sa.com/articles/تصميم-تجربة-المستخدم-ux-في-متجرك-الإلكتروني-خطوات-التنفيذ.html,301,Legacy blog reference mapped to the closest live topical page,Blog inventory and Search Console exclusion examples
/articles/service7-article7,https://www.ezhalhe-sa.com/articles/تصميم-تجربة-المستخدم-ux-في-متجرك-الإلكتروني-خطوات-التنفيذ.html,301,Legacy blog reference mapped to the closest live topical page,Blog inventory and Search Console exclusion examples
/articles/service7-article8.html,https://www.ezhalhe-sa.com/articles/عناصر-التصميم-التي-تزيد-من-معدل-التحويل-في-المتاجر-الإلكترونية.html,301,Legacy blog reference mapped to the closest live topical page,Blog inventory and Search Console exclusion examples
/articles/service7-article8,https://www.ezhalhe-sa.com/articles/عناصر-التصميم-التي-تزيد-من-معدل-التحويل-في-المتاجر-الإلكترونية.html,301,Legacy blog reference mapped to the closest live topical page,Blog inventory and Search Console exclusion examples
/articles/service7-article9.html,https://www.ezhalhe-sa.com/articles/تصميم-متجر-احترافي-استراتيجيات-لتمييز-متجرك-عن-المنافسين.html,301,Legacy blog reference mapped to the closest live topical page,Blog inventory and Search Console exclusion examples
/articles/service7-article9,https://www.ezhalhe-sa.com/articles/تصميم-متجر-احترافي-استراتيجيات-لتمييز-متجرك-عن-المنافسين.html,301,Legacy blog reference mapped to the closest live topical page,Blog inventory and Search Console exclusion examples
/articles/service7-article10.html,https://www.ezhalhe-sa.com/articles/تصميم-متجر-إلكتروني-متوافق-مع-الجوال-mobile-first-design-على-زد.html,301,Legacy blog reference mapped to the closest live topical page,Blog inventory and Search Console exclusion examples
/articles/service7-article10,https://www.ezhalhe-sa.com/articles/تصميم-متجر-إلكتروني-متوافق-مع-الجوال-mobile-first-design-على-زد.html,301,Legacy blog reference mapped to the closest live topical page,Blog inventory and Search Console exclusion examples
/articles/service8-article1.html,https://www.ezhalhe-sa.com/articles/تصميم-متجر-احترافي-استراتيجيات-لتمييز-متجرك-عن-المنافسين.html,301,Legacy blog reference mapped to the closest live topical page,Blog inventory and Search Console exclusion examples
/articles/service8-article1,https://www.ezhalhe-sa.com/articles/تصميم-متجر-احترافي-استراتيجيات-لتمييز-متجرك-عن-المنافسين.html,301,Legacy blog reference mapped to the closest live topical page,Blog inventory and Search Console exclusion examples
/articles/service8-article2.html,https://www.ezhalhe-sa.com/articles/دور-الهوية-البصرية-في-نجاح-متجرك-الإلكتروني-الاحترافي.html,301,Legacy blog reference mapped to the closest live topical page,Blog inventory and Search Console exclusion examples
/articles/service8-article2,https://www.ezhalhe-sa.com/articles/دور-الهوية-البصرية-في-نجاح-متجرك-الإلكتروني-الاحترافي.html,301,Legacy blog reference mapped to the closest live topical page,Blog inventory and Search Console exclusion examples
/articles/service8-article3.html,https://www.ezhalhe-sa.com/articles/دور-الهوية-البصرية-في-نجاح-متجرك-الإلكتروني-الاحترافي.html,301,Legacy blog reference mapped to the closest live topical page,Blog inventory and Search Console exclusion examples
/articles/service8-article3,https://www.ezhalhe-sa.com/articles/دور-الهوية-البصرية-في-نجاح-متجرك-الإلكتروني-الاحترافي.html,301,Legacy blog reference mapped to the closest live topical page,Blog inventory and Search Console exclusion examples
/articles/service8-article4.html,https://www.ezhalhe-sa.com/brand-building.html,301,Legacy blog reference mapped to the closest live topical page,Blog inventory and Search Console exclusion examples
/articles/service8-article4,https://www.ezhalhe-sa.com/brand-building.html,301,Legacy blog reference mapped to the closest live topical page,Blog inventory and Search Console exclusion examples
/articles/service8-article5.html,https://www.ezhalhe-sa.com/articles/تحليل-أداء-المتجر-وحسابات-التواصل-الاجتماعي-مؤشرات-الأداء-الرئيسية-kpis.html,301,Legacy blog reference mapped to the closest live topical page,Blog inventory and Search Console exclusion examples
/articles/service8-article5,https://www.ezhalhe-sa.com/articles/تحليل-أداء-المتجر-وحسابات-التواصل-الاجتماعي-مؤشرات-الأداء-الرئيسية-kpis.html,301,Legacy blog reference mapped to the closest live topical page,Blog inventory and Search Console exclusion examples
/articles/service8-article6.html,https://www.ezhalhe-sa.com/brand-building.html,301,Legacy blog reference mapped to the closest live topical page,Blog inventory and Search Console exclusion examples
/articles/service8-article6,https://www.ezhalhe-sa.com/brand-building.html,301,Legacy blog reference mapped to the closest live topical page,Blog inventory and Search Console exclusion examples
/articles/service8-article7.html,https://www.ezhalhe-sa.com/articles/تصميم-تجربة-المستخدم-ux-في-متجرك-الإلكتروني-خطوات-التنفيذ.html,301,Legacy blog reference mapped to the closest live topical page,Blog inventory and Search Console exclusion examples
/articles/service8-article7,https://www.ezhalhe-sa.com/articles/تصميم-تجربة-المستخدم-ux-في-متجرك-الإلكتروني-خطوات-التنفيذ.html,301,Legacy blog reference mapped to the closest live topical page,Blog inventory and Search Console exclusion examples
/articles/service8-article8.html,https://www.ezhalhe-sa.com/articles/عناصر-التصميم-التي-تزيد-من-معدل-التحويل-في-المتاجر-الإلكترونية.html,301,Legacy blog reference mapped to the closest live topical page,Blog inventory and Search Console exclusion examples
/articles/service8-article8,https://www.ezhalhe-sa.com/articles/عناصر-التصميم-التي-تزيد-من-معدل-التحويل-في-المتاجر-الإلكترونية.html,301,Legacy blog reference mapped to the closest live topical page,Blog inventory and Search Console exclusion examples
/articles/service8-article9.html,https://www.ezhalhe-sa.com/articles/تصميم-متجر-احترافي-استراتيجيات-لتمييز-متجرك-عن-المنافسين.html,301,Legacy blog reference mapped to the closest live topical page,Blog inventory and Search Console exclusion examples
/articles/service8-article9,https://www.ezhalhe-sa.com/articles/تصميم-متجر-احترافي-استراتيجيات-لتمييز-متجرك-عن-المنافسين.html,301,Legacy blog reference mapped to the closest live topical page,Blog inventory and Search Console exclusion examples
/articles/service8-article10.html,https://www.ezhalhe-sa.com/articles/تصميم-متجر-إلكتروني-متوافق-مع-الجوال-mobile-first-design-على-زد.html,301,Legacy blog reference mapped to the closest live topical page,Blog inventory and Search Console exclusion examples
/articles/service8-article10,https://www.ezhalhe-sa.com/articles/تصميم-متجر-إلكتروني-متوافق-مع-الجوال-mobile-first-design-على-زد.html,301,Legacy blog reference mapped to the closest live topical page,Blog inventory and Search Console exclusion examples
/articles/service9-article1.html,https://www.ezhalhe-sa.com/articles/تصميم-متجر-احترافي-استراتيجيات-لتمييز-متجرك-عن-المنافسين.html,301,Legacy blog reference mapped to the closest live topical page,Blog inventory and Search Console exclusion examples
/articles/service9-article1,https://www.ezhalhe-sa.com/articles/تصميم-متجر-احترافي-استراتيجيات-لتمييز-متجرك-عن-المنافسين.html,301,Legacy blog reference mapped to the closest live topical page,Blog inventory and Search Console exclusion examples
/articles/service9-article2.html,https://www.ezhalhe-sa.com/articles/دور-الهوية-البصرية-في-نجاح-متجرك-الإلكتروني-الاحترافي.html,301,Legacy blog reference mapped to the closest live topical page,Blog inventory and Search Console exclusion examples
/articles/service9-article2,https://www.ezhalhe-sa.com/articles/دور-الهوية-البصرية-في-نجاح-متجرك-الإلكتروني-الاحترافي.html,301,Legacy blog reference mapped to the closest live topical page,Blog inventory and Search Console exclusion examples
/articles/service9-article3.html,https://www.ezhalhe-sa.com/articles/دور-الهوية-البصرية-في-نجاح-متجرك-الإلكتروني-الاحترافي.html,301,Legacy blog reference mapped to the closest live topical page,Blog inventory and Search Console exclusion examples
/articles/service9-article3,https://www.ezhalhe-sa.com/articles/دور-الهوية-البصرية-في-نجاح-متجرك-الإلكتروني-الاحترافي.html,301,Legacy blog reference mapped to the closest live topical page,Blog inventory and Search Console exclusion examples
/articles/service9-article4.html,https://www.ezhalhe-sa.com/brand-building.html,301,Legacy blog reference mapped to the closest live topical page,Blog inventory and Search Console exclusion examples
/articles/service9-article4,https://www.ezhalhe-sa.com/brand-building.html,301,Legacy blog reference mapped to the closest live topical page,Blog inventory and Search Console exclusion examples
/articles/service9-article5.html,https://www.ezhalhe-sa.com/articles/تحليل-أداء-المتجر-وحسابات-التواصل-الاجتماعي-مؤشرات-الأداء-الرئيسية-kpis.html,301,Legacy blog reference mapped to the closest live topical page,Blog inventory and Search Console exclusion examples
/articles/service9-article5,https://www.ezhalhe-sa.com/articles/تحليل-أداء-المتجر-وحسابات-التواصل-الاجتماعي-مؤشرات-الأداء-الرئيسية-kpis.html,301,Legacy blog reference mapped to the closest live topical page,Blog inventory and Search Console exclusion examples
/articles/service9-article6.html,https://www.ezhalhe-sa.com/brand-building.html,301,Legacy blog reference mapped to the closest live topical page,Blog inventory and Search Console exclusion examples
/articles/service9-article6,https://www.ezhalhe-sa.com/brand-building.html,301,Legacy blog reference mapped to the closest live topical page,Blog inventory and Search Console exclusion examples
/articles/service9-article7.html,https://www.ezhalhe-sa.com/articles/تصميم-تجربة-المستخدم-ux-في-متجرك-الإلكتروني-خطوات-التنفيذ.html,301,Legacy blog reference mapped to the closest live topical page,Blog inventory and Search Console exclusion examples
/articles/service9-article7,https://www.ezhalhe-sa.com/articles/تصميم-تجربة-المستخدم-ux-في-متجرك-الإلكتروني-خطوات-التنفيذ.html,301,Legacy blog reference mapped to the closest live topical page,Blog inventory and Search Console exclusion examples
/articles/service9-article8.html,https://www.ezhalhe-sa.com/articles/عناصر-التصميم-التي-تزيد-من-معدل-التحويل-في-المتاجر-الإلكترونية.html,301,Legacy blog reference mapped to the closest live topical page,Blog inventory and Search Console exclusion examples
/articles/service9-article8,https://www.ezhalhe-sa.com/articles/عناصر-التصميم-التي-تزيد-من-معدل-التحويل-في-المتاجر-الإلكترونية.html,301,Legacy blog reference mapped to the closest live topical page,Blog inventory and Search Console exclusion examples
/articles/service9-article9.html,https://www.ezhalhe-sa.com/articles/تصميم-متجر-احترافي-استراتيجيات-لتمييز-متجرك-عن-المنافسين.html,301,Legacy blog reference mapped to the closest live topical page,Blog inventory and Search Console exclusion examples
/articles/service9-article9,https://www.ezhalhe-sa.com/articles/تصميم-متجر-احترافي-استراتيجيات-لتمييز-متجرك-عن-المنافسين.html,301,Legacy blog reference mapped to the closest live topical page,Blog inventory and Search Console exclusion examples
/articles/service9-article10.html,https://www.ezhalhe-sa.com/articles/تصميم-متجر-إلكتروني-متوافق-مع-الجوال-mobile-first-design-على-زد.html,301,Legacy blog reference mapped to the closest live topical page,Blog inventory and Search Console exclusion examples
/articles/service9-article10,https://www.ezhalhe-sa.com/articles/تصميم-متجر-إلكتروني-متوافق-مع-الجوال-mobile-first-design-على-زد.html,301,Legacy blog reference mapped to the closest live topical page,Blog inventory and Search Console exclusion examples
/articles/service10-article1.html,https://www.ezhalhe-sa.com/articles/كيف-تضمن-إدارة-متجرك-الإلكتروني-بكفاءة-عالية-لمدة-شهر.html,301,Legacy blog reference mapped to the closest live topical page,Blog inventory and Search Console exclusion examples
/articles/service10-article1,https://www.ezhalhe-sa.com/articles/كيف-تضمن-إدارة-متجرك-الإلكتروني-بكفاءة-عالية-لمدة-شهر.html,301,Legacy blog reference mapped to the closest live topical page,Blog inventory and Search Console exclusion examples
/articles/service10-article2.html,https://www.ezhalhe-sa.com/store-verification.html,301,Legacy blog reference mapped to the closest live topical page,Blog inventory and Search Console exclusion examples
/articles/service10-article2,https://www.ezhalhe-sa.com/store-verification.html,301,Legacy blog reference mapped to the closest live topical page,Blog inventory and Search Console exclusion examples
/articles/service10-article3.html,https://www.ezhalhe-sa.com/secure-payments.html,301,Legacy blog reference mapped to the closest live topical page,Blog inventory and Search Console exclusion examples
/articles/service10-article3,https://www.ezhalhe-sa.com/secure-payments.html,301,Legacy blog reference mapped to the closest live topical page,Blog inventory and Search Console exclusion examples
/articles/service10-article4.html,https://www.ezhalhe-sa.com/articles/تحليل-أداء-المتجر-وحسابات-التواصل-الاجتماعي-مؤشرات-الأداء-الرئيسية-kpis.html,301,Legacy blog reference mapped to the closest live topical page,Blog inventory and Search Console exclusion examples
/articles/service10-article4,https://www.ezhalhe-sa.com/articles/تحليل-أداء-المتجر-وحسابات-التواصل-الاجتماعي-مؤشرات-الأداء-الرئيسية-kpis.html,301,Legacy blog reference mapped to the closest live topical page,Blog inventory and Search Console exclusion examples
/articles/service10-article5.html,https://www.ezhalhe-sa.com/product-marketing.html,301,Legacy blog reference mapped to the closest live topical page,Blog inventory and Search Console exclusion examples
/articles/service10-article5,https://www.ezhalhe-sa.com/product-marketing.html,301,Legacy blog reference mapped to the closest live topical page,Blog inventory and Search Console exclusion examples
/articles/service10-article6.html,https://www.ezhalhe-sa.com/search-engine-optimization.html,301,Legacy blog reference mapped to the closest live topical page,Blog inventory and Search Console exclusion examples
/articles/service10-article6,https://www.ezhalhe-sa.com/search-engine-optimization.html,301,Legacy blog reference mapped to the closest live topical page,Blog inventory and Search Console exclusion examples
/articles/service10-article7.html,https://www.ezhalhe-sa.com/articles/إدارة-خدمة-العملاء-عبر-التواصل-الاجتماعي-نصائح-لرضا-العميل.html,301,Legacy blog reference mapped to the closest live topical page,Blog inventory and Search Console exclusion examples
/articles/service10-article7,https://www.ezhalhe-sa.com/articles/إدارة-خدمة-العملاء-عبر-التواصل-الاجتماعي-نصائح-لرضا-العميل.html,301,Legacy blog reference mapped to the closest live topical page,Blog inventory and Search Console exclusion examples
/articles/service10-article8.html,https://www.ezhalhe-sa.com/competitor-analysis.html,301,Legacy blog reference mapped to the closest live topical page,Blog inventory and Search Console exclusion examples
/articles/service10-article8,https://www.ezhalhe-sa.com/competitor-analysis.html,301,Legacy blog reference mapped to the closest live topical page,Blog inventory and Search Console exclusion examples
/articles/service10-article9.html,https://www.ezhalhe-sa.com/digital-ads.html,301,Legacy blog reference mapped to the closest live topical page,Blog inventory and Search Console exclusion examples
/articles/service10-article9,https://www.ezhalhe-sa.com/digital-ads.html,301,Legacy blog reference mapped to the closest live topical page,Blog inventory and Search Console exclusion examples
/articles/service10-article10.html,https://www.ezhalhe-sa.com/brand-building.html,301,Legacy blog reference mapped to the closest live topical page,Blog inventory and Search Console exclusion examples
/articles/service10-article10,https://www.ezhalhe-sa.com/brand-building.html,301,Legacy blog reference mapped to the closest live topical page,Blog inventory and Search Console exclusion examples
