url,local_file,gsc_external_links,third_party_backlinks,referring_domains,evidence_status,url_change_allowed,preservation_rule
https://www.ezhalhe-sa.com/404.html,404.html,,,,UNKNOWN_REQUIRES_EXPORT,No,Keep URL or approved direct permanent redirect to exact equivalent.
https://www.ezhalhe-sa.com/_new_testi.html,_new_testi.html,,,,UNKNOWN_REQUIRES_EXPORT,No,Keep URL or approved direct permanent redirect to exact equivalent.
https://www.ezhalhe-sa.com/articles/%D8%A3%D8%AE%D8%B7%D8%A7%D8%A1-%D8%B4%D8%A7%D8%A6%D8%B9%D8%A9-%D9%81%D9%8A-%D8%AA%D8%B5%D9%85%D9%8A%D9%85-%D8%A7%D9%84%D9%85%D8%AA%D8%A7%D8%AC%D8%B1-%D8%A7%D9%84%D8%A5%D9%84%D9%83%D8%AA%D8%B1%D9%88%D9%86%D9%8A%D8%A9-%D9%88%D9%83%D9%8A%D9%81%D9%8A%D8%A9-%D8%AA%D8%AC%D9%86%D8%A8%D9%87%D8%A7.html,articles/أخطاء-شائعة-في-تصميم-المتاجر-الإلكترونية-وكيفية-تجنبها.html,,,,UNKNOWN_REQUIRES_EXPORT,No,Keep URL or approved direct permanent redirect to exact equivalent.
https://www.ezhalhe-sa.com/articles/%D8%A3%D8%AF%D9%88%D8%A7%D8%AA-%D9%88%D8%AA%D9%82%D9%86%D9%8A%D8%A7%D8%AA-%D8%AA%D8%B3%D9%87%D9%84-%D8%B9%D9%84%D9%8A%D9%83-%D8%A5%D8%AF%D8%A7%D8%B1%D8%A9-%D9%85%D8%AA%D8%AC%D8%B1%D9%83-%D8%A7%D9%84%D8%A5%D9%84%D9%83%D8%AA%D8%B1%D9%88%D9%86%D9%8A-%D8%A7%D9%84%D9%8A%D9%88%D9%85%D9%8A%D8%A9.html,articles/أدوات-وتقنيات-تسهل-عليك-إدارة-متجرك-الإلكتروني-اليومية.html,,,,UNKNOWN_REQUIRES_EXPORT,No,Keep URL or approved direct permanent redirect to exact equivalent.
https://www.ezhalhe-sa.com/articles/%D8%A3%D8%B3%D8%B1%D8%A7%D8%B1-%D8%AA%D8%B5%D9%85%D9%8A%D9%85-%D8%B5%D9%81%D8%AD%D8%A7%D8%AA-%D8%A7%D9%84%D9%85%D9%86%D8%AA%D8%AC%D8%A7%D8%AA-%D8%A7%D9%84%D8%AC%D8%B0%D8%A7%D8%A8%D8%A9-%D8%B9%D9%84%D9%89-%D9%85%D9%86%D8%B5%D8%A9-%D8%B3%D9%84%D8%A9.html,articles/أسرار-تصميم-صفحات-المنتجات-الجذابة-على-منصة-سلة.html,,,,UNKNOWN_REQUIRES_EXPORT,No,Keep URL or approved direct permanent redirect to exact equivalent.
https://www.ezhalhe-sa.com/articles/%D8%A3%D9%87%D9%85%D9%8A%D8%A9-%D8%A7%D9%84%D8%AA%D8%AE%D8%B7%D9%8A%D8%B7-%D9%84%D9%84%D9%85%D8%AD%D8%AA%D9%88%D9%89-%D9%81%D9%8A-%D8%A5%D8%AF%D8%A7%D8%B1%D8%A9-%D8%A7%D9%84%D9%85%D8%AA%D8%AC%D8%B1-%D9%88%D8%AD%D8%B3%D8%A7%D8%A8%D8%A7%D8%AA-%D8%A7%D9%84%D8%B3%D9%88%D8%B4%D9%8A%D8%A7%D9%84-%D9%85%D9%8A%D8%AF%D9%8A%D8%A7.html,articles/أهمية-التخطيط-للمحتوى-في-إدارة-المتجر-وحسابات-السوشيال-ميديا.html,,,,UNKNOWN_REQUIRES_EXPORT,No,Keep URL or approved direct permanent redirect to exact equivalent.
https://www.ezhalhe-sa.com/articles/%D8%A3%D9%87%D9%85%D9%8A%D8%A9-%D8%A7%D9%84%D8%AA%D8%B5%D9%85%D9%8A%D9%85-%D8%A7%D9%84%D8%A7%D8%AD%D8%AA%D8%B1%D8%A7%D9%81%D9%8A-%D9%84%D9%85%D8%AA%D8%AC%D8%B1%D9%83-%D8%B9%D9%84%D9%89-%D8%B3%D9%84%D8%A9-%D8%B2%D9%8A%D8%A7%D8%AF%D8%A9-%D8%A7%D9%84%D9%85%D8%A8%D9%8A%D8%B9%D8%A7%D8%AA-%D9%88%D8%A7%D9%84%D8%AB%D9%82%D8%A9.html,articles/أهمية-التصميم-الاحترافي-لمتجرك-على-سلة-زيادة-المبيعات-والثقة.html,,,,UNKNOWN_REQUIRES_EXPORT,No,Keep URL or approved direct permanent redirect to exact equivalent.
https://www.ezhalhe-sa.com/articles/%D8%A3%D9%87%D9%85%D9%8A%D8%A9-%D8%AA%D8%AA%D8%A8%D8%B9-%D8%A7%D9%84%D8%AA%D8%AD%D9%88%D9%8A%D9%84%D8%A7%D8%AA-%D9%81%D9%8A-%D8%A7%D9%84%D8%AD%D9%85%D9%84%D8%A7%D8%AA-%D8%A7%D9%84%D8%A5%D8%B9%D9%84%D8%A7%D9%86%D9%8A%D8%A9-%D9%82%D9%8A%D8%A7%D8%B3-%D8%A7%D9%84%D8%B9%D8%A7%D8%A6%D8%AF-%D8%B9%D9%84%D9%89-%D8%A7%D9%84%D8%A7%D8%B3%D8%AA%D8%AB%D9%85%D8%A7%D8%B1-roi.html,articles/أهمية-تتبع-التحويلات-في-الحملات-الإعلانية-قياس-العائد-على-الاستثمار-roi.html,,,,UNKNOWN_REQUIRES_EXPORT,No,Keep URL or approved direct permanent redirect to exact equivalent.
https://www.ezhalhe-sa.com/articles/%D8%A3%D9%87%D9%85%D9%8A%D8%A9-%D8%AA%D9%81%D8%B9%D9%8A%D9%84-%D8%A8%D9%88%D8%A7%D8%A8%D8%A7%D8%AA-%D8%AF%D9%81%D8%B9-%D9%85%D8%AA%D8%B9%D8%AF%D8%AF%D8%A9-%D9%84%D9%85%D8%AA%D8%AC%D8%B1%D9%83-%D8%A7%D9%84%D8%A5%D9%84%D9%83%D8%AA%D8%B1%D9%88%D9%86%D9%8A.html,articles/أهمية-تفعيل-بوابات-دفع-متعددة-لمتجرك-الإلكتروني.html,,,,UNKNOWN_REQUIRES_EXPORT,No,Keep URL or approved direct permanent redirect to exact equivalent.
https://www.ezhalhe-sa.com/articles/%D8%A3%D9%87%D9%85%D9%8A%D8%A9-%D8%AA%D9%81%D8%B9%D9%8A%D9%84-%D8%AE%D8%AF%D9%85%D8%A7%D8%AA-%D8%A7%D9%84%D8%AF%D9%81%D8%B9-%D8%A7%D9%84%D8%A2%D8%AC%D9%84-%D8%AA%D8%A7%D8%A8%D9%8A-%D9%88%D8%AA%D9%85%D8%A7%D8%B1%D8%A7-%D9%84%D8%B2%D9%8A%D8%A7%D8%AF%D8%A9-%D9%85%D8%A8%D9%8A%D8%B9%D8%A7%D8%AA-%D9%85%D8%AA%D8%AC%D8%B1%D9%83.html,articles/أهمية-تفعيل-خدمات-الدفع-الآجل-تابي-وتمارا-لزيادة-مبيعات-متجرك.html,,,,UNKNOWN_REQUIRES_EXPORT,No,Keep URL or approved direct permanent redirect to exact equivalent.
https://www.ezhalhe-sa.com/articles/%D8%A3%D9%87%D9%85%D9%8A%D8%A9-%D8%AA%D9%88%D8%AB%D9%8A%D9%82-%D9%85%D8%AA%D8%AC%D8%B1%D9%83-%D8%B9%D8%A8%D8%B1-%D9%85%D9%86%D8%B5%D8%A9-%D8%A7%D9%84%D8%A3%D8%B9%D9%85%D8%A7%D9%84-%D9%84%D8%B6%D9%85%D8%A7%D9%86-%D8%A7%D9%84%D8%A7%D9%85%D8%AA%D8%AB%D8%A7%D9%84-%D8%A7%D9%84%D9%82%D8%A7%D9%86%D9%88%D9%86%D9%8A.html,articles/أهمية-توثيق-متجرك-عبر-منصة-الأعمال-لضمان-الامتثال-القانوني.html,,,,UNKNOWN_REQUIRES_EXPORT,No,Keep URL or approved direct permanent redirect to exact equivalent.
https://www.ezhalhe-sa.com/articles/%D8%A3%D9%87%D9%85%D9%8A%D8%A9-%D8%AA%D9%88%D8%AB%D9%8A%D9%82-%D9%85%D8%AA%D8%AC%D8%B1%D9%83-%D9%81%D9%8A-%D8%B3%D9%84%D8%A9-%D8%A8%D9%86%D8%A7%D8%A1-%D8%A7%D9%84%D8%AB%D9%82%D8%A9-%D9%88%D8%A7%D9%84%D9%85%D8%B5%D8%AF%D8%A7%D9%82%D9%8A%D8%A9.html,articles/أهمية-توثيق-متجرك-في-سلة-بناء-الثقة-والمصداقية.html,,,,UNKNOWN_REQUIRES_EXPORT,No,Keep URL or approved direct permanent redirect to exact equivalent.
https://www.ezhalhe-sa.com/articles/%D8%A3%D9%87%D9%85%D9%8A%D8%A9-%D8%B1%D8%A8%D8%B7-google-analytics-4-%D8%A8%D9%85%D8%AA%D8%AC%D8%B1%D9%83-%D8%A7%D9%84%D8%A5%D9%84%D9%83%D8%AA%D8%B1%D9%88%D9%86%D9%8A-%D9%84%D8%AA%D8%AD%D9%84%D9%8A%D9%84-%D8%A7%D9%84%D8%A3%D8%AF%D8%A7%D8%A1.html,articles/أهمية-ربط-google-analytics-4-بمتجرك-الإلكتروني-لتحليل-الأداء.html,,,,UNKNOWN_REQUIRES_EXPORT,No,Keep URL or approved direct permanent redirect to exact equivalent.
https://www.ezhalhe-sa.com/articles/%D8%A3%D9%87%D9%85%D9%8A%D8%A9-%D9%81%D8%AA%D8%AD-%D8%AD%D8%B3%D8%A7%D8%A8-%D8%A8%D9%86%D9%83%D9%8A-%D8%AA%D8%AC%D8%A7%D8%B1%D9%8A-%D9%84%D9%85%D8%AA%D8%AC%D8%B1%D9%83-%D8%A7%D9%84%D8%A5%D9%84%D9%83%D8%AA%D8%B1%D9%88%D9%86%D9%8A.html,articles/أهمية-فتح-حساب-بنكي-تجاري-لمتجرك-الإلكتروني.html,,,,UNKNOWN_REQUIRES_EXPORT,No,Keep URL or approved direct permanent redirect to exact equivalent.
https://www.ezhalhe-sa.com/articles/%D8%A5%D8%AF%D8%A7%D8%B1%D8%A9-%D8%A7%D9%84%D8%AA%D8%AF%D9%81%D9%82%D8%A7%D8%AA-%D8%A7%D9%84%D9%86%D9%82%D8%AF%D9%8A%D8%A9-%D9%84%D9%85%D8%AA%D8%AC%D8%B1%D9%83-%D8%B9%D8%A8%D8%B1-%D8%A7%D9%84%D8%AD%D8%B3%D8%A7%D8%A8-%D8%A7%D9%84%D8%A8%D9%86%D9%83%D9%8A-%D8%A7%D9%84%D8%AA%D8%AC%D8%A7%D8%B1%D9%8A.html,articles/إدارة-التدفقات-النقدية-لمتجرك-عبر-الحساب-البنكي-التجاري.html,,,,UNKNOWN_REQUIRES_EXPORT,No,Keep URL or approved direct permanent redirect to exact equivalent.
https://www.ezhalhe-sa.com/articles/%D8%A5%D8%AF%D8%A7%D8%B1%D8%A9-%D8%A7%D9%84%D9%85%D8%AE%D8%B2%D9%88%D9%86-%D9%88%D8%A7%D9%84%D8%B7%D9%84%D8%A8%D8%A7%D8%AA-%D9%81%D9%8A-%D9%85%D8%AA%D8%AC%D8%B1%D9%83-%D8%A7%D9%84%D8%A5%D9%84%D9%83%D8%AA%D8%B1%D9%88%D9%86%D9%8A-%D8%AF%D9%84%D9%8A%D9%84-%D8%A7%D9%84%D9%85%D8%A8%D8%AA%D8%AF%D8%A6%D9%8A%D9%86.html,articles/إدارة-المخزون-والطلبات-في-متجرك-الإلكتروني-دليل-المبتدئين.html,,,,UNKNOWN_REQUIRES_EXPORT,No,Keep URL or approved direct permanent redirect to exact equivalent.
https://www.ezhalhe-sa.com/articles/%D8%A5%D8%AF%D8%A7%D8%B1%D8%A9-%D8%AE%D8%AF%D9%85%D8%A9-%D8%A7%D9%84%D8%B9%D9%85%D9%84%D8%A7%D8%A1-%D8%B9%D8%A8%D8%B1-%D8%A7%D9%84%D8%AA%D9%88%D8%A7%D8%B5%D9%84-%D8%A7%D9%84%D8%A7%D8%AC%D8%AA%D9%85%D8%A7%D8%B9%D9%8A-%D9%86%D8%B5%D8%A7%D8%A6%D8%AD-%D9%84%D8%B1%D8%B6%D8%A7-%D8%A7%D9%84%D8%B9%D9%85%D9%8A%D9%84.html,articles/إدارة-خدمة-العملاء-عبر-التواصل-الاجتماعي-نصائح-لرضا-العميل.html,,,,UNKNOWN_REQUIRES_EXPORT,No,Keep URL or approved direct permanent redirect to exact equivalent.
https://www.ezhalhe-sa.com/articles/%D8%A5%D8%B9%D8%AF%D8%A7%D8%AF-%D8%AD%D9%85%D9%84%D8%A7%D8%AA-%D8%A5%D8%B9%D8%A7%D8%AF%D8%A9-%D8%A7%D9%84%D8%A7%D8%B3%D8%AA%D9%87%D8%AF%D8%A7%D9%81-retargeting-%D8%A8%D8%A7%D8%B3%D8%AA%D8%AE%D8%AF%D8%A7%D9%85-%D8%A7%D9%84%D8%A8%D9%83%D8%B3%D9%84%D8%A7%D8%AA.html,articles/إعداد-حملات-إعادة-الاستهداف-retargeting-باستخدام-البكسلات.html,,,,UNKNOWN_REQUIRES_EXPORT,No,Keep URL or approved direct permanent redirect to exact equivalent.
https://www.ezhalhe-sa.com/articles/%D8%A7%D8%AE%D8%AA%D9%8A%D8%A7%D8%B1-%D8%A7%D9%84%D8%AF%D9%88%D9%85%D9%8A%D9%86-%D8%A7%D9%84%D9%85%D9%86%D8%A7%D8%B3%D8%A8-%D9%84%D9%85%D8%AA%D8%AC%D8%B1%D9%83-%D8%A7%D9%84%D8%A5%D9%84%D9%83%D8%AA%D8%B1%D9%88%D9%86%D9%8A-%D9%86%D8%B5%D8%A7%D8%A6%D8%AD-%D9%88%D8%A7%D8%B3%D8%AA%D8%B1%D8%A7%D8%AA%D9%8A%D8%AC%D9%8A%D8%A7%D8%AA.html,articles/اختيار-الدومين-المناسب-لمتجرك-الإلكتروني-نصائح-واستراتيجيات.html,,,,UNKNOWN_REQUIRES_EXPORT,No,Keep URL or approved direct permanent redirect to exact equivalent.
https://www.ezhalhe-sa.com/articles/%D8%A7%D8%B3%D8%AA%D8%AE%D8%AF%D8%A7%D9%85-linktree-%D8%A3%D9%88-%D8%A8%D8%AF%D8%A7%D8%A6%D9%84%D9%87-%D9%84%D8%AA%D8%AD%D8%B3%D9%8A%D9%86-%D8%A7%D9%84%D8%B1%D9%88%D8%A7%D8%A8%D8%B7-%D9%81%D9%8A-%D8%AD%D8%B3%D8%A7%D8%A8%D8%A7%D8%AA-%D8%A7%D9%84%D8%AA%D9%88%D8%A7%D8%B5%D9%84-%D8%A7%D9%84%D8%A7%D8%AC%D8%AA%D9%85%D8%A7%D8%B9%D9%8A.html,articles/استخدام-linktree-أو-بدائله-لتحسين-الروابط-في-حسابات-التواصل-الاجتماعي.html,,,,UNKNOWN_REQUIRES_EXPORT,No,Keep URL or approved direct permanent redirect to exact equivalent.
https://www.ezhalhe-sa.com/articles/%D8%A7%D8%B3%D8%AA%D8%AE%D8%AF%D8%A7%D9%85-%D9%88%D8%A7%D8%AA%D8%B3%D8%A7%D8%A8-%D9%84%D9%84%D8%A3%D8%B9%D9%85%D8%A7%D9%84-%D9%81%D9%8A-%D8%AE%D8%AF%D9%85%D8%A9-%D8%A7%D9%84%D8%B9%D9%85%D9%84%D8%A7%D8%A1-%D9%88%D8%A7%D9%84%D8%AA%D8%B3%D9%88%D9%8A%D9%82-%D9%84%D9%85%D8%AA%D8%AC%D8%B1%D9%83.html,articles/استخدام-واتساب-للأعمال-في-خدمة-العملاء-والتسويق-لمتجرك.html,,,,UNKNOWN_REQUIRES_EXPORT,No,Keep URL or approved direct permanent redirect to exact equivalent.
https://www.ezhalhe-sa.com/articles/%D8%A7%D8%B3%D8%AA%D8%B1%D8%A7%D8%AA%D9%8A%D8%AC%D9%8A%D8%A7%D8%AA-%D8%A5%D8%AF%D8%A7%D8%B1%D8%A9-%D8%AD%D8%B3%D8%A7%D8%A8%D8%A7%D8%AA-%D8%A7%D9%84%D8%AA%D9%88%D8%A7%D8%B5%D9%84-%D8%A7%D9%84%D8%A7%D8%AC%D8%AA%D9%85%D8%A7%D8%B9%D9%8A-%D9%84%D9%85%D8%AA%D8%AC%D8%B1%D9%83-%D8%B2%D9%8A%D8%A7%D8%AF%D8%A9-%D8%A7%D9%84%D8%AA%D9%81%D8%A7%D8%B9%D9%84-%D9%88%D8%A7%D9%84%D9%85%D8%A8%D9%8A%D8%B9%D8%A7%D8%AA.html,articles/استراتيجيات-إدارة-حسابات-التواصل-الاجتماعي-لمتجرك-زيادة-التفاعل-والمبيعات.html,,,,UNKNOWN_REQUIRES_EXPORT,No,Keep URL or approved direct permanent redirect to exact equivalent.
https://www.ezhalhe-sa.com/articles/%D8%A7%D8%B3%D8%AA%D8%B1%D8%A7%D8%AA%D9%8A%D8%AC%D9%8A%D8%A7%D8%AA-%D8%A7%D8%B3%D8%AA%D9%87%D8%AF%D8%A7%D9%81-%D8%A7%D9%84%D8%AC%D9%85%D9%87%D9%88%D8%B1-%D9%81%D9%8A-%D8%A7%D9%84%D8%AD%D9%85%D9%84%D8%A7%D8%AA-%D8%A7%D9%84%D8%A5%D8%B9%D9%84%D8%A7%D9%86%D9%8A%D8%A9-%D9%84%D8%B2%D9%8A%D8%A7%D8%AF%D8%A9-%D8%A7%D9%84%D9%85%D8%A8%D9%8A%D8%B9%D8%A7%D8%AA.html,articles/استراتيجيات-استهداف-الجمهور-في-الحملات-الإعلانية-لزيادة-المبيعات.html,,,,UNKNOWN_REQUIRES_EXPORT,No,Keep URL or approved direct permanent redirect to exact equivalent.
https://www.ezhalhe-sa.com/articles/%D8%A7%D9%84%D8%A3%D8%AE%D8%B7%D8%A7%D8%A1-%D8%A7%D9%84%D8%B4%D8%A7%D8%A6%D8%B9%D8%A9-%D9%81%D9%8A-%D8%A5%D8%B9%D8%AF%D8%A7%D8%AF-%D8%A7%D9%84%D8%AD%D9%85%D9%84%D8%A7%D8%AA-%D8%A7%D9%84%D8%A5%D8%B9%D9%84%D8%A7%D9%86%D9%8A%D8%A9-%D9%88%D9%83%D9%8A%D9%81%D9%8A%D8%A9-%D8%AA%D8%AC%D9%86%D8%A8%D9%87%D8%A7.html,articles/الأخطاء-الشائعة-في-إعداد-الحملات-الإعلانية-وكيفية-تجنبها.html,,,,UNKNOWN_REQUIRES_EXPORT,No,Keep URL or approved direct permanent redirect to exact equivalent.
https://www.ezhalhe-sa.com/articles/%D8%A7%D9%84%D8%AA%D8%AD%D8%AF%D9%8A%D8%A7%D8%AA-%D8%A7%D9%84%D8%B4%D8%A7%D8%A6%D8%B9%D8%A9-%D9%81%D9%8A-%D8%A5%D8%AF%D8%A7%D8%B1%D8%A9-%D8%A7%D9%84%D9%85%D8%AA%D8%A7%D8%AC%D8%B1-%D8%A7%D9%84%D8%A5%D9%84%D9%83%D8%AA%D8%B1%D9%88%D9%86%D9%8A%D8%A9-%D9%88%D8%AD%D9%84%D9%88%D9%84%D9%87%D8%A7.html,articles/التحديات-الشائعة-في-إدارة-المتاجر-الإلكترونية-وحلولها.html,,,,UNKNOWN_REQUIRES_EXPORT,No,Keep URL or approved direct permanent redirect to exact equivalent.
https://www.ezhalhe-sa.com/articles/%D8%A7%D9%84%D8%AA%D8%AD%D8%AF%D9%8A%D8%A7%D8%AA-%D8%A7%D9%84%D8%B4%D8%A7%D8%A6%D8%B9%D8%A9-%D9%81%D9%8A-%D8%AA%D9%81%D8%B9%D9%8A%D9%84-%D8%AA%D8%A7%D8%A8%D9%8A-%D9%88%D8%AA%D9%85%D8%A7%D8%B1%D8%A7-%D9%88%D9%83%D9%8A%D9%81%D9%8A%D8%A9-%D8%AA%D8%AC%D8%A7%D9%88%D8%B2%D9%87%D8%A7.html,articles/التحديات-الشائعة-في-تفعيل-تابي-وتمارا-وكيفية-تجاوزها.html,,,,UNKNOWN_REQUIRES_EXPORT,No,Keep URL or approved direct permanent redirect to exact equivalent.
https://www.ezhalhe-sa.com/articles/%D8%A7%D9%84%D8%AE%D8%AF%D9%85%D8%A7%D8%AA-%D8%A7%D9%84%D8%A3%D8%B3%D8%A7%D8%B3%D9%8A%D8%A9-%D8%A7%D9%84%D9%85%D8%AA%D9%83%D8%A7%D9%85%D9%84%D8%A9-%D9%84%D9%86%D8%AC%D8%A7%D8%AD-%D9%85%D8%AA%D8%AC%D8%B1%D9%83-%D8%A7%D9%84%D8%A5%D9%84%D9%83%D8%AA%D8%B1%D9%88%D9%86%D9%8A-%D9%82%D8%A7%D8%A6%D9%85%D8%A9-%D9%85%D8%B1%D8%AC%D8%B9%D9%8A%D8%A9.html,articles/الخدمات-الأساسية-المتكاملة-لنجاح-متجرك-الإلكتروني-قائمة-مرجعية.html,,,,UNKNOWN_REQUIRES_EXPORT,No,Keep URL or approved direct permanent redirect to exact equivalent.
https://www.ezhalhe-sa.com/articles/%D8%A7%D9%84%D8%AE%D8%AF%D9%85%D8%A7%D8%AA-%D8%A7%D9%84%D9%85%D8%B5%D8%B1%D9%81%D9%8A%D8%A9-%D8%A7%D9%84%D8%B1%D9%82%D9%85%D9%8A%D8%A9-%D8%A7%D9%84%D9%85%D8%AA%D8%A7%D8%AD%D8%A9-%D9%84%D8%A3%D8%B5%D8%AD%D8%A7%D8%A8-%D8%A7%D9%84%D9%85%D8%AA%D8%A7%D8%AC%D8%B1-%D9%81%D9%8A-%D8%A7%D9%84%D8%B1%D8%A7%D8%AC%D8%AD%D9%8A-%D9%88%D8%A7%D9%84%D8%A5%D9%86%D9%85%D8%A7%D8%A1.html,articles/الخدمات-المصرفية-الرقمية-المتاحة-لأصحاب-المتاجر-في-الراجحي-والإنماء.html,,,,UNKNOWN_REQUIRES_EXPORT,No,Keep URL or approved direct permanent redirect to exact equivalent.
https://www.ezhalhe-sa.com/articles/%D8%A7%D9%84%D8%AE%D8%B7%D9%88%D8%A7%D8%AA-%D8%A7%D9%84%D8%A3%D8%B3%D8%A7%D8%B3%D9%8A%D8%A9-%D9%84%D8%B1%D8%A8%D8%B7-%D9%85%D8%AA%D8%AC%D8%B1%D9%83-%D8%A7%D9%84%D8%A5%D9%84%D9%83%D8%AA%D8%B1%D9%88%D9%86%D9%8A-%D8%A8%D9%85%D9%86%D8%B5%D8%A9-%D8%A7%D9%84%D8%A3%D8%B9%D9%85%D8%A7%D9%84.html,articles/الخطوات-الأساسية-لربط-متجرك-الإلكتروني-بمنصة-الأعمال.html,,,,UNKNOWN_REQUIRES_EXPORT,No,Keep URL or approved direct permanent redirect to exact equivalent.
https://www.ezhalhe-sa.com/articles/%D8%A7%D9%84%D8%AE%D8%B7%D9%88%D8%A7%D8%AA-%D8%A7%D9%84%D8%AA%D9%81%D8%B5%D9%8A%D9%84%D9%8A%D8%A9-%D9%84%D8%A7%D8%B3%D8%AA%D8%AE%D8%B1%D8%A7%D8%AC-%D9%88%D8%AB%D9%8A%D9%82%D8%A9-%D8%A7%D9%84%D8%B9%D9%85%D9%84-%D8%A7%D9%84%D8%AD%D8%B1-%D8%B9%D8%A8%D8%B1-%D8%A7%D9%84%D8%A5%D9%86%D8%AA%D8%B1%D9%86%D8%AA.html,articles/الخطوات-التفصيلية-لاستخراج-وثيقة-العمل-الحر-عبر-الإنترنت.html,,,,UNKNOWN_REQUIRES_EXPORT,No,Keep URL or approved direct permanent redirect to exact equivalent.
https://www.ezhalhe-sa.com/articles/%D8%A7%D9%84%D8%AE%D8%B7%D9%88%D8%A7%D8%AA-%D8%A7%D9%84%D8%AA%D9%81%D8%B5%D9%8A%D9%84%D9%8A%D8%A9-%D9%84%D8%AA%D9%88%D8%AB%D9%8A%D9%82-%D8%A7%D9%84%D9%85%D8%AA%D8%AC%D8%B1-%D9%81%D9%8A-%D9%85%D9%86%D8%B5%D8%A9-%D8%B3%D9%84%D8%A9-%D8%A8%D9%86%D8%AC%D8%A7%D8%AD.html,articles/الخطوات-التفصيلية-لتوثيق-المتجر-في-منصة-سلة-بنجاح.html,,,,UNKNOWN_REQUIRES_EXPORT,No,Keep URL or approved direct permanent redirect to exact equivalent.
https://www.ezhalhe-sa.com/articles/%D8%A7%D9%84%D8%AE%D8%B7%D9%88%D8%A7%D8%AA-%D8%A7%D9%84%D8%AA%D9%81%D8%B5%D9%8A%D9%84%D9%8A%D8%A9-%D9%84%D8%B1%D8%A8%D8%B7-%D8%AE%D8%AF%D9%85%D8%A9-%D8%AA%D9%85%D8%A7%D8%B1%D8%A7-%D8%A8%D9%85%D8%AA%D8%AC%D8%B1%D9%83-%D8%A7%D9%84%D8%A5%D9%84%D9%83%D8%AA%D8%B1%D9%88%D9%86%D9%8A-%D8%B9%D9%84%D9%89-%D8%B3%D9%84%D8%A9-%D8%A3%D9%88-%D8%B2%D8%AF.html,articles/الخطوات-التفصيلية-لربط-خدمة-تمارا-بمتجرك-الإلكتروني-على-سلة-أو-زد.html,,,,UNKNOWN_REQUIRES_EXPORT,No,Keep URL or approved direct permanent redirect to exact equivalent.
https://www.ezhalhe-sa.com/articles/%D8%A7%D9%84%D8%AF%D9%84%D9%8A%D9%84-%D8%A7%D9%84%D8%B4%D8%A7%D9%85%D9%84-%D9%84%D8%A5%D8%B9%D8%AF%D8%A7%D8%AF-%D9%88%D8%B1%D8%A8%D8%B7-%D8%A7%D9%84%D8%A8%D9%83%D8%B3%D9%84%D8%A7%D8%AA-%D8%A7%D9%84%D8%AA%D8%AD%D9%88%D9%8A%D9%84%D9%8A%D8%A9-%D9%81%D9%8A%D8%B3%D8%A8%D9%88%D9%83-%D8%B3%D9%86%D8%A7%D8%A8-%D8%B4%D8%A7%D8%AA-%D8%AA%D9%8A%D9%83-%D8%AA%D9%88%D9%83.html,articles/الدليل-الشامل-لإعداد-وربط-البكسلات-التحويلية-فيسبوك-سناب-شات-تيك-توك.html,,,,UNKNOWN_REQUIRES_EXPORT,No,Keep URL or approved direct permanent redirect to exact equivalent.
https://www.ezhalhe-sa.com/articles/%D8%A7%D9%84%D8%B1%D8%B3%D9%88%D9%85-%D9%88%D8%A7%D9%84%D8%B9%D9%85%D9%88%D9%84%D8%A7%D8%AA-%D9%85%D9%82%D8%A7%D8%B1%D9%86%D8%A9-%D8%AA%D9%83%D8%A7%D9%84%D9%8A%D9%81-%D8%A7%D8%B3%D8%AA%D8%AE%D8%AF%D8%A7%D9%85-%D9%85%D9%8A%D8%B3-%D9%85%D8%AF%D9%81%D9%88%D8%B9-%D9%88%D8%A5%D9%85%D9%83%D8%A7%D9%86.html,articles/الرسوم-والعمولات-مقارنة-تكاليف-استخدام-ميس-مدفوع-وإمكان.html,,,,UNKNOWN_REQUIRES_EXPORT,No,Keep URL or approved direct permanent redirect to exact equivalent.
https://www.ezhalhe-sa.com/articles/%D8%A7%D9%84%D8%B4%D8%B1%D9%88%D8%B7-%D9%88%D8%A7%D9%84%D9%85%D8%AA%D8%B7%D9%84%D8%A8%D8%A7%D8%AA-%D8%A7%D9%84%D8%A3%D8%B3%D8%A7%D8%B3%D9%8A%D8%A9-%D9%84%D8%A7%D8%B3%D8%AA%D8%AE%D8%B1%D8%A7%D8%AC-%D9%88%D8%AB%D9%8A%D9%82%D8%A9-%D8%A7%D9%84%D8%B9%D9%85%D9%84-%D8%A7%D9%84%D8%AD%D8%B1.html,articles/الشروط-والمتطلبات-الأساسية-لاستخراج-وثيقة-العمل-الحر.html,,,,UNKNOWN_REQUIRES_EXPORT,No,Keep URL or approved direct permanent redirect to exact equivalent.
https://www.ezhalhe-sa.com/articles/%D8%A7%D9%84%D8%B4%D8%B1%D9%88%D8%B7-%D9%88%D8%A7%D9%84%D9%85%D8%AA%D8%B7%D9%84%D8%A8%D8%A7%D8%AA-%D8%A7%D9%84%D8%A3%D8%B3%D8%A7%D8%B3%D9%8A%D8%A9-%D9%84%D8%AA%D9%81%D8%B9%D9%8A%D9%84-%D8%AA%D8%A7%D8%A8%D9%8A-%D9%84%D9%84%D8%A3%D8%B9%D9%85%D8%A7%D9%84.html,articles/الشروط-والمتطلبات-الأساسية-لتفعيل-تابي-للأعمال.html,,,,UNKNOWN_REQUIRES_EXPORT,No,Keep URL or approved direct permanent redirect to exact equivalent.
https://www.ezhalhe-sa.com/articles/%D8%A7%D9%84%D8%B4%D8%B1%D9%88%D8%B7-%D9%88%D8%A7%D9%84%D9%85%D8%AA%D8%B7%D9%84%D8%A8%D8%A7%D8%AA-%D8%A7%D9%84%D9%81%D9%86%D9%8A%D8%A9-%D9%84%D8%AA%D9%81%D8%B9%D9%8A%D9%84-%D8%A8%D9%88%D8%A7%D8%A8%D8%A7%D8%AA-%D8%A7%D9%84%D8%AF%D9%81%D8%B9-%D8%A7%D9%84%D8%A5%D9%84%D9%83%D8%AA%D8%B1%D9%88%D9%86%D9%8A.html,articles/الشروط-والمتطلبات-الفنية-لتفعيل-بوابات-الدفع-الإلكتروني.html,,,,UNKNOWN_REQUIRES_EXPORT,No,Keep URL or approved direct permanent redirect to exact equivalent.
https://www.ezhalhe-sa.com/articles/%D8%A7%D9%84%D8%B9%D9%84%D8%A7%D9%82%D8%A9-%D8%A8%D9%8A%D9%86-%D8%AA%D9%88%D8%AB%D9%8A%D9%82-%D9%85%D9%86%D8%B5%D8%A9-%D8%A7%D9%84%D8%A3%D8%B9%D9%85%D8%A7%D9%84-%D9%88%D8%AA%D9%81%D8%B9%D9%8A%D9%84-%D8%A8%D9%88%D8%A7%D8%A8%D8%A7%D8%AA-%D8%A7%D9%84%D8%AF%D9%81%D8%B9-%D8%A7%D9%84%D8%A5%D9%84%D9%83%D8%AA%D8%B1%D9%88%D9%86%D9%8A.html,articles/العلاقة-بين-توثيق-منصة-الأعمال-وتفعيل-بوابات-الدفع-الإلكتروني.html,,,,UNKNOWN_REQUIRES_EXPORT,No,Keep URL or approved direct permanent redirect to exact equivalent.
https://www.ezhalhe-sa.com/articles/%D8%A7%D9%84%D8%B9%D9%84%D8%A7%D9%82%D8%A9-%D8%A8%D9%8A%D9%86-%D9%88%D8%AB%D9%8A%D9%82%D8%A9-%D8%A7%D9%84%D8%B9%D9%85%D9%84-%D8%A7%D9%84%D8%AD%D8%B1-%D9%88%D8%AA%D9%88%D8%AB%D9%8A%D9%82-%D8%A7%D9%84%D9%85%D8%AA%D8%AC%D8%B1-%D9%81%D9%8A-%D8%B3%D9%84%D8%A9.html,articles/العلاقة-بين-وثيقة-العمل-الحر-وتوثيق-المتجر-في-سلة.html,,,,UNKNOWN_REQUIRES_EXPORT,No,Keep URL or approved direct permanent redirect to exact equivalent.
https://www.ezhalhe-sa.com/articles/%D8%A7%D9%84%D9%81%D8%B1%D9%82-%D8%A8%D9%8A%D9%86-%D8%A7%D9%84%D8%AD%D8%B3%D8%A7%D8%A8-%D8%A7%D9%84%D8%A8%D9%86%D9%83%D9%8A-%D8%A7%D9%84%D8%B4%D8%AE%D8%B5%D9%8A-%D9%88%D8%A7%D9%84%D8%AD%D8%B3%D8%A7%D8%A8-%D8%A7%D9%84%D8%A8%D9%86%D9%83%D9%8A-%D8%A7%D9%84%D8%AA%D8%AC%D8%A7%D8%B1%D9%8A-%D9%84%D9%84%D9%85%D8%AA%D8%AC%D8%B1.html,articles/الفرق-بين-الحساب-البنكي-الشخصي-والحساب-البنكي-التجاري-للمتجر.html,,,,UNKNOWN_REQUIRES_EXPORT,No,Keep URL or approved direct permanent redirect to exact equivalent.
https://www.ezhalhe-sa.com/articles/%D8%A7%D9%84%D9%81%D8%B1%D9%82-%D8%A8%D9%8A%D9%86-%D9%88%D8%AB%D9%8A%D9%82%D8%A9-%D8%A7%D9%84%D8%B9%D9%85%D9%84-%D8%A7%D9%84%D8%AD%D8%B1-%D9%88%D8%A7%D9%84%D8%B3%D8%AC%D9%84-%D8%A7%D9%84%D8%AA%D8%AC%D8%A7%D8%B1%D9%8A-%D9%84%D9%84%D9%85%D8%AA%D8%AC%D8%B1-%D8%A7%D9%84%D8%A5%D9%84%D9%83%D8%AA%D8%B1%D9%88%D9%86%D9%8A.html,articles/الفرق-بين-وثيقة-العمل-الحر-والسجل-التجاري-للمتجر-الإلكتروني.html,,,,UNKNOWN_REQUIRES_EXPORT,No,Keep URL or approved direct permanent redirect to exact equivalent.
https://www.ezhalhe-sa.com/articles/%D8%A7%D9%84%D9%81%D9%88%D8%A7%D8%A6%D8%AF-%D8%A7%D9%84%D8%A3%D9%85%D9%86%D9%8A%D8%A9-%D9%84%D8%AA%D9%88%D8%AB%D9%8A%D9%82-%D9%85%D8%AA%D8%AC%D8%B1%D9%83-%D8%B9%D8%A8%D8%B1-%D9%85%D9%86%D8%B5%D8%A9-%D8%A7%D9%84%D8%A3%D8%B9%D9%85%D8%A7%D9%84.html,articles/الفوائد-الأمنية-لتوثيق-متجرك-عبر-منصة-الأعمال.html,,,,UNKNOWN_REQUIRES_EXPORT,No,Keep URL or approved direct permanent redirect to exact equivalent.
https://www.ezhalhe-sa.com/articles/%D8%A7%D9%84%D9%81%D9%88%D8%A7%D8%A6%D8%AF-%D8%A7%D9%84%D9%82%D8%A7%D9%86%D9%88%D9%86%D9%8A%D8%A9-%D9%88%D8%A7%D9%84%D8%AA%D8%AC%D8%A7%D8%B1%D9%8A%D8%A9-%D9%84%D8%AA%D9%88%D8%AB%D9%8A%D9%82-%D9%85%D8%AA%D8%AC%D8%B1%D9%83-%D8%A7%D9%84%D8%A5%D9%84%D9%83%D8%AA%D8%B1%D9%88%D9%86%D9%8A.html,articles/الفوائد-القانونية-والتجارية-لتوثيق-متجرك-الإلكتروني.html,,,,UNKNOWN_REQUIRES_EXPORT,No,Keep URL or approved direct permanent redirect to exact equivalent.
https://www.ezhalhe-sa.com/articles/%D8%A7%D9%84%D9%85%D8%AF%D8%A9-%D8%A7%D9%84%D8%B2%D9%85%D9%86%D9%8A%D8%A9-%D8%A7%D9%84%D9%85%D8%AA%D9%88%D9%82%D8%B9%D8%A9-%D9%84%D8%A5%D9%86%D9%87%D8%A7%D8%A1-%D8%A5%D8%AC%D8%B1%D8%A7%D8%A1%D8%A7%D8%AA-%D8%AA%D9%88%D8%AB%D9%8A%D9%82-%D9%85%D8%AA%D8%AC%D8%B1-%D8%B3%D9%84%D8%A9.html,articles/المدة-الزمنية-المتوقعة-لإنهاء-إجراءات-توثيق-متجر-سلة.html,,,,UNKNOWN_REQUIRES_EXPORT,No,Keep URL or approved direct permanent redirect to exact equivalent.
https://www.ezhalhe-sa.com/articles/%D8%A7%D9%84%D9%85%D8%B2%D8%A7%D9%8A%D8%A7-%D9%88%D8%A7%D9%84%D8%AD%D9%88%D8%A7%D9%81%D8%B2-%D8%A7%D9%84%D8%AA%D9%8A-%D8%AA%D9%82%D8%AF%D9%85%D9%87%D8%A7-%D9%88%D8%AB%D9%8A%D9%82%D8%A9-%D8%A7%D9%84%D8%B9%D9%85%D9%84-%D8%A7%D9%84%D8%AD%D8%B1-%D9%84%D8%AD%D8%A7%D9%85%D9%84%D9%8A%D9%87%D8%A7.html,articles/المزايا-والحوافز-التي-تقدمها-وثيقة-العمل-الحر-لحامليها.html,,,,UNKNOWN_REQUIRES_EXPORT,No,Keep URL or approved direct permanent redirect to exact equivalent.
https://www.ezhalhe-sa.com/articles/%D8%A7%D9%84%D9%88%D8%AB%D8%A7%D8%A6%D9%82-%D8%A7%D9%84%D9%85%D8%B7%D9%84%D9%88%D8%A8%D8%A9-%D9%84%D8%AA%D9%88%D8%AB%D9%8A%D9%82-%D9%85%D8%AA%D8%AC%D8%B1-%D8%A5%D9%84%D9%83%D8%AA%D8%B1%D9%88%D9%86%D9%8A-%D9%81%D9%8A-%D9%85%D9%86%D8%B5%D8%A9-%D8%A7%D9%84%D8%A3%D8%B9%D9%85%D8%A7%D9%84.html,articles/الوثائق-المطلوبة-لتوثيق-متجر-إلكتروني-في-منصة-الأعمال.html,,,,UNKNOWN_REQUIRES_EXPORT,No,Keep URL or approved direct permanent redirect to exact equivalent.
https://www.ezhalhe-sa.com/articles/%D8%A7%D9%84%D9%88%D8%AB%D8%A7%D8%A6%D9%82-%D8%A7%D9%84%D9%85%D8%B7%D9%84%D9%88%D8%A8%D8%A9-%D9%84%D9%81%D8%AA%D8%AD-%D8%AD%D8%B3%D8%A7%D8%A8-%D8%A8%D9%86%D9%83%D9%8A-%D9%84%D9%84%D8%A3%D8%B9%D9%85%D8%A7%D9%84-%D9%81%D9%8A-%D8%A7%D9%84%D9%85%D9%85%D9%84%D9%83%D8%A9-%D8%A7%D9%84%D8%B9%D8%B1%D8%A8%D9%8A%D8%A9-%D8%A7%D9%84%D8%B3%D8%B9%D9%88%D8%AF%D9%8A%D8%A9.html,articles/الوثائق-المطلوبة-لفتح-حساب-بنكي-للأعمال-في-المملكة-العربية-السعودية.html,,,,UNKNOWN_REQUIRES_EXPORT,No,Keep URL or approved direct permanent redirect to exact equivalent.
https://www.ezhalhe-sa.com/articles/%D8%A7%D9%84%D9%88%D8%AB%D8%A7%D8%A6%D9%82-%D9%88%D8%A7%D9%84%D9%85%D8%AA%D8%B7%D9%84%D8%A8%D8%A7%D8%AA-%D8%A7%D9%84%D8%A3%D8%B3%D8%A7%D8%B3%D9%8A%D8%A9-%D9%84%D8%B9%D9%85%D9%84%D9%8A%D8%A9-%D8%AA%D9%88%D8%AB%D9%8A%D9%82-%D9%85%D8%AA%D8%AC%D8%B1-%D8%B3%D9%84%D8%A9.html,articles/الوثائق-والمتطلبات-الأساسية-لعملية-توثيق-متجر-سلة.html,,,,UNKNOWN_REQUIRES_EXPORT,No,Keep URL or approved direct permanent redirect to exact equivalent.
https://www.ezhalhe-sa.com/articles/%D8%A8%D9%86%D8%A7%D8%A1-%D9%85%D8%AC%D8%AA%D9%85%D8%B9-%D8%AD%D9%88%D9%84-%D9%85%D8%AA%D8%AC%D8%B1%D9%83-%D8%A7%D9%84%D8%A5%D9%84%D9%83%D8%AA%D8%B1%D9%88%D9%86%D9%8A-%D8%B9%D8%A8%D8%B1-%D8%A7%D8%B3%D8%AA%D8%B1%D8%A7%D8%AA%D9%8A%D8%AC%D9%8A%D8%A7%D8%AA-%D8%A7%D9%84%D8%AA%D9%88%D8%A7%D8%B5%D9%84-%D8%A7%D9%84%D8%A7%D8%AC%D8%AA%D9%85%D8%A7%D8%B9%D9%8A.html,articles/بناء-مجتمع-حول-متجرك-الإلكتروني-عبر-استراتيجيات-التواصل-الاجتماعي.html,,,,UNKNOWN_REQUIRES_EXPORT,No,Keep URL or approved direct permanent redirect to exact equivalent.
https://www.ezhalhe-sa.com/articles/%D8%A8%D9%88%D8%A7%D8%A8%D8%A7%D8%AA-%D8%A7%D9%84%D8%AF%D9%81%D8%B9-%D9%88%D8%AA%D8%A3%D8%AB%D9%8A%D8%B1%D9%87%D8%A7-%D8%B9%D9%84%D9%89-%D8%AA%D8%AC%D8%B1%D8%A8%D8%A9-%D8%A7%D9%84%D9%85%D8%B3%D8%AA%D8%AE%D8%AF%D9%85-%D9%88%D9%85%D8%B9%D8%AF%D9%84-%D8%A7%D9%84%D8%AA%D8%AD%D9%88%D9%8A%D9%84.html,articles/بوابات-الدفع-وتأثيرها-على-تجربة-المستخدم-ومعدل-التحويل.html,,,,UNKNOWN_REQUIRES_EXPORT,No,Keep URL or approved direct permanent redirect to exact equivalent.
https://www.ezhalhe-sa.com/articles/%D8%AA%D8%A7%D8%A8%D9%8A-%D9%88%D8%AA%D9%85%D8%A7%D8%B1%D8%A7-%D9%85%D9%82%D8%A7%D8%B1%D9%86%D8%A9-%D8%A8%D9%8A%D9%86-%D8%A7%D9%84%D9%85%D8%B2%D8%A7%D9%8A%D8%A7-%D9%88%D8%A7%D9%84%D8%B1%D8%B3%D9%88%D9%85-%D9%84%D8%A3%D8%B5%D8%AD%D8%A7%D8%A8-%D8%A7%D9%84%D9%85%D8%AA%D8%A7%D8%AC%D8%B1.html,articles/تابي-وتمارا-مقارنة-بين-المزايا-والرسوم-لأصحاب-المتاجر.html,,,,UNKNOWN_REQUIRES_EXPORT,No,Keep URL or approved direct permanent redirect to exact equivalent.
https://www.ezhalhe-sa.com/articles/%D8%AA%D8%AC%D8%B1%D8%A8%D8%A9-%D8%A7%D9%84%D8%B9%D9%85%D9%8A%D9%84-%D9%85%D8%B9-%D8%A7%D9%84%D8%AF%D9%81%D8%B9-%D8%A7%D9%84%D8%A2%D8%AC%D9%84-%D9%86%D8%B5%D8%A7%D8%A6%D8%AD-%D9%84%D8%AA%D8%AD%D8%B3%D9%8A%D9%86%D9%87%D8%A7.html,articles/تجربة-العميل-مع-الدفع-الآجل-نصائح-لتحسينها.html,,,,UNKNOWN_REQUIRES_EXPORT,No,Keep URL or approved direct permanent redirect to exact equivalent.
https://www.ezhalhe-sa.com/articles/%D8%AA%D8%AD%D8%B3%D9%8A%D9%86-seo-%D9%84%D9%84%D9%85%D8%AA%D8%A7%D8%AC%D8%B1-%D8%A7%D9%84%D8%A5%D9%84%D9%83%D8%AA%D8%B1%D9%88%D9%86%D9%8A%D8%A9-%D8%B9%D9%84%D9%89-%D8%B3%D9%84%D8%A9-%D8%AF%D9%84%D9%8A%D9%84-%D8%B4%D8%A7%D9%85%D9%84-%D9%84%D9%84%D8%A8%D8%AF%D8%A7%D9%8A%D8%A9.html,articles/تحسين-seo-للمتاجر-الإلكترونية-على-سلة-دليل-شامل-للبداية.html,,,,UNKNOWN_REQUIRES_EXPORT,No,Keep URL or approved direct permanent redirect to exact equivalent.
https://www.ezhalhe-sa.com/articles/%D8%AA%D8%AD%D8%B3%D9%8A%D9%86-%D8%A5%D8%B9%D9%84%D8%A7%D9%86%D8%A7%D8%AA%D9%83-%D8%A8%D8%A7%D8%B3%D8%AA%D8%AE%D8%AF%D8%A7%D9%85-%D8%A8%D9%8A%D8%A7%D9%86%D8%A7%D8%AA-%D8%A7%D9%84%D8%A8%D9%83%D8%B3%D9%84%D8%A7%D8%AA-%D8%AF%D9%84%D9%8A%D9%84-%D9%85%D8%AA%D9%82%D8%AF%D9%85.html,articles/تحسين-إعلاناتك-باستخدام-بيانات-البكسلات-دليل-متقدم.html,,,,UNKNOWN_REQUIRES_EXPORT,No,Keep URL or approved direct permanent redirect to exact equivalent.
https://www.ezhalhe-sa.com/articles/%D8%AA%D8%AD%D9%84%D9%8A%D9%84-%D8%A3%D8%AF%D8%A7%D8%A1-%D8%A7%D9%84%D9%85%D8%AA%D8%AC%D8%B1-%D9%88%D8%AD%D8%B3%D8%A7%D8%A8%D8%A7%D8%AA-%D8%A7%D9%84%D8%AA%D9%88%D8%A7%D8%B5%D9%84-%D8%A7%D9%84%D8%A7%D8%AC%D8%AA%D9%85%D8%A7%D8%B9%D9%8A-%D9%85%D8%A4%D8%B4%D8%B1%D8%A7%D8%AA-%D8%A7%D9%84%D8%A3%D8%AF%D8%A7%D8%A1-%D8%A7%D9%84%D8%B1%D8%A6%D9%8A%D8%B3%D9%8A%D8%A9-kpis.html,articles/تحليل-أداء-المتجر-وحسابات-التواصل-الاجتماعي-مؤشرات-الأداء-الرئيسية-kpis.html,,,,UNKNOWN_REQUIRES_EXPORT,No,Keep URL or approved direct permanent redirect to exact equivalent.
https://www.ezhalhe-sa.com/articles/%D8%AA%D8%AF%D8%B1%D9%8A%D8%A8-%D8%B3%D9%84%D8%A9-%D9%83%D9%8A%D9%81-%D8%AA%D8%AA%D9%82%D9%86-%D8%A5%D8%AF%D8%A7%D8%B1%D8%A9-%D9%85%D8%AA%D8%AC%D8%B1%D9%83-%D9%88%D8%AA%D8%AD%D9%82%D9%82-%D8%A3%D9%82%D8%B5%D9%89-%D8%A7%D8%B3%D8%AA%D9%81%D8%A7%D8%AF%D8%A9-%D9%85%D9%86-%D8%A7%D9%84%D9%85%D9%86%D8%B5%D8%A9.html,articles/تدريب-سلة-كيف-تتقن-إدارة-متجرك-وتحقق-أقصى-استفادة-من-المنصة.html,,,,UNKNOWN_REQUIRES_EXPORT,No,Keep URL or approved direct permanent redirect to exact equivalent.
https://www.ezhalhe-sa.com/articles/%D8%AA%D8%B5%D9%85%D9%8A%D9%85-%D8%AA%D8%AC%D8%B1%D8%A8%D8%A9-%D8%A7%D9%84%D9%85%D8%B3%D8%AA%D8%AE%D8%AF%D9%85-ux-%D9%81%D9%8A-%D9%85%D8%AA%D8%AC%D8%B1%D9%83-%D8%A7%D9%84%D8%A5%D9%84%D9%83%D8%AA%D8%B1%D9%88%D9%86%D9%8A-%D8%AE%D8%B7%D9%88%D8%A7%D8%AA-%D8%A7%D9%84%D8%AA%D9%86%D9%81%D9%8A%D8%B0.html,articles/تصميم-تجربة-المستخدم-ux-في-متجرك-الإلكتروني-خطوات-التنفيذ.html,,,,UNKNOWN_REQUIRES_EXPORT,No,Keep URL or approved direct permanent redirect to exact equivalent.
https://www.ezhalhe-sa.com/articles/%D8%AA%D8%B5%D9%85%D9%8A%D9%85-%D9%85%D8%AA%D8%AC%D8%B1-%D8%A5%D9%84%D9%83%D8%AA%D8%B1%D9%88%D9%86%D9%8A-%D9%85%D8%AA%D9%88%D8%A7%D9%81%D9%82-%D9%85%D8%B9-%D8%A7%D9%84%D8%AC%D9%88%D8%A7%D9%84-mobile-first-design-%D8%B9%D9%84%D9%89-%D8%B2%D8%AF.html,articles/تصميم-متجر-إلكتروني-متوافق-مع-الجوال-mobile-first-design-على-زد.html,,,,UNKNOWN_REQUIRES_EXPORT,No,Keep URL or approved direct permanent redirect to exact equivalent.
https://www.ezhalhe-sa.com/articles/%D8%AA%D8%B5%D9%85%D9%8A%D9%85-%D9%85%D8%AA%D8%AC%D8%B1-%D8%A7%D8%AD%D8%AA%D8%B1%D8%A7%D9%81%D9%8A-%D8%A7%D8%B3%D8%AA%D8%B1%D8%A7%D8%AA%D9%8A%D8%AC%D9%8A%D8%A7%D8%AA-%D9%84%D8%AA%D9%85%D9%8A%D9%8A%D8%B2-%D9%85%D8%AA%D8%AC%D8%B1%D9%83-%D8%B9%D9%86-%D8%A7%D9%84%D9%85%D9%86%D8%A7%D9%81%D8%B3%D9%8A%D9%86.html,articles/تصميم-متجر-احترافي-استراتيجيات-لتمييز-متجرك-عن-المنافسين.html,,,,UNKNOWN_REQUIRES_EXPORT,No,Keep URL or approved direct permanent redirect to exact equivalent.
https://www.ezhalhe-sa.com/articles/%D8%AA%D9%81%D8%B9%D9%8A%D9%84-%D8%A8%D9%83%D8%B3%D9%84%D8%A7%D8%AA-%D8%A7%D9%84%D8%AA%D8%AD%D9%88%D9%8A%D9%84-%D9%81%D9%8A%D8%B3%D8%A8%D9%88%D9%83-%D8%B3%D9%86%D8%A7%D8%A8-%D8%B4%D8%A7%D8%AA-%D9%84%D8%AA%D8%AD%D8%B3%D9%8A%D9%86-%D8%A7%D9%84%D8%AD%D9%85%D9%84%D8%A7%D8%AA-%D8%A7%D9%84%D8%A5%D8%B9%D9%84%D8%A7%D9%86%D9%8A%D8%A9.html,articles/تفعيل-بكسلات-التحويل-فيسبوك-سناب-شات-لتحسين-الحملات-الإعلانية.html,,,,UNKNOWN_REQUIRES_EXPORT,No,Keep URL or approved direct permanent redirect to exact equivalent.
https://www.ezhalhe-sa.com/articles/%D8%AA%D9%81%D8%B9%D9%8A%D9%84-%D8%AA%D8%A7%D8%A8%D9%8A-%D9%88%D8%AA%D9%85%D8%A7%D8%B1%D8%A7-%D8%AF%D9%84%D9%8A%D9%84-%D9%84%D9%84%D8%A7%D9%85%D8%AA%D8%AB%D8%A7%D9%84-%D9%84%D8%B4%D8%B1%D9%88%D8%B7-%D8%A7%D9%84%D8%AE%D8%AF%D9%85%D8%A9.html,articles/تفعيل-تابي-وتمارا-دليل-للامتثال-لشروط-الخدمة.html,,,,UNKNOWN_REQUIRES_EXPORT,No,Keep URL or approved direct permanent redirect to exact equivalent.
https://www.ezhalhe-sa.com/articles/%D8%AA%D9%88%D8%AB%D9%8A%D9%82-%D8%A7%D9%84%D9%85%D8%AA%D8%AC%D8%B1-%D8%A7%D9%84%D8%A7%D8%AD%D8%AA%D8%B1%D8%A7%D9%81%D9%8A-%D9%85%D8%AA%D8%B7%D9%84%D8%A8%D8%A7%D8%AA-%D8%A5%D8%B6%D8%A7%D9%81%D9%8A%D8%A9-%D9%84%D8%B2%D9%8A%D8%A7%D8%AF%D8%A9-%D8%A7%D9%84%D9%85%D9%88%D8%AB%D9%88%D9%82%D9%8A%D8%A9.html,articles/توثيق-المتجر-الاحترافي-متطلبات-إضافية-لزيادة-الموثوقية.html,,,,UNKNOWN_REQUIRES_EXPORT,No,Keep URL or approved direct permanent redirect to exact equivalent.
https://www.ezhalhe-sa.com/articles/%D8%AA%D9%88%D8%AB%D9%8A%D9%82-%D8%A7%D9%84%D9%85%D8%AA%D8%AC%D8%B1-%D9%81%D9%8A-%D8%B3%D9%84%D8%A9-%D8%AF%D9%84%D9%8A%D9%84-%D9%84%D8%AA%D8%AC%D9%86%D8%A8-%D8%A7%D9%84%D8%A3%D8%AE%D8%B7%D8%A7%D8%A1-%D8%A7%D9%84%D8%B4%D8%A7%D8%A6%D8%B9%D8%A9.html,articles/توثيق-المتجر-في-سلة-دليل-لتجنب-الأخطاء-الشائعة.html,,,,UNKNOWN_REQUIRES_EXPORT,No,Keep URL or approved direct permanent redirect to exact equivalent.
https://www.ezhalhe-sa.com/articles/%D8%AA%D9%88%D8%AB%D9%8A%D9%82-%D9%85%D9%86%D8%B5%D8%A9-%D8%A7%D9%84%D8%A3%D8%B9%D9%85%D8%A7%D9%84-%D8%AF%D9%84%D9%8A%D9%84-%D9%84%D8%AA%D8%AC%D9%86%D8%A8-%D8%A7%D9%84%D8%B1%D9%81%D8%B6-%D9%88%D8%AA%D8%B3%D8%B1%D9%8A%D8%B9-%D8%A7%D9%84%D8%A5%D8%AC%D8%B1%D8%A7%D8%A1%D8%A7%D8%AA.html,articles/توثيق-منصة-الأعمال-دليل-لتجنب-الرفض-وتسريع-الإجراءات.html,,,,UNKNOWN_REQUIRES_EXPORT,No,Keep URL or approved direct permanent redirect to exact equivalent.
https://www.ezhalhe-sa.com/articles/%D8%AA%D9%88%D8%AB%D9%8A%D9%82-%D9%85%D9%86%D8%B5%D8%A9-%D8%A7%D9%84%D8%A3%D8%B9%D9%85%D8%A7%D9%84-%D8%B6%D9%85%D8%A7%D9%86-%D8%AD%D9%82%D9%88%D9%82-%D8%A7%D9%84%D8%AA%D8%A7%D8%AC%D8%B1-%D9%88%D8%A7%D9%84%D9%85%D8%B3%D8%AA%D9%87%D9%84%D9%83.html,articles/توثيق-منصة-الأعمال-ضمان-حقوق-التاجر-والمستهلك.html,,,,UNKNOWN_REQUIRES_EXPORT,No,Keep URL or approved direct permanent redirect to exact equivalent.
https://www.ezhalhe-sa.com/articles/%D8%AD%D9%84%D9%88%D9%84-%D8%A7%D9%84%D8%AF%D9%81%D8%B9-%D8%A7%D9%84%D8%A2%D9%85%D9%86%D8%A9-%D9%83%D9%8A%D9%81-%D8%AA%D8%AD%D9%85%D9%8A-%D9%85%D8%AA%D8%AC%D8%B1%D9%83-%D9%88%D8%B9%D9%85%D9%84%D8%A7%D8%A6%D9%83.html,articles/حلول-الدفع-الآمنة-كيف-تحمي-متجرك-وعملائك.html,,,,UNKNOWN_REQUIRES_EXPORT,No,Keep URL or approved direct permanent redirect to exact equivalent.
https://www.ezhalhe-sa.com/articles/%D8%AE%D8%AF%D9%85%D8%A7%D8%AA-%D8%A7%D9%84%D8%A5%D8%AF%D8%A7%D8%B1%D8%A9-%D8%A7%D9%84%D8%A7%D8%AD%D8%AA%D8%B1%D8%A7%D9%81%D9%8A%D8%A9-%D9%84%D9%84%D8%AD%D9%85%D9%84%D8%A7%D8%AA-%D8%A7%D9%84%D8%A5%D8%B9%D9%84%D8%A7%D9%86%D9%8A%D8%A9-%D8%AA%D8%AD%D9%82%D9%8A%D9%82-%D8%A3%D9%81%D8%B6%D9%84-%D8%A7%D9%84%D9%86%D8%AA%D8%A7%D8%A6%D8%AC.html,articles/خدمات-الإدارة-الاحترافية-للحملات-الإعلانية-تحقيق-أفضل-النتائج.html,,,,UNKNOWN_REQUIRES_EXPORT,No,Keep URL or approved direct permanent redirect to exact equivalent.
https://www.ezhalhe-sa.com/articles/%D8%AE%D8%AF%D9%85%D8%A7%D8%AA-%D8%A7%D9%84%D8%A5%D8%AF%D8%A7%D8%B1%D8%A9-%D8%A7%D9%84%D9%85%D8%AA%D9%83%D8%A7%D9%85%D9%84%D8%A9-%D9%84%D9%84%D9%85%D8%AA%D8%AC%D8%B1-%D9%88%D8%A7%D9%84%D8%AA%D8%B3%D9%88%D9%8A%D9%82-%D8%A7%D9%84%D8%B1%D9%82%D9%85%D9%8A-%D9%85%D8%A7-%D8%A7%D9%84%D8%B0%D9%8A-%D8%AA%D9%82%D8%AF%D9%85%D9%87.html,articles/خدمات-الإدارة-المتكاملة-للمتجر-والتسويق-الرقمي-ما-الذي-تقدمه.html,,,,UNKNOWN_REQUIRES_EXPORT,No,Keep URL or approved direct permanent redirect to exact equivalent.
https://www.ezhalhe-sa.com/articles/%D8%AE%D8%AF%D9%85%D8%A7%D8%AA-%D8%A7%D9%84%D8%AF%D8%B9%D9%85-%D8%A7%D9%84%D9%81%D9%86%D9%8A-%D9%84%D8%AA%D9%88%D8%AB%D9%8A%D9%82-%D9%85%D8%AA%D8%AC%D8%B1%D9%83-%D9%81%D9%8A-%D9%85%D9%86%D8%B5%D8%A9-%D8%A7%D9%84%D8%A3%D8%B9%D9%85%D8%A7%D9%84.html,articles/خدمات-الدعم-الفني-لتوثيق-متجرك-في-منصة-الأعمال.html,,,,UNKNOWN_REQUIRES_EXPORT,No,Keep URL or approved direct permanent redirect to exact equivalent.
https://www.ezhalhe-sa.com/articles/%D8%AE%D8%AF%D9%85%D8%A7%D8%AA-%D8%A7%D9%84%D9%85%D8%B3%D8%A7%D8%B9%D8%AF%D8%A9-%D9%81%D9%8A-%D8%A7%D8%B3%D8%AA%D8%AE%D8%B1%D8%A7%D8%AC-%D9%88%D8%AB%D9%8A%D9%82%D8%A9-%D8%A7%D9%84%D8%B9%D9%85%D9%84-%D8%A7%D9%84%D8%AD%D8%B1-%D8%AA%D9%88%D9%81%D9%8A%D8%B1-%D8%A7%D9%84%D9%88%D9%82%D8%AA-%D9%88%D8%A7%D9%84%D8%AC%D9%87%D8%AF.html,articles/خدمات-المساعدة-في-استخراج-وثيقة-العمل-الحر-توفير-الوقت-والجهد.html,,,,UNKNOWN_REQUIRES_EXPORT,No,Keep URL or approved direct permanent redirect to exact equivalent.
https://www.ezhalhe-sa.com/articles/%D8%AE%D8%AF%D9%85%D8%A7%D8%AA-%D8%A7%D9%84%D9%85%D8%B3%D8%A7%D8%B9%D8%AF%D8%A9-%D9%81%D9%8A-%D8%AA%D9%81%D8%B9%D9%8A%D9%84-%D8%A8%D9%88%D8%A7%D8%A8%D8%A7%D8%AA-%D8%A7%D9%84%D8%AF%D9%81%D8%B9-%D8%B6%D9%85%D8%A7%D9%86-%D8%A7%D9%84%D8%AA%D9%83%D8%A7%D9%85%D9%84-%D8%A7%D9%84%D8%B3%D8%B1%D9%8A%D8%B9.html,articles/خدمات-المساعدة-في-تفعيل-بوابات-الدفع-ضمان-التكامل-السريع.html,,,,UNKNOWN_REQUIRES_EXPORT,No,Keep URL or approved direct permanent redirect to exact equivalent.
https://www.ezhalhe-sa.com/articles/%D8%AE%D8%AF%D9%85%D8%A7%D8%AA-%D8%A7%D9%84%D9%85%D8%B3%D8%A7%D8%B9%D8%AF%D8%A9-%D9%81%D9%8A-%D8%AA%D9%81%D8%B9%D9%8A%D9%84-%D8%AA%D8%A7%D8%A8%D9%8A-%D9%88%D8%AA%D9%85%D8%A7%D8%B1%D8%A7-%D8%B6%D9%85%D8%A7%D9%86-%D8%A7%D9%84%D9%82%D8%A8%D9%88%D9%84-%D8%A7%D9%84%D8%B3%D8%B1%D9%8A%D8%B9.html,articles/خدمات-المساعدة-في-تفعيل-تابي-وتمارا-ضمان-القبول-السريع.html,,,,UNKNOWN_REQUIRES_EXPORT,No,Keep URL or approved direct permanent redirect to exact equivalent.
https://www.ezhalhe-sa.com/articles/%D8%AE%D8%AF%D9%85%D8%A7%D8%AA-%D8%A7%D9%84%D9%85%D8%B3%D8%A7%D8%B9%D8%AF%D8%A9-%D9%81%D9%8A-%D8%AA%D9%88%D8%AB%D9%8A%D9%82-%D9%85%D8%AA%D8%AC%D8%B1%D9%83-%D8%B9%D9%84%D9%89-%D8%B3%D9%84%D8%A9-%D8%B6%D9%85%D8%A7%D9%86-%D8%A7%D9%84%D9%82%D8%A8%D9%88%D9%84-%D8%A7%D9%84%D8%B3%D8%B1%D9%8A%D8%B9.html,articles/خدمات-المساعدة-في-توثيق-متجرك-على-سلة-ضمان-القبول-السريع.html,,,,UNKNOWN_REQUIRES_EXPORT,No,Keep URL or approved direct permanent redirect to exact equivalent.
https://www.ezhalhe-sa.com/articles/%D8%AE%D8%B7%D9%88%D8%A7%D8%AA-%D8%A7%D9%84%D8%AA%D8%B3%D8%AC%D9%8A%D9%84-%D9%88%D8%AA%D9%81%D8%B9%D9%8A%D9%84-%D8%A8%D9%88%D8%A7%D8%A8%D8%A9-%D8%A7%D9%84%D8%AF%D9%81%D8%B9-%D9%85%D9%8A%D8%B3-mees-%D8%B9%D9%84%D9%89-%D9%85%D8%AA%D8%AC%D8%B1%D9%83.html,articles/خطوات-التسجيل-وتفعيل-بوابة-الدفع-ميس-mees-على-متجرك.html,,,,UNKNOWN_REQUIRES_EXPORT,No,Keep URL or approved direct permanent redirect to exact equivalent.
https://www.ezhalhe-sa.com/articles/%D8%AE%D8%B7%D9%88%D8%A7%D8%AA-%D9%81%D8%AA%D8%AD-%D8%AD%D8%B3%D8%A7%D8%A8-%D8%A8%D9%86%D9%83%D9%8A-%D8%A5%D9%84%D9%83%D8%AA%D8%B1%D9%88%D9%86%D9%8A-%D9%84%D9%84%D8%A3%D9%81%D8%B1%D8%A7%D8%AF-%D9%88%D8%A7%D9%84%D9%85%D8%A4%D8%B3%D8%B3%D8%A7%D8%AA.html,articles/خطوات-فتح-حساب-بنكي-إلكتروني-للأفراد-والمؤسسات.html,,,,UNKNOWN_REQUIRES_EXPORT,No,Keep URL or approved direct permanent redirect to exact equivalent.
https://www.ezhalhe-sa.com/articles/%D8%AF%D9%84%D9%8A%D9%84-%D8%AA%D9%81%D8%B9%D9%8A%D9%84-%D8%A8%D9%88%D8%A7%D8%A8%D8%A9-%D8%A7%D9%84%D8%AF%D9%81%D8%B9-%D9%85%D8%AF%D9%81%D9%88%D8%B9-madfou-%D9%84%D9%84%D9%85%D8%AA%D8%A7%D8%AC%D8%B1-%D8%A7%D9%84%D9%86%D8%A7%D8%B4%D8%A6%D8%A9.html,articles/دليل-تفعيل-بوابة-الدفع-مدفوع-madfou-للمتاجر-الناشئة.html,,,,UNKNOWN_REQUIRES_EXPORT,No,Keep URL or approved direct permanent redirect to exact equivalent.
https://www.ezhalhe-sa.com/articles/%D8%AF%D9%84%D9%8A%D9%84-%D8%AA%D9%81%D8%B9%D9%8A%D9%84-%D8%AA%D8%A7%D8%A8%D9%8A-%D9%88%D8%AA%D9%85%D8%A7%D8%B1%D8%A7-%D9%84%D9%84%D9%85%D8%AA%D8%A7%D8%AC%D8%B1-%D8%A7%D9%84%D8%AA%D9%8A-%D8%AA%D8%B9%D9%85%D9%84-%D8%A8%D8%AF%D9%88%D9%86-%D8%B3%D8%AC%D9%84-%D8%AA%D8%AC%D8%A7%D8%B1%D9%8A.html,articles/دليل-تفعيل-تابي-وتمارا-للمتاجر-التي-تعمل-بدون-سجل-تجاري.html,,,,UNKNOWN_REQUIRES_EXPORT,No,Keep URL or approved direct permanent redirect to exact equivalent.
https://www.ezhalhe-sa.com/articles/%D8%AF%D9%88%D8%B1-%D8%A7%D9%84%D9%87%D9%88%D9%8A%D8%A9-%D8%A7%D9%84%D8%A8%D8%B5%D8%B1%D9%8A%D8%A9-%D9%81%D9%8A-%D9%86%D8%AC%D8%A7%D8%AD-%D9%85%D8%AA%D8%AC%D8%B1%D9%83-%D8%A7%D9%84%D8%A5%D9%84%D9%83%D8%AA%D8%B1%D9%88%D9%86%D9%8A-%D8%A7%D9%84%D8%A7%D8%AD%D8%AA%D8%B1%D8%A7%D9%81%D9%8A.html,articles/دور-الهوية-البصرية-في-نجاح-متجرك-الإلكتروني-الاحترافي.html,,,,UNKNOWN_REQUIRES_EXPORT,No,Keep URL or approved direct permanent redirect to exact equivalent.
https://www.ezhalhe-sa.com/articles/%D8%AF%D9%88%D8%B1-%D8%AA%D8%AD%D8%B3%D9%8A%D9%86-seo-%D9%81%D9%8A-%D8%AF%D8%B9%D9%85-%D8%A3%D8%AF%D8%A7%D8%A1-%D8%AD%D9%85%D9%84%D8%A7%D8%AA%D9%83-%D8%A7%D9%84%D8%A5%D8%B9%D9%84%D8%A7%D9%86%D9%8A%D8%A9.html,articles/دور-تحسين-seo-في-دعم-أداء-حملاتك-الإعلانية.html,,,,UNKNOWN_REQUIRES_EXPORT,No,Keep URL or approved direct permanent redirect to exact equivalent.
https://www.ezhalhe-sa.com/articles/%D8%AF%D9%88%D8%B1-%D8%AA%D8%AE%D8%B5%D9%8A%D8%B5-css-%D9%81%D9%8A-%D8%AA%D8%B5%D9%85%D9%8A%D9%85-%D9%85%D8%AA%D8%AC%D8%B1-%D8%B3%D9%84%D8%A9-%D8%A7%D8%AD%D8%AA%D8%B1%D8%A7%D9%81%D9%8A-%D9%88%D9%85%D9%85%D9%8A%D8%B2.html,articles/دور-تخصيص-css-في-تصميم-متجر-سلة-احترافي-ومميز.html,,,,UNKNOWN_REQUIRES_EXPORT,No,Keep URL or approved direct permanent redirect to exact equivalent.
https://www.ezhalhe-sa.com/articles/%D8%B1%D8%A8%D8%B7-%D9%85%D8%AA%D8%AC%D8%B1%D9%83-%D8%A8%D9%80-google-merchant-center-%D8%AE%D8%B7%D9%88%D8%A7%D8%AA-%D9%84%D8%B2%D9%8A%D8%A7%D8%AF%D8%A9-%D8%A7%D9%84%D8%B8%D9%87%D9%88%D8%B1.html,articles/ربط-متجرك-بـ-google-merchant-center-خطوات-لزيادة-الظهور.html,,,,UNKNOWN_REQUIRES_EXPORT,No,Keep URL or approved direct permanent redirect to exact equivalent.
https://www.ezhalhe-sa.com/articles/%D8%B9%D9%86%D8%A7%D8%B5%D8%B1-%D8%A7%D9%84%D8%AA%D8%B5%D9%85%D9%8A%D9%85-%D8%A7%D9%84%D8%AA%D9%8A-%D8%AA%D8%B2%D9%8A%D8%AF-%D9%85%D9%86-%D9%85%D8%B9%D8%AF%D9%84-%D8%A7%D9%84%D8%AA%D8%AD%D9%88%D9%8A%D9%84-%D9%81%D9%8A-%D8%A7%D9%84%D9%85%D8%AA%D8%A7%D8%AC%D8%B1-%D8%A7%D9%84%D8%A5%D9%84%D9%83%D8%AA%D8%B1%D9%88%D9%86%D9%8A%D8%A9.html,articles/عناصر-التصميم-التي-تزيد-من-معدل-التحويل-في-المتاجر-الإلكترونية.html,,,,UNKNOWN_REQUIRES_EXPORT,No,Keep URL or approved direct permanent redirect to exact equivalent.
https://www.ezhalhe-sa.com/articles/%D9%81%D8%AA%D8%AD-%D8%AD%D8%B3%D8%A7%D8%A8-%D8%A8%D9%86%D9%83%D9%8A-%D9%84%D9%84%D9%85%D8%B4%D8%A7%D8%B1%D9%8A%D8%B9-%D8%A7%D9%84%D9%86%D8%A7%D8%B4%D8%A6%D8%A9-%D8%AF%D9%84%D9%8A%D9%84-%D8%AE%D8%B7%D9%88%D8%A9-%D8%A8%D8%AE%D8%B7%D9%88%D8%A9.html,articles/فتح-حساب-بنكي-للمشاريع-الناشئة-دليل-خطوة-بخطوة.html,,,,UNKNOWN_REQUIRES_EXPORT,No,Keep URL or approved direct permanent redirect to exact equivalent.
https://www.ezhalhe-sa.com/articles/%D9%83%D9%8A%D9%81-%D8%AA%D8%AE%D8%AA%D8%A7%D8%B1-%D9%82%D8%A7%D9%84%D8%A8-%D9%85%D8%AA%D8%AC%D8%B1-%D8%B2%D8%AF-%D8%A7%D9%84%D9%85%D9%86%D8%A7%D8%B3%D8%A8-%D9%84%D9%85%D9%86%D8%AA%D8%AC%D8%A7%D8%AA%D9%83-%D8%AF%D9%84%D9%8A%D9%84-%D8%B9%D9%85%D9%84%D9%8A.html,articles/كيف-تختار-قالب-متجر-زد-المناسب-لمنتجاتك-دليل-عملي.html,,,,UNKNOWN_REQUIRES_EXPORT,No,Keep URL or approved direct permanent redirect to exact equivalent.
https://www.ezhalhe-sa.com/articles/%D9%83%D9%8A%D9%81-%D8%AA%D8%AE%D8%B7%D8%B7-%D9%84%D8%AD%D9%85%D9%84%D8%A9-%D8%A5%D8%B9%D9%84%D8%A7%D9%86%D9%8A%D8%A9-%D9%86%D8%A7%D8%AC%D8%AD%D8%A9-%D9%84%D9%85%D8%AA%D8%AC%D8%B1%D9%83-%D8%A7%D9%84%D8%A5%D9%84%D9%83%D8%AA%D8%B1%D9%88%D9%86%D9%8A.html,articles/كيف-تخطط-لحملة-إعلانية-ناجحة-لمتجرك-الإلكتروني.html,,,,UNKNOWN_REQUIRES_EXPORT,No,Keep URL or approved direct permanent redirect to exact equivalent.
https://www.ezhalhe-sa.com/articles/%D9%83%D9%8A%D9%81-%D8%AA%D8%B3%D8%A7%D8%B9%D8%AF-%D9%88%D8%AB%D9%8A%D9%82%D8%A9-%D8%A7%D9%84%D8%B9%D9%85%D9%84-%D8%A7%D9%84%D8%AD%D8%B1-%D9%81%D9%8A-%D8%AA%D9%88%D8%AB%D9%8A%D9%82-%D9%85%D8%AA%D8%AC%D8%B1%D9%83-%D8%B9%D9%84%D9%89-%D9%85%D9%86%D8%B5%D8%AA%D9%8A-%D8%B3%D9%84%D8%A9-%D9%88%D8%B2%D8%AF.html,articles/كيف-تساعد-وثيقة-العمل-الحر-في-توثيق-متجرك-على-منصتي-سلة-وزد.html,,,,UNKNOWN_REQUIRES_EXPORT,No,Keep URL or approved direct permanent redirect to exact equivalent.
https://www.ezhalhe-sa.com/articles/%D9%83%D9%8A%D9%81-%D8%AA%D8%B6%D9%85%D9%86-%D8%A5%D8%AF%D8%A7%D8%B1%D8%A9-%D9%85%D8%AA%D8%AC%D8%B1%D9%83-%D8%A7%D9%84%D8%A5%D9%84%D9%83%D8%AA%D8%B1%D9%88%D9%86%D9%8A-%D8%A8%D9%83%D9%81%D8%A7%D8%A1%D8%A9-%D8%B9%D8%A7%D9%84%D9%8A%D8%A9-%D9%84%D9%85%D8%AF%D8%A9-%D8%B4%D9%87%D8%B1.html,articles/كيف-تضمن-إدارة-متجرك-الإلكتروني-بكفاءة-عالية-لمدة-شهر.html,,,,UNKNOWN_REQUIRES_EXPORT,No,Keep URL or approved direct permanent redirect to exact equivalent.
https://www.ezhalhe-sa.com/articles/%D9%83%D9%8A%D9%81-%D9%8A%D8%A4%D8%AB%D8%B1-%D8%A7%D9%84%D8%AF%D9%81%D8%B9-%D8%A7%D9%84%D8%A2%D8%AC%D9%84-%D8%B9%D9%84%D9%89-%D8%B3%D9%84%D8%A9-%D8%A7%D9%84%D9%85%D8%B4%D8%AA%D8%B1%D9%8A%D8%A7%D8%AA-%D9%88%D9%82%D9%8A%D9%85%D8%A9-%D8%A7%D9%84%D8%B7%D9%84%D8%A8-%D8%A7%D9%84%D9%85%D8%AA%D9%88%D8%B3%D8%B7%D8%A9.html,articles/كيف-يؤثر-الدفع-الآجل-على-سلة-المشتريات-وقيمة-الطلب-المتوسطة.html,,,,UNKNOWN_REQUIRES_EXPORT,No,Keep URL or approved direct permanent redirect to exact equivalent.
https://www.ezhalhe-sa.com/articles/%D9%83%D9%8A%D9%81-%D9%8A%D8%A4%D8%AB%D8%B1-%D8%AA%D9%88%D8%AB%D9%8A%D9%82-%D8%A7%D9%84%D9%85%D8%AA%D8%AC%D8%B1-%D8%B9%D9%84%D9%89-%D8%AA%D8%AD%D8%B3%D9%8A%D9%86-%D9%85%D8%AD%D8%B1%D9%83%D8%A7%D8%AA-%D8%A7%D9%84%D8%A8%D8%AD%D8%AB-seo-%D9%84%D9%85%D8%AA%D8%AC%D8%B1%D9%83.html,articles/كيف-يؤثر-توثيق-المتجر-على-تحسين-محركات-البحث-seo-لمتجرك.html,,,,UNKNOWN_REQUIRES_EXPORT,No,Keep URL or approved direct permanent redirect to exact equivalent.
https://www.ezhalhe-sa.com/articles/%D9%83%D9%8A%D9%81-%D9%8A%D8%A4%D8%AB%D8%B1-%D8%AA%D9%88%D8%AB%D9%8A%D9%82-%D9%85%D9%86%D8%B5%D8%A9-%D8%A7%D9%84%D8%A3%D8%B9%D9%85%D8%A7%D9%84-%D8%B9%D9%84%D9%89-%D8%A7%D9%84%D8%AA%D8%B9%D8%A7%D9%85%D9%84%D8%A7%D8%AA-%D8%A7%D9%84%D9%85%D8%A7%D9%84%D9%8A%D8%A9-%D9%88%D8%A7%D9%84%D8%AD%D8%B3%D8%A7%D8%A8-%D8%A7%D9%84%D8%A8%D9%86%D9%83%D9%8A.html,articles/كيف-يؤثر-توثيق-منصة-الأعمال-على-التعاملات-المالية-والحساب-البنكي.html,,,,UNKNOWN_REQUIRES_EXPORT,No,Keep URL or approved direct permanent redirect to exact equivalent.
https://www.ezhalhe-sa.com/articles/%D9%83%D9%8A%D9%81-%D9%8A%D8%B3%D9%87%D9%84-%D8%A7%D9%84%D8%AD%D8%B3%D8%A7%D8%A8-%D8%A7%D9%84%D8%A8%D9%86%D9%83%D9%8A-%D8%A7%D9%84%D8%AA%D8%AC%D8%A7%D8%B1%D9%8A-%D8%B9%D9%85%D9%84%D9%8A%D8%A9-%D8%AA%D9%88%D8%AB%D9%8A%D9%82-%D9%85%D8%AA%D8%AC%D8%B1%D9%83-%D8%A7%D9%84%D8%A5%D9%84%D9%83%D8%AA%D8%B1%D9%88%D9%86%D9%8A.html,articles/كيف-يسهل-الحساب-البنكي-التجاري-عملية-توثيق-متجرك-الإلكتروني.html,,,,UNKNOWN_REQUIRES_EXPORT,No,Keep URL or approved direct permanent redirect to exact equivalent.
https://www.ezhalhe-sa.com/articles/%D9%83%D9%8A%D9%81%D9%8A%D8%A9-%D8%AA%D8%AC%D8%AF%D9%8A%D8%AF-%D9%88%D8%AB%D9%8A%D9%82%D8%A9-%D8%A7%D9%84%D8%B9%D9%85%D9%84-%D8%A7%D9%84%D8%AD%D8%B1-%D9%88%D8%AA%D8%B9%D8%AF%D9%8A%D9%84-%D8%A8%D9%8A%D8%A7%D9%86%D8%A7%D8%AA%D9%87%D8%A7.html,articles/كيفية-تجديد-وثيقة-العمل-الحر-وتعديل-بياناتها.html,,,,UNKNOWN_REQUIRES_EXPORT,No,Keep URL or approved direct permanent redirect to exact equivalent.
https://www.ezhalhe-sa.com/articles/%D9%83%D9%8A%D9%81%D9%8A%D8%A9-%D8%AA%D8%B5%D9%85%D9%8A%D9%85-%D9%85%D8%AA%D8%AC%D8%B1-%D8%A5%D9%84%D9%83%D8%AA%D8%B1%D9%88%D9%86%D9%8A-%D8%A7%D8%AD%D8%AA%D8%B1%D8%A7%D9%81%D9%8A-%D8%B9%D9%84%D9%89-%D9%85%D9%86%D8%B5%D8%A9-%D8%B3%D9%84%D8%A9-%D9%88%D8%B2%D8%AF.html,articles/كيفية-تصميم-متجر-إلكتروني-احترافي-على-منصة-سلة-وزد.html,,,,UNKNOWN_REQUIRES_EXPORT,No,Keep URL or approved direct permanent redirect to exact equivalent.
https://www.ezhalhe-sa.com/articles/%D9%83%D9%8A%D9%81%D9%8A%D8%A9-%D8%B1%D8%A8%D8%B7-%D8%A8%D9%88%D8%A7%D8%A8%D8%A9-%D8%A7%D9%84%D8%AF%D9%81%D8%B9-%D8%A5%D9%85%D9%83%D8%A7%D9%86-imkan-%D8%A8%D9%85%D8%AA%D8%AC%D8%B1%D9%83-%D8%B9%D9%84%D9%89-%D8%B3%D9%84%D8%A9-%D8%A3%D9%88-%D8%B2%D8%AF.html,articles/كيفية-ربط-بوابة-الدفع-إمكان-imkan-بمتجرك-على-سلة-أو-زد.html,,,,UNKNOWN_REQUIRES_EXPORT,No,Keep URL or approved direct permanent redirect to exact equivalent.
https://www.ezhalhe-sa.com/articles/%D9%85%D8%A7-%D9%87%D9%8A-%D9%88%D8%AB%D9%8A%D9%82%D8%A9-%D8%A7%D9%84%D8%B9%D9%85%D9%84-%D8%A7%D9%84%D8%AD%D8%B1-%D9%88%D8%A3%D9%87%D9%85%D9%8A%D8%AA%D9%87%D8%A7-%D9%84%D8%A3%D8%B5%D8%AD%D8%A7%D8%A8-%D8%A7%D9%84%D9%85%D8%AA%D8%A7%D8%AC%D8%B1-%D8%A7%D9%84%D8%A5%D9%84%D9%83%D8%AA%D8%B1%D9%88%D9%86%D9%8A%D8%A9.html,articles/ما-هي-وثيقة-العمل-الحر-وأهميتها-لأصحاب-المتاجر-الإلكترونية.html,,,,UNKNOWN_REQUIRES_EXPORT,No,Keep URL or approved direct permanent redirect to exact equivalent.
https://www.ezhalhe-sa.com/articles/%D9%85%D8%AA%D8%B7%D9%84%D8%A8%D8%A7%D8%AA-%D8%A7%D9%84%D8%AA%D9%88%D8%AB%D9%8A%D9%82-%D9%84%D9%84%D9%85%D8%AA%D8%A7%D8%AC%D8%B1-%D8%A7%D9%84%D8%AA%D9%8A-%D8%AA%D8%B9%D9%85%D9%84-%D8%B9%D9%84%D9%89-%D9%85%D9%86%D8%B5%D8%A7%D8%AA-%D8%B3%D9%84%D8%A9-%D9%88%D8%B2%D8%AF.html,articles/متطلبات-التوثيق-للمتاجر-التي-تعمل-على-منصات-سلة-وزد.html,,,,UNKNOWN_REQUIRES_EXPORT,No,Keep URL or approved direct permanent redirect to exact equivalent.
https://www.ezhalhe-sa.com/articles/%D9%85%D9%82%D8%A7%D8%B1%D9%86%D8%A9-%D8%A8%D9%8A%D9%86-%D8%A5%D8%AC%D8%B1%D8%A7%D8%A1%D8%A7%D8%AA-%D9%81%D8%AA%D8%AD-%D8%AD%D8%B3%D8%A7%D8%A8-%D8%A8%D9%86%D9%83%D9%8A-%D8%AA%D8%AC%D8%A7%D8%B1%D9%8A-%D9%81%D9%8A-%D8%A7%D9%84%D8%B1%D8%A7%D8%AC%D8%AD%D9%8A-%D9%88%D8%A7%D9%84%D8%A5%D9%86%D9%85%D8%A7%D8%A1.html,articles/مقارنة-بين-إجراءات-فتح-حساب-بنكي-تجاري-في-الراجحي-والإنماء.html,,,,UNKNOWN_REQUIRES_EXPORT,No,Keep URL or approved direct permanent redirect to exact equivalent.
https://www.ezhalhe-sa.com/articles/%D9%85%D9%82%D8%A7%D8%B1%D9%86%D8%A9-%D8%A8%D9%8A%D9%86-%D8%A8%D9%88%D8%A7%D8%A8%D8%A7%D8%AA-%D8%A7%D9%84%D8%AF%D9%81%D8%B9-%D8%A7%D9%84%D8%A5%D9%84%D9%83%D8%AA%D8%B1%D9%88%D9%86%D9%8A-%D9%85%D9%8A%D8%B3-%D9%85%D8%AF%D9%81%D9%88%D8%B9-%D9%88%D8%A5%D9%85%D9%83%D8%A7%D9%86.html,articles/مقارنة-بين-بوابات-الدفع-الإلكتروني-ميس-مدفوع-وإمكان.html,,,,UNKNOWN_REQUIRES_EXPORT,No,Keep URL or approved direct permanent redirect to exact equivalent.
https://www.ezhalhe-sa.com/articles/%D9%85%D9%82%D8%A7%D8%B1%D9%86%D8%A9-%D8%A8%D9%8A%D9%86-%D9%85%D9%86%D8%B5%D8%A7%D8%AA-%D8%A7%D9%84%D8%A5%D8%B9%D9%84%D8%A7%D9%86-%D8%A7%D9%84%D8%B1%D8%A6%D9%8A%D8%B3%D9%8A%D8%A9-%D8%AC%D9%88%D8%AC%D9%84-%D9%81%D9%8A%D8%B3%D8%A8%D9%88%D9%83-%D8%B3%D9%86%D8%A7%D8%A8-%D8%B4%D8%A7%D8%AA.html,articles/مقارنة-بين-منصات-الإعلان-الرئيسية-جوجل-فيسبوك-سناب-شات.html,,,,UNKNOWN_REQUIRES_EXPORT,No,Keep URL or approved direct permanent redirect to exact equivalent.
https://www.ezhalhe-sa.com/articles/%D9%85%D9%82%D8%A7%D8%B1%D9%86%D8%A9-%D8%B4%D8%A7%D9%85%D9%84%D8%A9-%D8%A8%D9%8A%D9%86-%D8%A8%D8%A7%D9%82%D8%A7%D8%AA-%D8%AA%D8%B5%D9%85%D9%8A%D9%85-%D9%85%D8%AA%D8%AC%D8%B1-%D8%B3%D9%84%D8%A9-%D8%A8%D9%8A%D8%B3%D9%83-%D8%A8%D9%84%D8%B3-%D8%A8%D8%B1%D9%88-%D8%B0%D9%87%D8%A8%D9%8A%D8%A9.html,articles/مقارنة-شاملة-بين-باقات-تصميم-متجر-سلة-بيسك-بلس-برو-ذهبية.html,,,,UNKNOWN_REQUIRES_EXPORT,No,Keep URL or approved direct permanent redirect to exact equivalent.
https://www.ezhalhe-sa.com/articles/%D9%86%D8%B5%D8%A7%D8%A6%D8%AD-%D9%84%D8%AA%D8%B3%D8%B1%D9%8A%D8%B9-%D8%B9%D9%85%D9%84%D9%8A%D8%A9-%D8%A7%D9%84%D9%85%D9%88%D8%A7%D9%81%D9%82%D8%A9-%D8%B9%D9%84%D9%89-%D9%81%D8%AA%D8%AD-%D8%AD%D8%B3%D8%A7%D8%A8-%D8%A8%D9%86%D9%83%D9%8A-%D9%84%D9%84%D8%A3%D8%B9%D9%85%D8%A7%D9%84.html,articles/نصائح-لتسريع-عملية-الموافقة-على-فتح-حساب-بنكي-للأعمال.html,,,,UNKNOWN_REQUIRES_EXPORT,No,Keep URL or approved direct permanent redirect to exact equivalent.
https://www.ezhalhe-sa.com/articles/%D9%88%D8%AB%D9%8A%D9%82%D8%A9-%D8%A7%D9%84%D8%B9%D9%85%D9%84-%D8%A7%D9%84%D8%AD%D8%B1-%D8%AF%D9%84%D9%8A%D9%84-%D9%84%D8%AA%D8%AD%D8%AF%D9%8A%D8%AF-%D8%A7%D9%84%D9%86%D8%B4%D8%A7%D8%B7-%D8%A7%D9%84%D9%85%D9%86%D8%A7%D8%B3%D8%A8-%D9%84%D9%85%D8%AA%D8%AC%D8%B1%D9%83.html,articles/وثيقة-العمل-الحر-دليل-لتحديد-النشاط-المناسب-لمتجرك.html,,,,UNKNOWN_REQUIRES_EXPORT,No,Keep URL or approved direct permanent redirect to exact equivalent.
https://www.ezhalhe-sa.com/articles/%D9%88%D8%AB%D9%8A%D9%82%D8%A9-%D8%A7%D9%84%D8%B9%D9%85%D9%84-%D8%A7%D9%84%D8%AD%D8%B1-%D9%88%D8%A7%D9%84%D8%A7%D9%84%D8%AA%D8%B2%D8%A7%D9%85%D8%A7%D8%AA-%D8%A7%D9%84%D8%B6%D8%B1%D9%8A%D8%A8%D9%8A%D8%A9-%D9%85%D8%A7-%D9%8A%D8%AC%D8%A8-%D8%A3%D9%86-%D8%AA%D8%B9%D8%B1%D9%81%D9%87.html,articles/وثيقة-العمل-الحر-والالتزامات-الضريبية-ما-يجب-أن-تعرفه.html,,,,UNKNOWN_REQUIRES_EXPORT,No,Keep URL or approved direct permanent redirect to exact equivalent.
https://www.ezhalhe-sa.com/articles.html,articles.html,,,,UNKNOWN_REQUIRES_EXPORT,No,Keep URL or approved direct permanent redirect to exact equivalent.
https://www.ezhalhe-sa.com/blog.html,blog.html,,,,UNKNOWN_REQUIRES_EXPORT,No,Keep URL or approved direct permanent redirect to exact equivalent.
https://www.ezhalhe-sa.com/brand-building.html,brand-building.html,,,,UNKNOWN_REQUIRES_EXPORT,No,Keep URL or approved direct permanent redirect to exact equivalent.
https://www.ezhalhe-sa.com/competitor-analysis.html,competitor-analysis.html,,,,UNKNOWN_REQUIRES_EXPORT,No,Keep URL or approved direct permanent redirect to exact equivalent.
https://www.ezhalhe-sa.com/data-analysis.html,data-analysis.html,,,,UNKNOWN_REQUIRES_EXPORT,No,Keep URL or approved direct permanent redirect to exact equivalent.
https://www.ezhalhe-sa.com/digital-ads.html,digital-ads.html,,,,UNKNOWN_REQUIRES_EXPORT,No,Keep URL or approved direct permanent redirect to exact equivalent.
https://www.ezhalhe-sa.com/discount-salla-plus.html,discount-salla-plus.html,,,,UNKNOWN_REQUIRES_EXPORT,No,Keep URL or approved direct permanent redirect to exact equivalent.
https://www.ezhalhe-sa.com/discount-salla-pro.html,discount-salla-pro.html,,,,UNKNOWN_REQUIRES_EXPORT,No,Keep URL or approved direct permanent redirect to exact equivalent.
https://www.ezhalhe-sa.com/google387142411d334808.html,google387142411d334808.html,,,,UNKNOWN_REQUIRES_EXPORT,No,Keep URL or approved direct permanent redirect to exact equivalent.
https://www.ezhalhe-sa.com/,index.html,,,,UNKNOWN_REQUIRES_EXPORT,No,Keep URL or approved direct permanent redirect to exact equivalent.
https://www.ezhalhe-sa.com/product-marketing.html,product-marketing.html,,,,UNKNOWN_REQUIRES_EXPORT,No,Keep URL or approved direct permanent redirect to exact equivalent.
https://www.ezhalhe-sa.com/salla-store-design-dammam.html,salla-store-design-dammam.html,,,,UNKNOWN_REQUIRES_EXPORT,No,Keep URL or approved direct permanent redirect to exact equivalent.
https://www.ezhalhe-sa.com/salla-store-design-jeddah.html,salla-store-design-jeddah.html,,,,UNKNOWN_REQUIRES_EXPORT,No,Keep URL or approved direct permanent redirect to exact equivalent.
https://www.ezhalhe-sa.com/salla-store-design-makkah.html,salla-store-design-makkah.html,,,,UNKNOWN_REQUIRES_EXPORT,No,Keep URL or approved direct permanent redirect to exact equivalent.
https://www.ezhalhe-sa.com/salla-store-design-riyadh.html,salla-store-design-riyadh.html,,,,UNKNOWN_REQUIRES_EXPORT,No,Keep URL or approved direct permanent redirect to exact equivalent.
https://www.ezhalhe-sa.com/salla-store-design.html,salla-store-design.html,,,,UNKNOWN_REQUIRES_EXPORT,No,Keep URL or approved direct permanent redirect to exact equivalent.
https://www.ezhalhe-sa.com/search-engine-optimization.html,search-engine-optimization.html,,,,UNKNOWN_REQUIRES_EXPORT,No,Keep URL or approved direct permanent redirect to exact equivalent.
https://www.ezhalhe-sa.com/secure-payments.html,secure-payments.html,,,,UNKNOWN_REQUIRES_EXPORT,No,Keep URL or approved direct permanent redirect to exact equivalent.
https://www.ezhalhe-sa.com/store-verification.html,store-verification.html,,,,UNKNOWN_REQUIRES_EXPORT,No,Keep URL or approved direct permanent redirect to exact equivalent.
https://www.ezhalhe-sa.com/zid-store-design.html,zid-store-design.html,,,,UNKNOWN_REQUIRES_EXPORT,No,Keep URL or approved direct permanent redirect to exact equivalent.
