file,page_url,page_status,canonical,canonical_count,canonical_status,canonical_final_url,self_referencing,canonical_host,intended_host,issue
404.html,https://www.ezhalhe-sa.com/404.html,200,https://ezhalhe-sa.com/404.html,1,200,https://www.ezhalhe-sa.com/404.html,False,ezhalhe-sa.com,www.ezhalhe-sa.com,non-www
_new_testi.html,https://www.ezhalhe-sa.com/_new_testi.html,200,,0,,,False,,www.ezhalhe-sa.com,missing
articles/أخطاء-شائعة-في-تصميم-المتاجر-الإلكترونية-وكيفية-تجنبها.html,https://www.ezhalhe-sa.com/articles/%D8%A3%D8%AE%D8%B7%D8%A7%D8%A1-%D8%B4%D8%A7%D8%A6%D8%B9%D8%A9-%D9%81%D9%8A-%D8%AA%D8%B5%D9%85%D9%8A%D9%85-%D8%A7%D9%84%D9%85%D8%AA%D8%A7%D8%AC%D8%B1-%D8%A7%D9%84%D8%A5%D9%84%D9%83%D8%AA%D8%B1%D9%88%D9%86%D9%8A%D8%A9-%D9%88%D9%83%D9%8A%D9%81%D9%8A%D8%A9-%D8%AA%D8%AC%D9%86%D8%A8%D9%87%D8%A7.html,200,https://ezhalhe-sa.com/articles/أخطاء-شائعة-في-تصميم-المتاجر-الإلكترونية-وكيفية-تجنبها.html,1,200,https://www.ezhalhe-sa.com/articles/%D8%A3%D8%AE%D8%B7%D8%A7%D8%A1-%D8%B4%D8%A7%D8%A6%D8%B9%D8%A9-%D9%81%D9%8A-%D8%AA%D8%B5%D9%85%D9%8A%D9%85-%D8%A7%D9%84%D9%85%D8%AA%D8%A7%D8%AC%D8%B1-%D8%A7%D9%84%D8%A5%D9%84%D9%83%D8%AA%D8%B1%D9%88%D9%86%D9%8A%D8%A9-%D9%88%D9%83%D9%8A%D9%81%D9%8A%D8%A9-%D8%AA%D8%AC%D9%86%D8%A8%D9%87%D8%A7.html,False,ezhalhe-sa.com,www.ezhalhe-sa.com,non-www
articles/أدوات-وتقنيات-تسهل-عليك-إدارة-متجرك-الإلكتروني-اليومية.html,https://www.ezhalhe-sa.com/articles/%D8%A3%D8%AF%D9%88%D8%A7%D8%AA-%D9%88%D8%AA%D9%82%D9%86%D9%8A%D8%A7%D8%AA-%D8%AA%D8%B3%D9%87%D9%84-%D8%B9%D9%84%D9%8A%D9%83-%D8%A5%D8%AF%D8%A7%D8%B1%D8%A9-%D9%85%D8%AA%D8%AC%D8%B1%D9%83-%D8%A7%D9%84%D8%A5%D9%84%D9%83%D8%AA%D8%B1%D9%88%D9%86%D9%8A-%D8%A7%D9%84%D9%8A%D9%88%D9%85%D9%8A%D8%A9.html,200,https://ezhalhe-sa.com/articles/أدوات-وتقنيات-تسهل-عليك-إدارة-متجرك-الإلكتروني-اليومية.html,1,200,https://www.ezhalhe-sa.com/articles/%D8%A3%D8%AF%D9%88%D8%A7%D8%AA-%D9%88%D8%AA%D9%82%D9%86%D9%8A%D8%A7%D8%AA-%D8%AA%D8%B3%D9%87%D9%84-%D8%B9%D9%84%D9%8A%D9%83-%D8%A5%D8%AF%D8%A7%D8%B1%D8%A9-%D9%85%D8%AA%D8%AC%D8%B1%D9%83-%D8%A7%D9%84%D8%A5%D9%84%D9%83%D8%AA%D8%B1%D9%88%D9%86%D9%8A-%D8%A7%D9%84%D9%8A%D9%88%D9%85%D9%8A%D8%A9.html,False,ezhalhe-sa.com,www.ezhalhe-sa.com,non-www
articles/أسرار-تصميم-صفحات-المنتجات-الجذابة-على-منصة-سلة.html,https://www.ezhalhe-sa.com/articles/%D8%A3%D8%B3%D8%B1%D8%A7%D8%B1-%D8%AA%D8%B5%D9%85%D9%8A%D9%85-%D8%B5%D9%81%D8%AD%D8%A7%D8%AA-%D8%A7%D9%84%D9%85%D9%86%D8%AA%D8%AC%D8%A7%D8%AA-%D8%A7%D9%84%D8%AC%D8%B0%D8%A7%D8%A8%D8%A9-%D8%B9%D9%84%D9%89-%D9%85%D9%86%D8%B5%D8%A9-%D8%B3%D9%84%D8%A9.html,200,https://ezhalhe-sa.com/articles/أسرار-تصميم-صفحات-المنتجات-الجذابة-على-منصة-سلة.html,1,200,https://www.ezhalhe-sa.com/articles/%D8%A3%D8%B3%D8%B1%D8%A7%D8%B1-%D8%AA%D8%B5%D9%85%D9%8A%D9%85-%D8%B5%D9%81%D8%AD%D8%A7%D8%AA-%D8%A7%D9%84%D9%85%D9%86%D8%AA%D8%AC%D8%A7%D8%AA-%D8%A7%D9%84%D8%AC%D8%B0%D8%A7%D8%A8%D8%A9-%D8%B9%D9%84%D9%89-%D9%85%D9%86%D8%B5%D8%A9-%D8%B3%D9%84%D8%A9.html,False,ezhalhe-sa.com,www.ezhalhe-sa.com,non-www
articles/أهمية-التخطيط-للمحتوى-في-إدارة-المتجر-وحسابات-السوشيال-ميديا.html,https://www.ezhalhe-sa.com/articles/%D8%A3%D9%87%D9%85%D9%8A%D8%A9-%D8%A7%D9%84%D8%AA%D8%AE%D8%B7%D9%8A%D8%B7-%D9%84%D9%84%D9%85%D8%AD%D8%AA%D9%88%D9%89-%D9%81%D9%8A-%D8%A5%D8%AF%D8%A7%D8%B1%D8%A9-%D8%A7%D9%84%D9%85%D8%AA%D8%AC%D8%B1-%D9%88%D8%AD%D8%B3%D8%A7%D8%A8%D8%A7%D8%AA-%D8%A7%D9%84%D8%B3%D9%88%D8%B4%D9%8A%D8%A7%D9%84-%D9%85%D9%8A%D8%AF%D9%8A%D8%A7.html,200,https://ezhalhe-sa.com/articles/أهمية-التخطيط-للمحتوى-في-إدارة-المتجر-وحسابات-السوشيال-ميديا.html,1,200,https://www.ezhalhe-sa.com/articles/%D8%A3%D9%87%D9%85%D9%8A%D8%A9-%D8%A7%D9%84%D8%AA%D8%AE%D8%B7%D9%8A%D8%B7-%D9%84%D9%84%D9%85%D8%AD%D8%AA%D9%88%D9%89-%D9%81%D9%8A-%D8%A5%D8%AF%D8%A7%D8%B1%D8%A9-%D8%A7%D9%84%D9%85%D8%AA%D8%AC%D8%B1-%D9%88%D8%AD%D8%B3%D8%A7%D8%A8%D8%A7%D8%AA-%D8%A7%D9%84%D8%B3%D9%88%D8%B4%D9%8A%D8%A7%D9%84-%D9%85%D9%8A%D8%AF%D9%8A%D8%A7.html,False,ezhalhe-sa.com,www.ezhalhe-sa.com,non-www
articles/أهمية-التصميم-الاحترافي-لمتجرك-على-سلة-زيادة-المبيعات-والثقة.html,https://www.ezhalhe-sa.com/articles/%D8%A3%D9%87%D9%85%D9%8A%D8%A9-%D8%A7%D9%84%D8%AA%D8%B5%D9%85%D9%8A%D9%85-%D8%A7%D9%84%D8%A7%D8%AD%D8%AA%D8%B1%D8%A7%D9%81%D9%8A-%D9%84%D9%85%D8%AA%D8%AC%D8%B1%D9%83-%D8%B9%D9%84%D9%89-%D8%B3%D9%84%D8%A9-%D8%B2%D9%8A%D8%A7%D8%AF%D8%A9-%D8%A7%D9%84%D9%85%D8%A8%D9%8A%D8%B9%D8%A7%D8%AA-%D9%88%D8%A7%D9%84%D8%AB%D9%82%D8%A9.html,200,https://ezhalhe-sa.com/articles/أهمية-التصميم-الاحترافي-لمتجرك-على-سلة-زيادة-المبيعات-والثقة.html,1,200,https://www.ezhalhe-sa.com/articles/%D8%A3%D9%87%D9%85%D9%8A%D8%A9-%D8%A7%D9%84%D8%AA%D8%B5%D9%85%D9%8A%D9%85-%D8%A7%D9%84%D8%A7%D8%AD%D8%AA%D8%B1%D8%A7%D9%81%D9%8A-%D9%84%D9%85%D8%AA%D8%AC%D8%B1%D9%83-%D8%B9%D9%84%D9%89-%D8%B3%D9%84%D8%A9-%D8%B2%D9%8A%D8%A7%D8%AF%D8%A9-%D8%A7%D9%84%D9%85%D8%A8%D9%8A%D8%B9%D8%A7%D8%AA-%D9%88%D8%A7%D9%84%D8%AB%D9%82%D8%A9.html,False,ezhalhe-sa.com,www.ezhalhe-sa.com,non-www
articles/أهمية-تتبع-التحويلات-في-الحملات-الإعلانية-قياس-العائد-على-الاستثمار-roi.html,https://www.ezhalhe-sa.com/articles/%D8%A3%D9%87%D9%85%D9%8A%D8%A9-%D8%AA%D8%AA%D8%A8%D8%B9-%D8%A7%D9%84%D8%AA%D8%AD%D9%88%D9%8A%D9%84%D8%A7%D8%AA-%D9%81%D9%8A-%D8%A7%D9%84%D8%AD%D9%85%D9%84%D8%A7%D8%AA-%D8%A7%D9%84%D8%A5%D8%B9%D9%84%D8%A7%D9%86%D9%8A%D8%A9-%D9%82%D9%8A%D8%A7%D8%B3-%D8%A7%D9%84%D8%B9%D8%A7%D8%A6%D8%AF-%D8%B9%D9%84%D9%89-%D8%A7%D9%84%D8%A7%D8%B3%D8%AA%D8%AB%D9%85%D8%A7%D8%B1-roi.html,200,https://ezhalhe-sa.com/articles/أهمية-تتبع-التحويلات-في-الحملات-الإعلانية-قياس-العائد-على-الاستثمار-roi.html,1,200,https://www.ezhalhe-sa.com/articles/%D8%A3%D9%87%D9%85%D9%8A%D8%A9-%D8%AA%D8%AA%D8%A8%D8%B9-%D8%A7%D9%84%D8%AA%D8%AD%D9%88%D9%8A%D9%84%D8%A7%D8%AA-%D9%81%D9%8A-%D8%A7%D9%84%D8%AD%D9%85%D9%84%D8%A7%D8%AA-%D8%A7%D9%84%D8%A5%D8%B9%D9%84%D8%A7%D9%86%D9%8A%D8%A9-%D9%82%D9%8A%D8%A7%D8%B3-%D8%A7%D9%84%D8%B9%D8%A7%D8%A6%D8%AF-%D8%B9%D9%84%D9%89-%D8%A7%D9%84%D8%A7%D8%B3%D8%AA%D8%AB%D9%85%D8%A7%D8%B1-roi.html,False,ezhalhe-sa.com,www.ezhalhe-sa.com,non-www
articles/أهمية-تفعيل-بوابات-دفع-متعددة-لمتجرك-الإلكتروني.html,https://www.ezhalhe-sa.com/articles/%D8%A3%D9%87%D9%85%D9%8A%D8%A9-%D8%AA%D9%81%D8%B9%D9%8A%D9%84-%D8%A8%D9%88%D8%A7%D8%A8%D8%A7%D8%AA-%D8%AF%D9%81%D8%B9-%D9%85%D8%AA%D8%B9%D8%AF%D8%AF%D8%A9-%D9%84%D9%85%D8%AA%D8%AC%D8%B1%D9%83-%D8%A7%D9%84%D8%A5%D9%84%D9%83%D8%AA%D8%B1%D9%88%D9%86%D9%8A.html,200,https://ezhalhe-sa.com/articles/أهمية-تفعيل-بوابات-دفع-متعددة-لمتجرك-الإلكتروني.html,1,200,https://www.ezhalhe-sa.com/articles/%D8%A3%D9%87%D9%85%D9%8A%D8%A9-%D8%AA%D9%81%D8%B9%D9%8A%D9%84-%D8%A8%D9%88%D8%A7%D8%A8%D8%A7%D8%AA-%D8%AF%D9%81%D8%B9-%D9%85%D8%AA%D8%B9%D8%AF%D8%AF%D8%A9-%D9%84%D9%85%D8%AA%D8%AC%D8%B1%D9%83-%D8%A7%D9%84%D8%A5%D9%84%D9%83%D8%AA%D8%B1%D9%88%D9%86%D9%8A.html,False,ezhalhe-sa.com,www.ezhalhe-sa.com,non-www
articles/أهمية-تفعيل-خدمات-الدفع-الآجل-تابي-وتمارا-لزيادة-مبيعات-متجرك.html,https://www.ezhalhe-sa.com/articles/%D8%A3%D9%87%D9%85%D9%8A%D8%A9-%D8%AA%D9%81%D8%B9%D9%8A%D9%84-%D8%AE%D8%AF%D9%85%D8%A7%D8%AA-%D8%A7%D9%84%D8%AF%D9%81%D8%B9-%D8%A7%D9%84%D8%A2%D8%AC%D9%84-%D8%AA%D8%A7%D8%A8%D9%8A-%D9%88%D8%AA%D9%85%D8%A7%D8%B1%D8%A7-%D9%84%D8%B2%D9%8A%D8%A7%D8%AF%D8%A9-%D9%85%D8%A8%D9%8A%D8%B9%D8%A7%D8%AA-%D9%85%D8%AA%D8%AC%D8%B1%D9%83.html,200,https://ezhalhe-sa.com/articles/أهمية-تفعيل-خدمات-الدفع-الآجل-تابي-وتمارا-لزيادة-مبيعات-متجرك.html,1,200,https://www.ezhalhe-sa.com/articles/%D8%A3%D9%87%D9%85%D9%8A%D8%A9-%D8%AA%D9%81%D8%B9%D9%8A%D9%84-%D8%AE%D8%AF%D9%85%D8%A7%D8%AA-%D8%A7%D9%84%D8%AF%D9%81%D8%B9-%D8%A7%D9%84%D8%A2%D8%AC%D9%84-%D8%AA%D8%A7%D8%A8%D9%8A-%D9%88%D8%AA%D9%85%D8%A7%D8%B1%D8%A7-%D9%84%D8%B2%D9%8A%D8%A7%D8%AF%D8%A9-%D9%85%D8%A8%D9%8A%D8%B9%D8%A7%D8%AA-%D9%85%D8%AA%D8%AC%D8%B1%D9%83.html,False,ezhalhe-sa.com,www.ezhalhe-sa.com,non-www
articles/أهمية-توثيق-متجرك-عبر-منصة-الأعمال-لضمان-الامتثال-القانوني.html,https://www.ezhalhe-sa.com/articles/%D8%A3%D9%87%D9%85%D9%8A%D8%A9-%D8%AA%D9%88%D8%AB%D9%8A%D9%82-%D9%85%D8%AA%D8%AC%D8%B1%D9%83-%D8%B9%D8%A8%D8%B1-%D9%85%D9%86%D8%B5%D8%A9-%D8%A7%D9%84%D8%A3%D8%B9%D9%85%D8%A7%D9%84-%D9%84%D8%B6%D9%85%D8%A7%D9%86-%D8%A7%D9%84%D8%A7%D9%85%D8%AA%D8%AB%D8%A7%D9%84-%D8%A7%D9%84%D9%82%D8%A7%D9%86%D9%88%D9%86%D9%8A.html,200,https://ezhalhe-sa.com/articles/أهمية-توثيق-متجرك-عبر-منصة-الأعمال-لضمان-الامتثال-القانوني.html,1,200,https://www.ezhalhe-sa.com/articles/%D8%A3%D9%87%D9%85%D9%8A%D8%A9-%D8%AA%D9%88%D8%AB%D9%8A%D9%82-%D9%85%D8%AA%D8%AC%D8%B1%D9%83-%D8%B9%D8%A8%D8%B1-%D9%85%D9%86%D8%B5%D8%A9-%D8%A7%D9%84%D8%A3%D8%B9%D9%85%D8%A7%D9%84-%D9%84%D8%B6%D9%85%D8%A7%D9%86-%D8%A7%D9%84%D8%A7%D9%85%D8%AA%D8%AB%D8%A7%D9%84-%D8%A7%D9%84%D9%82%D8%A7%D9%86%D9%88%D9%86%D9%8A.html,False,ezhalhe-sa.com,www.ezhalhe-sa.com,non-www
articles/أهمية-توثيق-متجرك-في-سلة-بناء-الثقة-والمصداقية.html,https://www.ezhalhe-sa.com/articles/%D8%A3%D9%87%D9%85%D9%8A%D8%A9-%D8%AA%D9%88%D8%AB%D9%8A%D9%82-%D9%85%D8%AA%D8%AC%D8%B1%D9%83-%D9%81%D9%8A-%D8%B3%D9%84%D8%A9-%D8%A8%D9%86%D8%A7%D8%A1-%D8%A7%D9%84%D8%AB%D9%82%D8%A9-%D9%88%D8%A7%D9%84%D9%85%D8%B5%D8%AF%D8%A7%D9%82%D9%8A%D8%A9.html,200,https://ezhalhe-sa.com/articles/أهمية-توثيق-متجرك-في-سلة-بناء-الثقة-والمصداقية.html,1,200,https://www.ezhalhe-sa.com/articles/%D8%A3%D9%87%D9%85%D9%8A%D8%A9-%D8%AA%D9%88%D8%AB%D9%8A%D9%82-%D9%85%D8%AA%D8%AC%D8%B1%D9%83-%D9%81%D9%8A-%D8%B3%D9%84%D8%A9-%D8%A8%D9%86%D8%A7%D8%A1-%D8%A7%D9%84%D8%AB%D9%82%D8%A9-%D9%88%D8%A7%D9%84%D9%85%D8%B5%D8%AF%D8%A7%D9%82%D9%8A%D8%A9.html,False,ezhalhe-sa.com,www.ezhalhe-sa.com,non-www
articles/أهمية-ربط-google-analytics-4-بمتجرك-الإلكتروني-لتحليل-الأداء.html,https://www.ezhalhe-sa.com/articles/%D8%A3%D9%87%D9%85%D9%8A%D8%A9-%D8%B1%D8%A8%D8%B7-google-analytics-4-%D8%A8%D9%85%D8%AA%D8%AC%D8%B1%D9%83-%D8%A7%D9%84%D8%A5%D9%84%D9%83%D8%AA%D8%B1%D9%88%D9%86%D9%8A-%D9%84%D8%AA%D8%AD%D9%84%D9%8A%D9%84-%D8%A7%D9%84%D8%A3%D8%AF%D8%A7%D8%A1.html,200,https://ezhalhe-sa.com/articles/أهمية-ربط-google-analytics-4-بمتجرك-الإلكتروني-لتحليل-الأداء.html,1,200,https://www.ezhalhe-sa.com/articles/%D8%A3%D9%87%D9%85%D9%8A%D8%A9-%D8%B1%D8%A8%D8%B7-google-analytics-4-%D8%A8%D9%85%D8%AA%D8%AC%D8%B1%D9%83-%D8%A7%D9%84%D8%A5%D9%84%D9%83%D8%AA%D8%B1%D9%88%D9%86%D9%8A-%D9%84%D8%AA%D8%AD%D9%84%D9%8A%D9%84-%D8%A7%D9%84%D8%A3%D8%AF%D8%A7%D8%A1.html,False,ezhalhe-sa.com,www.ezhalhe-sa.com,non-www
articles/أهمية-فتح-حساب-بنكي-تجاري-لمتجرك-الإلكتروني.html,https://www.ezhalhe-sa.com/articles/%D8%A3%D9%87%D9%85%D9%8A%D8%A9-%D9%81%D8%AA%D8%AD-%D8%AD%D8%B3%D8%A7%D8%A8-%D8%A8%D9%86%D9%83%D9%8A-%D8%AA%D8%AC%D8%A7%D8%B1%D9%8A-%D9%84%D9%85%D8%AA%D8%AC%D8%B1%D9%83-%D8%A7%D9%84%D8%A5%D9%84%D9%83%D8%AA%D8%B1%D9%88%D9%86%D9%8A.html,200,https://ezhalhe-sa.com/articles/أهمية-فتح-حساب-بنكي-تجاري-لمتجرك-الإلكتروني.html,1,200,https://www.ezhalhe-sa.com/articles/%D8%A3%D9%87%D9%85%D9%8A%D8%A9-%D9%81%D8%AA%D8%AD-%D8%AD%D8%B3%D8%A7%D8%A8-%D8%A8%D9%86%D9%83%D9%8A-%D8%AA%D8%AC%D8%A7%D8%B1%D9%8A-%D9%84%D9%85%D8%AA%D8%AC%D8%B1%D9%83-%D8%A7%D9%84%D8%A5%D9%84%D9%83%D8%AA%D8%B1%D9%88%D9%86%D9%8A.html,False,ezhalhe-sa.com,www.ezhalhe-sa.com,non-www
articles/إدارة-التدفقات-النقدية-لمتجرك-عبر-الحساب-البنكي-التجاري.html,https://www.ezhalhe-sa.com/articles/%D8%A5%D8%AF%D8%A7%D8%B1%D8%A9-%D8%A7%D9%84%D8%AA%D8%AF%D9%81%D9%82%D8%A7%D8%AA-%D8%A7%D9%84%D9%86%D9%82%D8%AF%D9%8A%D8%A9-%D9%84%D9%85%D8%AA%D8%AC%D8%B1%D9%83-%D8%B9%D8%A8%D8%B1-%D8%A7%D9%84%D8%AD%D8%B3%D8%A7%D8%A8-%D8%A7%D9%84%D8%A8%D9%86%D9%83%D9%8A-%D8%A7%D9%84%D8%AA%D8%AC%D8%A7%D8%B1%D9%8A.html,200,https://ezhalhe-sa.com/articles/إدارة-التدفقات-النقدية-لمتجرك-عبر-الحساب-البنكي-التجاري.html,1,200,https://www.ezhalhe-sa.com/articles/%D8%A5%D8%AF%D8%A7%D8%B1%D8%A9-%D8%A7%D9%84%D8%AA%D8%AF%D9%81%D9%82%D8%A7%D8%AA-%D8%A7%D9%84%D9%86%D9%82%D8%AF%D9%8A%D8%A9-%D9%84%D9%85%D8%AA%D8%AC%D8%B1%D9%83-%D8%B9%D8%A8%D8%B1-%D8%A7%D9%84%D8%AD%D8%B3%D8%A7%D8%A8-%D8%A7%D9%84%D8%A8%D9%86%D9%83%D9%8A-%D8%A7%D9%84%D8%AA%D8%AC%D8%A7%D8%B1%D9%8A.html,False,ezhalhe-sa.com,www.ezhalhe-sa.com,non-www
articles/إدارة-المخزون-والطلبات-في-متجرك-الإلكتروني-دليل-المبتدئين.html,https://www.ezhalhe-sa.com/articles/%D8%A5%D8%AF%D8%A7%D8%B1%D8%A9-%D8%A7%D9%84%D9%85%D8%AE%D8%B2%D9%88%D9%86-%D9%88%D8%A7%D9%84%D8%B7%D9%84%D8%A8%D8%A7%D8%AA-%D9%81%D9%8A-%D9%85%D8%AA%D8%AC%D8%B1%D9%83-%D8%A7%D9%84%D8%A5%D9%84%D9%83%D8%AA%D8%B1%D9%88%D9%86%D9%8A-%D8%AF%D9%84%D9%8A%D9%84-%D8%A7%D9%84%D9%85%D8%A8%D8%AA%D8%AF%D8%A6%D9%8A%D9%86.html,200,https://ezhalhe-sa.com/articles/إدارة-المخزون-والطلبات-في-متجرك-الإلكتروني-دليل-المبتدئين.html,1,200,https://www.ezhalhe-sa.com/articles/%D8%A5%D8%AF%D8%A7%D8%B1%D8%A9-%D8%A7%D9%84%D9%85%D8%AE%D8%B2%D9%88%D9%86-%D9%88%D8%A7%D9%84%D8%B7%D9%84%D8%A8%D8%A7%D8%AA-%D9%81%D9%8A-%D9%85%D8%AA%D8%AC%D8%B1%D9%83-%D8%A7%D9%84%D8%A5%D9%84%D9%83%D8%AA%D8%B1%D9%88%D9%86%D9%8A-%D8%AF%D9%84%D9%8A%D9%84-%D8%A7%D9%84%D9%85%D8%A8%D8%AA%D8%AF%D8%A6%D9%8A%D9%86.html,False,ezhalhe-sa.com,www.ezhalhe-sa.com,non-www
articles/إدارة-خدمة-العملاء-عبر-التواصل-الاجتماعي-نصائح-لرضا-العميل.html,https://www.ezhalhe-sa.com/articles/%D8%A5%D8%AF%D8%A7%D8%B1%D8%A9-%D8%AE%D8%AF%D9%85%D8%A9-%D8%A7%D9%84%D8%B9%D9%85%D9%84%D8%A7%D8%A1-%D8%B9%D8%A8%D8%B1-%D8%A7%D9%84%D8%AA%D9%88%D8%A7%D8%B5%D9%84-%D8%A7%D9%84%D8%A7%D8%AC%D8%AA%D9%85%D8%A7%D8%B9%D9%8A-%D9%86%D8%B5%D8%A7%D8%A6%D8%AD-%D9%84%D8%B1%D8%B6%D8%A7-%D8%A7%D9%84%D8%B9%D9%85%D9%8A%D9%84.html,200,https://ezhalhe-sa.com/articles/إدارة-خدمة-العملاء-عبر-التواصل-الاجتماعي-نصائح-لرضا-العميل.html,1,200,https://www.ezhalhe-sa.com/articles/%D8%A5%D8%AF%D8%A7%D8%B1%D8%A9-%D8%AE%D8%AF%D9%85%D8%A9-%D8%A7%D9%84%D8%B9%D9%85%D9%84%D8%A7%D8%A1-%D8%B9%D8%A8%D8%B1-%D8%A7%D9%84%D8%AA%D9%88%D8%A7%D8%B5%D9%84-%D8%A7%D9%84%D8%A7%D8%AC%D8%AA%D9%85%D8%A7%D8%B9%D9%8A-%D9%86%D8%B5%D8%A7%D8%A6%D8%AD-%D9%84%D8%B1%D8%B6%D8%A7-%D8%A7%D9%84%D8%B9%D9%85%D9%8A%D9%84.html,False,ezhalhe-sa.com,www.ezhalhe-sa.com,non-www
articles/إعداد-حملات-إعادة-الاستهداف-retargeting-باستخدام-البكسلات.html,https://www.ezhalhe-sa.com/articles/%D8%A5%D8%B9%D8%AF%D8%A7%D8%AF-%D8%AD%D9%85%D9%84%D8%A7%D8%AA-%D8%A5%D8%B9%D8%A7%D8%AF%D8%A9-%D8%A7%D9%84%D8%A7%D8%B3%D8%AA%D9%87%D8%AF%D8%A7%D9%81-retargeting-%D8%A8%D8%A7%D8%B3%D8%AA%D8%AE%D8%AF%D8%A7%D9%85-%D8%A7%D9%84%D8%A8%D9%83%D8%B3%D9%84%D8%A7%D8%AA.html,200,https://ezhalhe-sa.com/articles/إعداد-حملات-إعادة-الاستهداف-retargeting-باستخدام-البكسلات.html,1,200,https://www.ezhalhe-sa.com/articles/%D8%A5%D8%B9%D8%AF%D8%A7%D8%AF-%D8%AD%D9%85%D9%84%D8%A7%D8%AA-%D8%A5%D8%B9%D8%A7%D8%AF%D8%A9-%D8%A7%D9%84%D8%A7%D8%B3%D8%AA%D9%87%D8%AF%D8%A7%D9%81-retargeting-%D8%A8%D8%A7%D8%B3%D8%AA%D8%AE%D8%AF%D8%A7%D9%85-%D8%A7%D9%84%D8%A8%D9%83%D8%B3%D9%84%D8%A7%D8%AA.html,False,ezhalhe-sa.com,www.ezhalhe-sa.com,non-www
articles/اختيار-الدومين-المناسب-لمتجرك-الإلكتروني-نصائح-واستراتيجيات.html,https://www.ezhalhe-sa.com/articles/%D8%A7%D8%AE%D8%AA%D9%8A%D8%A7%D8%B1-%D8%A7%D9%84%D8%AF%D9%88%D9%85%D9%8A%D9%86-%D8%A7%D9%84%D9%85%D9%86%D8%A7%D8%B3%D8%A8-%D9%84%D9%85%D8%AA%D8%AC%D8%B1%D9%83-%D8%A7%D9%84%D8%A5%D9%84%D9%83%D8%AA%D8%B1%D9%88%D9%86%D9%8A-%D9%86%D8%B5%D8%A7%D8%A6%D8%AD-%D9%88%D8%A7%D8%B3%D8%AA%D8%B1%D8%A7%D8%AA%D9%8A%D8%AC%D9%8A%D8%A7%D8%AA.html,200,https://ezhalhe-sa.com/articles/اختيار-الدومين-المناسب-لمتجرك-الإلكتروني-نصائح-واستراتيجيات.html,1,200,https://www.ezhalhe-sa.com/articles/%D8%A7%D8%AE%D8%AA%D9%8A%D8%A7%D8%B1-%D8%A7%D9%84%D8%AF%D9%88%D9%85%D9%8A%D9%86-%D8%A7%D9%84%D9%85%D9%86%D8%A7%D8%B3%D8%A8-%D9%84%D9%85%D8%AA%D8%AC%D8%B1%D9%83-%D8%A7%D9%84%D8%A5%D9%84%D9%83%D8%AA%D8%B1%D9%88%D9%86%D9%8A-%D9%86%D8%B5%D8%A7%D8%A6%D8%AD-%D9%88%D8%A7%D8%B3%D8%AA%D8%B1%D8%A7%D8%AA%D9%8A%D8%AC%D9%8A%D8%A7%D8%AA.html,False,ezhalhe-sa.com,www.ezhalhe-sa.com,non-www
articles/استخدام-linktree-أو-بدائله-لتحسين-الروابط-في-حسابات-التواصل-الاجتماعي.html,https://www.ezhalhe-sa.com/articles/%D8%A7%D8%B3%D8%AA%D8%AE%D8%AF%D8%A7%D9%85-linktree-%D8%A3%D9%88-%D8%A8%D8%AF%D8%A7%D8%A6%D9%84%D9%87-%D9%84%D8%AA%D8%AD%D8%B3%D9%8A%D9%86-%D8%A7%D9%84%D8%B1%D9%88%D8%A7%D8%A8%D8%B7-%D9%81%D9%8A-%D8%AD%D8%B3%D8%A7%D8%A8%D8%A7%D8%AA-%D8%A7%D9%84%D8%AA%D9%88%D8%A7%D8%B5%D9%84-%D8%A7%D9%84%D8%A7%D8%AC%D8%AA%D9%85%D8%A7%D8%B9%D9%8A.html,200,https://ezhalhe-sa.com/articles/استخدام-linktree-أو-بدائله-لتحسين-الروابط-في-حسابات-التواصل-الاجتماعي.html,1,200,https://www.ezhalhe-sa.com/articles/%D8%A7%D8%B3%D8%AA%D8%AE%D8%AF%D8%A7%D9%85-linktree-%D8%A3%D9%88-%D8%A8%D8%AF%D8%A7%D8%A6%D9%84%D9%87-%D9%84%D8%AA%D8%AD%D8%B3%D9%8A%D9%86-%D8%A7%D9%84%D8%B1%D9%88%D8%A7%D8%A8%D8%B7-%D9%81%D9%8A-%D8%AD%D8%B3%D8%A7%D8%A8%D8%A7%D8%AA-%D8%A7%D9%84%D8%AA%D9%88%D8%A7%D8%B5%D9%84-%D8%A7%D9%84%D8%A7%D8%AC%D8%AA%D9%85%D8%A7%D8%B9%D9%8A.html,False,ezhalhe-sa.com,www.ezhalhe-sa.com,non-www
articles/استخدام-واتساب-للأعمال-في-خدمة-العملاء-والتسويق-لمتجرك.html,https://www.ezhalhe-sa.com/articles/%D8%A7%D8%B3%D8%AA%D8%AE%D8%AF%D8%A7%D9%85-%D9%88%D8%A7%D8%AA%D8%B3%D8%A7%D8%A8-%D9%84%D9%84%D8%A3%D8%B9%D9%85%D8%A7%D9%84-%D9%81%D9%8A-%D8%AE%D8%AF%D9%85%D8%A9-%D8%A7%D9%84%D8%B9%D9%85%D9%84%D8%A7%D8%A1-%D9%88%D8%A7%D9%84%D8%AA%D8%B3%D9%88%D9%8A%D9%82-%D9%84%D9%85%D8%AA%D8%AC%D8%B1%D9%83.html,200,https://ezhalhe-sa.com/articles/استخدام-واتساب-للأعمال-في-خدمة-العملاء-والتسويق-لمتجرك.html,1,200,https://www.ezhalhe-sa.com/articles/%D8%A7%D8%B3%D8%AA%D8%AE%D8%AF%D8%A7%D9%85-%D9%88%D8%A7%D8%AA%D8%B3%D8%A7%D8%A8-%D9%84%D9%84%D8%A3%D8%B9%D9%85%D8%A7%D9%84-%D9%81%D9%8A-%D8%AE%D8%AF%D9%85%D8%A9-%D8%A7%D9%84%D8%B9%D9%85%D9%84%D8%A7%D8%A1-%D9%88%D8%A7%D9%84%D8%AA%D8%B3%D9%88%D9%8A%D9%82-%D9%84%D9%85%D8%AA%D8%AC%D8%B1%D9%83.html,False,ezhalhe-sa.com,www.ezhalhe-sa.com,non-www
articles/استراتيجيات-إدارة-حسابات-التواصل-الاجتماعي-لمتجرك-زيادة-التفاعل-والمبيعات.html,https://www.ezhalhe-sa.com/articles/%D8%A7%D8%B3%D8%AA%D8%B1%D8%A7%D8%AA%D9%8A%D8%AC%D9%8A%D8%A7%D8%AA-%D8%A5%D8%AF%D8%A7%D8%B1%D8%A9-%D8%AD%D8%B3%D8%A7%D8%A8%D8%A7%D8%AA-%D8%A7%D9%84%D8%AA%D9%88%D8%A7%D8%B5%D9%84-%D8%A7%D9%84%D8%A7%D8%AC%D8%AA%D9%85%D8%A7%D8%B9%D9%8A-%D9%84%D9%85%D8%AA%D8%AC%D8%B1%D9%83-%D8%B2%D9%8A%D8%A7%D8%AF%D8%A9-%D8%A7%D9%84%D8%AA%D9%81%D8%A7%D8%B9%D9%84-%D9%88%D8%A7%D9%84%D9%85%D8%A8%D9%8A%D8%B9%D8%A7%D8%AA.html,200,https://ezhalhe-sa.com/articles/استراتيجيات-إدارة-حسابات-التواصل-الاجتماعي-لمتجرك-زيادة-التفاعل-والمبيعات.html,1,200,https://www.ezhalhe-sa.com/articles/%D8%A7%D8%B3%D8%AA%D8%B1%D8%A7%D8%AA%D9%8A%D8%AC%D9%8A%D8%A7%D8%AA-%D8%A5%D8%AF%D8%A7%D8%B1%D8%A9-%D8%AD%D8%B3%D8%A7%D8%A8%D8%A7%D8%AA-%D8%A7%D9%84%D8%AA%D9%88%D8%A7%D8%B5%D9%84-%D8%A7%D9%84%D8%A7%D8%AC%D8%AA%D9%85%D8%A7%D8%B9%D9%8A-%D9%84%D9%85%D8%AA%D8%AC%D8%B1%D9%83-%D8%B2%D9%8A%D8%A7%D8%AF%D8%A9-%D8%A7%D9%84%D8%AA%D9%81%D8%A7%D8%B9%D9%84-%D9%88%D8%A7%D9%84%D9%85%D8%A8%D9%8A%D8%B9%D8%A7%D8%AA.html,False,ezhalhe-sa.com,www.ezhalhe-sa.com,non-www
articles/استراتيجيات-استهداف-الجمهور-في-الحملات-الإعلانية-لزيادة-المبيعات.html,https://www.ezhalhe-sa.com/articles/%D8%A7%D8%B3%D8%AA%D8%B1%D8%A7%D8%AA%D9%8A%D8%AC%D9%8A%D8%A7%D8%AA-%D8%A7%D8%B3%D8%AA%D9%87%D8%AF%D8%A7%D9%81-%D8%A7%D9%84%D8%AC%D9%85%D9%87%D9%88%D8%B1-%D9%81%D9%8A-%D8%A7%D9%84%D8%AD%D9%85%D9%84%D8%A7%D8%AA-%D8%A7%D9%84%D8%A5%D8%B9%D9%84%D8%A7%D9%86%D9%8A%D8%A9-%D9%84%D8%B2%D9%8A%D8%A7%D8%AF%D8%A9-%D8%A7%D9%84%D9%85%D8%A8%D9%8A%D8%B9%D8%A7%D8%AA.html,200,https://ezhalhe-sa.com/articles/استراتيجيات-استهداف-الجمهور-في-الحملات-الإعلانية-لزيادة-المبيعات.html,1,200,https://www.ezhalhe-sa.com/articles/%D8%A7%D8%B3%D8%AA%D8%B1%D8%A7%D8%AA%D9%8A%D8%AC%D9%8A%D8%A7%D8%AA-%D8%A7%D8%B3%D8%AA%D9%87%D8%AF%D8%A7%D9%81-%D8%A7%D9%84%D8%AC%D9%85%D9%87%D9%88%D8%B1-%D9%81%D9%8A-%D8%A7%D9%84%D8%AD%D9%85%D9%84%D8%A7%D8%AA-%D8%A7%D9%84%D8%A5%D8%B9%D9%84%D8%A7%D9%86%D9%8A%D8%A9-%D9%84%D8%B2%D9%8A%D8%A7%D8%AF%D8%A9-%D8%A7%D9%84%D9%85%D8%A8%D9%8A%D8%B9%D8%A7%D8%AA.html,False,ezhalhe-sa.com,www.ezhalhe-sa.com,non-www
articles/الأخطاء-الشائعة-في-إعداد-الحملات-الإعلانية-وكيفية-تجنبها.html,https://www.ezhalhe-sa.com/articles/%D8%A7%D9%84%D8%A3%D8%AE%D8%B7%D8%A7%D8%A1-%D8%A7%D9%84%D8%B4%D8%A7%D8%A6%D8%B9%D8%A9-%D9%81%D9%8A-%D8%A5%D8%B9%D8%AF%D8%A7%D8%AF-%D8%A7%D9%84%D8%AD%D9%85%D9%84%D8%A7%D8%AA-%D8%A7%D9%84%D8%A5%D8%B9%D9%84%D8%A7%D9%86%D9%8A%D8%A9-%D9%88%D9%83%D9%8A%D9%81%D9%8A%D8%A9-%D8%AA%D8%AC%D9%86%D8%A8%D9%87%D8%A7.html,200,https://ezhalhe-sa.com/articles/الأخطاء-الشائعة-في-إعداد-الحملات-الإعلانية-وكيفية-تجنبها.html,1,200,https://www.ezhalhe-sa.com/articles/%D8%A7%D9%84%D8%A3%D8%AE%D8%B7%D8%A7%D8%A1-%D8%A7%D9%84%D8%B4%D8%A7%D8%A6%D8%B9%D8%A9-%D9%81%D9%8A-%D8%A5%D8%B9%D8%AF%D8%A7%D8%AF-%D8%A7%D9%84%D8%AD%D9%85%D9%84%D8%A7%D8%AA-%D8%A7%D9%84%D8%A5%D8%B9%D9%84%D8%A7%D9%86%D9%8A%D8%A9-%D9%88%D9%83%D9%8A%D9%81%D9%8A%D8%A9-%D8%AA%D8%AC%D9%86%D8%A8%D9%87%D8%A7.html,False,ezhalhe-sa.com,www.ezhalhe-sa.com,non-www
articles/التحديات-الشائعة-في-إدارة-المتاجر-الإلكترونية-وحلولها.html,https://www.ezhalhe-sa.com/articles/%D8%A7%D9%84%D8%AA%D8%AD%D8%AF%D9%8A%D8%A7%D8%AA-%D8%A7%D9%84%D8%B4%D8%A7%D8%A6%D8%B9%D8%A9-%D9%81%D9%8A-%D8%A5%D8%AF%D8%A7%D8%B1%D8%A9-%D8%A7%D9%84%D9%85%D8%AA%D8%A7%D8%AC%D8%B1-%D8%A7%D9%84%D8%A5%D9%84%D9%83%D8%AA%D8%B1%D9%88%D9%86%D9%8A%D8%A9-%D9%88%D8%AD%D9%84%D9%88%D9%84%D9%87%D8%A7.html,200,https://ezhalhe-sa.com/articles/التحديات-الشائعة-في-إدارة-المتاجر-الإلكترونية-وحلولها.html,1,200,https://www.ezhalhe-sa.com/articles/%D8%A7%D9%84%D8%AA%D8%AD%D8%AF%D9%8A%D8%A7%D8%AA-%D8%A7%D9%84%D8%B4%D8%A7%D8%A6%D8%B9%D8%A9-%D9%81%D9%8A-%D8%A5%D8%AF%D8%A7%D8%B1%D8%A9-%D8%A7%D9%84%D9%85%D8%AA%D8%A7%D8%AC%D8%B1-%D8%A7%D9%84%D8%A5%D9%84%D9%83%D8%AA%D8%B1%D9%88%D9%86%D9%8A%D8%A9-%D9%88%D8%AD%D9%84%D9%88%D9%84%D9%87%D8%A7.html,False,ezhalhe-sa.com,www.ezhalhe-sa.com,non-www
articles/التحديات-الشائعة-في-تفعيل-تابي-وتمارا-وكيفية-تجاوزها.html,https://www.ezhalhe-sa.com/articles/%D8%A7%D9%84%D8%AA%D8%AD%D8%AF%D9%8A%D8%A7%D8%AA-%D8%A7%D9%84%D8%B4%D8%A7%D8%A6%D8%B9%D8%A9-%D9%81%D9%8A-%D8%AA%D9%81%D8%B9%D9%8A%D9%84-%D8%AA%D8%A7%D8%A8%D9%8A-%D9%88%D8%AA%D9%85%D8%A7%D8%B1%D8%A7-%D9%88%D9%83%D9%8A%D9%81%D9%8A%D8%A9-%D8%AA%D8%AC%D8%A7%D9%88%D8%B2%D9%87%D8%A7.html,200,https://ezhalhe-sa.com/articles/التحديات-الشائعة-في-تفعيل-تابي-وتمارا-وكيفية-تجاوزها.html,1,200,https://www.ezhalhe-sa.com/articles/%D8%A7%D9%84%D8%AA%D8%AD%D8%AF%D9%8A%D8%A7%D8%AA-%D8%A7%D9%84%D8%B4%D8%A7%D8%A6%D8%B9%D8%A9-%D9%81%D9%8A-%D8%AA%D9%81%D8%B9%D9%8A%D9%84-%D8%AA%D8%A7%D8%A8%D9%8A-%D9%88%D8%AA%D9%85%D8%A7%D8%B1%D8%A7-%D9%88%D9%83%D9%8A%D9%81%D9%8A%D8%A9-%D8%AA%D8%AC%D8%A7%D9%88%D8%B2%D9%87%D8%A7.html,False,ezhalhe-sa.com,www.ezhalhe-sa.com,non-www
articles/الخدمات-الأساسية-المتكاملة-لنجاح-متجرك-الإلكتروني-قائمة-مرجعية.html,https://www.ezhalhe-sa.com/articles/%D8%A7%D9%84%D8%AE%D8%AF%D9%85%D8%A7%D8%AA-%D8%A7%D9%84%D8%A3%D8%B3%D8%A7%D8%B3%D9%8A%D8%A9-%D8%A7%D9%84%D9%85%D8%AA%D9%83%D8%A7%D9%85%D9%84%D8%A9-%D9%84%D9%86%D8%AC%D8%A7%D8%AD-%D9%85%D8%AA%D8%AC%D8%B1%D9%83-%D8%A7%D9%84%D8%A5%D9%84%D9%83%D8%AA%D8%B1%D9%88%D9%86%D9%8A-%D9%82%D8%A7%D8%A6%D9%85%D8%A9-%D9%85%D8%B1%D8%AC%D8%B9%D9%8A%D8%A9.html,200,https://ezhalhe-sa.com/articles/الخدمات-الأساسية-المتكاملة-لنجاح-متجرك-الإلكتروني-قائمة-مرجعية.html,1,200,https://www.ezhalhe-sa.com/articles/%D8%A7%D9%84%D8%AE%D8%AF%D9%85%D8%A7%D8%AA-%D8%A7%D9%84%D8%A3%D8%B3%D8%A7%D8%B3%D9%8A%D8%A9-%D8%A7%D9%84%D9%85%D8%AA%D9%83%D8%A7%D9%85%D9%84%D8%A9-%D9%84%D9%86%D8%AC%D8%A7%D8%AD-%D9%85%D8%AA%D8%AC%D8%B1%D9%83-%D8%A7%D9%84%D8%A5%D9%84%D9%83%D8%AA%D8%B1%D9%88%D9%86%D9%8A-%D9%82%D8%A7%D8%A6%D9%85%D8%A9-%D9%85%D8%B1%D8%AC%D8%B9%D9%8A%D8%A9.html,False,ezhalhe-sa.com,www.ezhalhe-sa.com,non-www
articles/الخدمات-المصرفية-الرقمية-المتاحة-لأصحاب-المتاجر-في-الراجحي-والإنماء.html,https://www.ezhalhe-sa.com/articles/%D8%A7%D9%84%D8%AE%D8%AF%D9%85%D8%A7%D8%AA-%D8%A7%D9%84%D9%85%D8%B5%D8%B1%D9%81%D9%8A%D8%A9-%D8%A7%D9%84%D8%B1%D9%82%D9%85%D9%8A%D8%A9-%D8%A7%D9%84%D9%85%D8%AA%D8%A7%D8%AD%D8%A9-%D9%84%D8%A3%D8%B5%D8%AD%D8%A7%D8%A8-%D8%A7%D9%84%D9%85%D8%AA%D8%A7%D8%AC%D8%B1-%D9%81%D9%8A-%D8%A7%D9%84%D8%B1%D8%A7%D8%AC%D8%AD%D9%8A-%D9%88%D8%A7%D9%84%D8%A5%D9%86%D9%85%D8%A7%D8%A1.html,200,https://ezhalhe-sa.com/articles/الخدمات-المصرفية-الرقمية-المتاحة-لأصحاب-المتاجر-في-الراجحي-والإنماء.html,1,200,https://www.ezhalhe-sa.com/articles/%D8%A7%D9%84%D8%AE%D8%AF%D9%85%D8%A7%D8%AA-%D8%A7%D9%84%D9%85%D8%B5%D8%B1%D9%81%D9%8A%D8%A9-%D8%A7%D9%84%D8%B1%D9%82%D9%85%D9%8A%D8%A9-%D8%A7%D9%84%D9%85%D8%AA%D8%A7%D8%AD%D8%A9-%D9%84%D8%A3%D8%B5%D8%AD%D8%A7%D8%A8-%D8%A7%D9%84%D9%85%D8%AA%D8%A7%D8%AC%D8%B1-%D9%81%D9%8A-%D8%A7%D9%84%D8%B1%D8%A7%D8%AC%D8%AD%D9%8A-%D9%88%D8%A7%D9%84%D8%A5%D9%86%D9%85%D8%A7%D8%A1.html,False,ezhalhe-sa.com,www.ezhalhe-sa.com,non-www
articles/الخطوات-الأساسية-لربط-متجرك-الإلكتروني-بمنصة-الأعمال.html,https://www.ezhalhe-sa.com/articles/%D8%A7%D9%84%D8%AE%D8%B7%D9%88%D8%A7%D8%AA-%D8%A7%D9%84%D8%A3%D8%B3%D8%A7%D8%B3%D9%8A%D8%A9-%D9%84%D8%B1%D8%A8%D8%B7-%D9%85%D8%AA%D8%AC%D8%B1%D9%83-%D8%A7%D9%84%D8%A5%D9%84%D9%83%D8%AA%D8%B1%D9%88%D9%86%D9%8A-%D8%A8%D9%85%D9%86%D8%B5%D8%A9-%D8%A7%D9%84%D8%A3%D8%B9%D9%85%D8%A7%D9%84.html,200,https://ezhalhe-sa.com/articles/الخطوات-الأساسية-لربط-متجرك-الإلكتروني-بمنصة-الأعمال.html,1,200,https://www.ezhalhe-sa.com/articles/%D8%A7%D9%84%D8%AE%D8%B7%D9%88%D8%A7%D8%AA-%D8%A7%D9%84%D8%A3%D8%B3%D8%A7%D8%B3%D9%8A%D8%A9-%D9%84%D8%B1%D8%A8%D8%B7-%D9%85%D8%AA%D8%AC%D8%B1%D9%83-%D8%A7%D9%84%D8%A5%D9%84%D9%83%D8%AA%D8%B1%D9%88%D9%86%D9%8A-%D8%A8%D9%85%D9%86%D8%B5%D8%A9-%D8%A7%D9%84%D8%A3%D8%B9%D9%85%D8%A7%D9%84.html,False,ezhalhe-sa.com,www.ezhalhe-sa.com,non-www
articles/الخطوات-التفصيلية-لاستخراج-وثيقة-العمل-الحر-عبر-الإنترنت.html,https://www.ezhalhe-sa.com/articles/%D8%A7%D9%84%D8%AE%D8%B7%D9%88%D8%A7%D8%AA-%D8%A7%D9%84%D8%AA%D9%81%D8%B5%D9%8A%D9%84%D9%8A%D8%A9-%D9%84%D8%A7%D8%B3%D8%AA%D8%AE%D8%B1%D8%A7%D8%AC-%D9%88%D8%AB%D9%8A%D9%82%D8%A9-%D8%A7%D9%84%D8%B9%D9%85%D9%84-%D8%A7%D9%84%D8%AD%D8%B1-%D8%B9%D8%A8%D8%B1-%D8%A7%D9%84%D8%A5%D9%86%D8%AA%D8%B1%D9%86%D8%AA.html,200,https://ezhalhe-sa.com/articles/الخطوات-التفصيلية-لاستخراج-وثيقة-العمل-الحر-عبر-الإنترنت.html,1,200,https://www.ezhalhe-sa.com/articles/%D8%A7%D9%84%D8%AE%D8%B7%D9%88%D8%A7%D8%AA-%D8%A7%D9%84%D8%AA%D9%81%D8%B5%D9%8A%D9%84%D9%8A%D8%A9-%D9%84%D8%A7%D8%B3%D8%AA%D8%AE%D8%B1%D8%A7%D8%AC-%D9%88%D8%AB%D9%8A%D9%82%D8%A9-%D8%A7%D9%84%D8%B9%D9%85%D9%84-%D8%A7%D9%84%D8%AD%D8%B1-%D8%B9%D8%A8%D8%B1-%D8%A7%D9%84%D8%A5%D9%86%D8%AA%D8%B1%D9%86%D8%AA.html,False,ezhalhe-sa.com,www.ezhalhe-sa.com,non-www
articles/الخطوات-التفصيلية-لتوثيق-المتجر-في-منصة-سلة-بنجاح.html,https://www.ezhalhe-sa.com/articles/%D8%A7%D9%84%D8%AE%D8%B7%D9%88%D8%A7%D8%AA-%D8%A7%D9%84%D8%AA%D9%81%D8%B5%D9%8A%D9%84%D9%8A%D8%A9-%D9%84%D8%AA%D9%88%D8%AB%D9%8A%D9%82-%D8%A7%D9%84%D9%85%D8%AA%D8%AC%D8%B1-%D9%81%D9%8A-%D9%85%D9%86%D8%B5%D8%A9-%D8%B3%D9%84%D8%A9-%D8%A8%D9%86%D8%AC%D8%A7%D8%AD.html,200,https://ezhalhe-sa.com/articles/الخطوات-التفصيلية-لتوثيق-المتجر-في-منصة-سلة-بنجاح.html,1,200,https://www.ezhalhe-sa.com/articles/%D8%A7%D9%84%D8%AE%D8%B7%D9%88%D8%A7%D8%AA-%D8%A7%D9%84%D8%AA%D9%81%D8%B5%D9%8A%D9%84%D9%8A%D8%A9-%D9%84%D8%AA%D9%88%D8%AB%D9%8A%D9%82-%D8%A7%D9%84%D9%85%D8%AA%D8%AC%D8%B1-%D9%81%D9%8A-%D9%85%D9%86%D8%B5%D8%A9-%D8%B3%D9%84%D8%A9-%D8%A8%D9%86%D8%AC%D8%A7%D8%AD.html,False,ezhalhe-sa.com,www.ezhalhe-sa.com,non-www
articles/الخطوات-التفصيلية-لربط-خدمة-تمارا-بمتجرك-الإلكتروني-على-سلة-أو-زد.html,https://www.ezhalhe-sa.com/articles/%D8%A7%D9%84%D8%AE%D8%B7%D9%88%D8%A7%D8%AA-%D8%A7%D9%84%D8%AA%D9%81%D8%B5%D9%8A%D9%84%D9%8A%D8%A9-%D9%84%D8%B1%D8%A8%D8%B7-%D8%AE%D8%AF%D9%85%D8%A9-%D8%AA%D9%85%D8%A7%D8%B1%D8%A7-%D8%A8%D9%85%D8%AA%D8%AC%D8%B1%D9%83-%D8%A7%D9%84%D8%A5%D9%84%D9%83%D8%AA%D8%B1%D9%88%D9%86%D9%8A-%D8%B9%D9%84%D9%89-%D8%B3%D9%84%D8%A9-%D8%A3%D9%88-%D8%B2%D8%AF.html,200,https://ezhalhe-sa.com/articles/الخطوات-التفصيلية-لربط-خدمة-تمارا-بمتجرك-الإلكتروني-على-سلة-أو-زد.html,1,200,https://www.ezhalhe-sa.com/articles/%D8%A7%D9%84%D8%AE%D8%B7%D9%88%D8%A7%D8%AA-%D8%A7%D9%84%D8%AA%D9%81%D8%B5%D9%8A%D9%84%D9%8A%D8%A9-%D9%84%D8%B1%D8%A8%D8%B7-%D8%AE%D8%AF%D9%85%D8%A9-%D8%AA%D9%85%D8%A7%D8%B1%D8%A7-%D8%A8%D9%85%D8%AA%D8%AC%D8%B1%D9%83-%D8%A7%D9%84%D8%A5%D9%84%D9%83%D8%AA%D8%B1%D9%88%D9%86%D9%8A-%D8%B9%D9%84%D9%89-%D8%B3%D9%84%D8%A9-%D8%A3%D9%88-%D8%B2%D8%AF.html,False,ezhalhe-sa.com,www.ezhalhe-sa.com,non-www
articles/الدليل-الشامل-لإعداد-وربط-البكسلات-التحويلية-فيسبوك-سناب-شات-تيك-توك.html,https://www.ezhalhe-sa.com/articles/%D8%A7%D9%84%D8%AF%D9%84%D9%8A%D9%84-%D8%A7%D9%84%D8%B4%D8%A7%D9%85%D9%84-%D9%84%D8%A5%D8%B9%D8%AF%D8%A7%D8%AF-%D9%88%D8%B1%D8%A8%D8%B7-%D8%A7%D9%84%D8%A8%D9%83%D8%B3%D9%84%D8%A7%D8%AA-%D8%A7%D9%84%D8%AA%D8%AD%D9%88%D9%8A%D9%84%D9%8A%D8%A9-%D9%81%D9%8A%D8%B3%D8%A8%D9%88%D9%83-%D8%B3%D9%86%D8%A7%D8%A8-%D8%B4%D8%A7%D8%AA-%D8%AA%D9%8A%D9%83-%D8%AA%D9%88%D9%83.html,200,https://ezhalhe-sa.com/articles/الدليل-الشامل-لإعداد-وربط-البكسلات-التحويلية-فيسبوك-سناب-شات-تيك-توك.html,1,200,https://www.ezhalhe-sa.com/articles/%D8%A7%D9%84%D8%AF%D9%84%D9%8A%D9%84-%D8%A7%D9%84%D8%B4%D8%A7%D9%85%D9%84-%D9%84%D8%A5%D8%B9%D8%AF%D8%A7%D8%AF-%D9%88%D8%B1%D8%A8%D8%B7-%D8%A7%D9%84%D8%A8%D9%83%D8%B3%D9%84%D8%A7%D8%AA-%D8%A7%D9%84%D8%AA%D8%AD%D9%88%D9%8A%D9%84%D9%8A%D8%A9-%D9%81%D9%8A%D8%B3%D8%A8%D9%88%D9%83-%D8%B3%D9%86%D8%A7%D8%A8-%D8%B4%D8%A7%D8%AA-%D8%AA%D9%8A%D9%83-%D8%AA%D9%88%D9%83.html,False,ezhalhe-sa.com,www.ezhalhe-sa.com,non-www
articles/الرسوم-والعمولات-مقارنة-تكاليف-استخدام-ميس-مدفوع-وإمكان.html,https://www.ezhalhe-sa.com/articles/%D8%A7%D9%84%D8%B1%D8%B3%D9%88%D9%85-%D9%88%D8%A7%D9%84%D8%B9%D9%85%D9%88%D9%84%D8%A7%D8%AA-%D9%85%D9%82%D8%A7%D8%B1%D9%86%D8%A9-%D8%AA%D9%83%D8%A7%D9%84%D9%8A%D9%81-%D8%A7%D8%B3%D8%AA%D8%AE%D8%AF%D8%A7%D9%85-%D9%85%D9%8A%D8%B3-%D9%85%D8%AF%D9%81%D9%88%D8%B9-%D9%88%D8%A5%D9%85%D9%83%D8%A7%D9%86.html,200,https://ezhalhe-sa.com/articles/الرسوم-والعمولات-مقارنة-تكاليف-استخدام-ميس-مدفوع-وإمكان.html,1,200,https://www.ezhalhe-sa.com/articles/%D8%A7%D9%84%D8%B1%D8%B3%D9%88%D9%85-%D9%88%D8%A7%D9%84%D8%B9%D9%85%D9%88%D9%84%D8%A7%D8%AA-%D9%85%D9%82%D8%A7%D8%B1%D9%86%D8%A9-%D8%AA%D9%83%D8%A7%D9%84%D9%8A%D9%81-%D8%A7%D8%B3%D8%AA%D8%AE%D8%AF%D8%A7%D9%85-%D9%85%D9%8A%D8%B3-%D9%85%D8%AF%D9%81%D9%88%D8%B9-%D9%88%D8%A5%D9%85%D9%83%D8%A7%D9%86.html,False,ezhalhe-sa.com,www.ezhalhe-sa.com,non-www
articles/الشروط-والمتطلبات-الأساسية-لاستخراج-وثيقة-العمل-الحر.html,https://www.ezhalhe-sa.com/articles/%D8%A7%D9%84%D8%B4%D8%B1%D9%88%D8%B7-%D9%88%D8%A7%D9%84%D9%85%D8%AA%D8%B7%D9%84%D8%A8%D8%A7%D8%AA-%D8%A7%D9%84%D8%A3%D8%B3%D8%A7%D8%B3%D9%8A%D8%A9-%D9%84%D8%A7%D8%B3%D8%AA%D8%AE%D8%B1%D8%A7%D8%AC-%D9%88%D8%AB%D9%8A%D9%82%D8%A9-%D8%A7%D9%84%D8%B9%D9%85%D9%84-%D8%A7%D9%84%D8%AD%D8%B1.html,200,https://ezhalhe-sa.com/articles/الشروط-والمتطلبات-الأساسية-لاستخراج-وثيقة-العمل-الحر.html,1,200,https://www.ezhalhe-sa.com/articles/%D8%A7%D9%84%D8%B4%D8%B1%D9%88%D8%B7-%D9%88%D8%A7%D9%84%D9%85%D8%AA%D8%B7%D9%84%D8%A8%D8%A7%D8%AA-%D8%A7%D9%84%D8%A3%D8%B3%D8%A7%D8%B3%D9%8A%D8%A9-%D9%84%D8%A7%D8%B3%D8%AA%D8%AE%D8%B1%D8%A7%D8%AC-%D9%88%D8%AB%D9%8A%D9%82%D8%A9-%D8%A7%D9%84%D8%B9%D9%85%D9%84-%D8%A7%D9%84%D8%AD%D8%B1.html,False,ezhalhe-sa.com,www.ezhalhe-sa.com,non-www
articles/الشروط-والمتطلبات-الأساسية-لتفعيل-تابي-للأعمال.html,https://www.ezhalhe-sa.com/articles/%D8%A7%D9%84%D8%B4%D8%B1%D9%88%D8%B7-%D9%88%D8%A7%D9%84%D9%85%D8%AA%D8%B7%D9%84%D8%A8%D8%A7%D8%AA-%D8%A7%D9%84%D8%A3%D8%B3%D8%A7%D8%B3%D9%8A%D8%A9-%D9%84%D8%AA%D9%81%D8%B9%D9%8A%D9%84-%D8%AA%D8%A7%D8%A8%D9%8A-%D9%84%D9%84%D8%A3%D8%B9%D9%85%D8%A7%D9%84.html,200,https://ezhalhe-sa.com/articles/الشروط-والمتطلبات-الأساسية-لتفعيل-تابي-للأعمال.html,1,200,https://www.ezhalhe-sa.com/articles/%D8%A7%D9%84%D8%B4%D8%B1%D9%88%D8%B7-%D9%88%D8%A7%D9%84%D9%85%D8%AA%D8%B7%D9%84%D8%A8%D8%A7%D8%AA-%D8%A7%D9%84%D8%A3%D8%B3%D8%A7%D8%B3%D9%8A%D8%A9-%D9%84%D8%AA%D9%81%D8%B9%D9%8A%D9%84-%D8%AA%D8%A7%D8%A8%D9%8A-%D9%84%D9%84%D8%A3%D8%B9%D9%85%D8%A7%D9%84.html,False,ezhalhe-sa.com,www.ezhalhe-sa.com,non-www
articles/الشروط-والمتطلبات-الفنية-لتفعيل-بوابات-الدفع-الإلكتروني.html,https://www.ezhalhe-sa.com/articles/%D8%A7%D9%84%D8%B4%D8%B1%D9%88%D8%B7-%D9%88%D8%A7%D9%84%D9%85%D8%AA%D8%B7%D9%84%D8%A8%D8%A7%D8%AA-%D8%A7%D9%84%D9%81%D9%86%D9%8A%D8%A9-%D9%84%D8%AA%D9%81%D8%B9%D9%8A%D9%84-%D8%A8%D9%88%D8%A7%D8%A8%D8%A7%D8%AA-%D8%A7%D9%84%D8%AF%D9%81%D8%B9-%D8%A7%D9%84%D8%A5%D9%84%D9%83%D8%AA%D8%B1%D9%88%D9%86%D9%8A.html,200,https://ezhalhe-sa.com/articles/الشروط-والمتطلبات-الفنية-لتفعيل-بوابات-الدفع-الإلكتروني.html,1,200,https://www.ezhalhe-sa.com/articles/%D8%A7%D9%84%D8%B4%D8%B1%D9%88%D8%B7-%D9%88%D8%A7%D9%84%D9%85%D8%AA%D8%B7%D9%84%D8%A8%D8%A7%D8%AA-%D8%A7%D9%84%D9%81%D9%86%D9%8A%D8%A9-%D9%84%D8%AA%D9%81%D8%B9%D9%8A%D9%84-%D8%A8%D9%88%D8%A7%D8%A8%D8%A7%D8%AA-%D8%A7%D9%84%D8%AF%D9%81%D8%B9-%D8%A7%D9%84%D8%A5%D9%84%D9%83%D8%AA%D8%B1%D9%88%D9%86%D9%8A.html,False,ezhalhe-sa.com,www.ezhalhe-sa.com,non-www
articles/العلاقة-بين-توثيق-منصة-الأعمال-وتفعيل-بوابات-الدفع-الإلكتروني.html,https://www.ezhalhe-sa.com/articles/%D8%A7%D9%84%D8%B9%D9%84%D8%A7%D9%82%D8%A9-%D8%A8%D9%8A%D9%86-%D8%AA%D9%88%D8%AB%D9%8A%D9%82-%D9%85%D9%86%D8%B5%D8%A9-%D8%A7%D9%84%D8%A3%D8%B9%D9%85%D8%A7%D9%84-%D9%88%D8%AA%D9%81%D8%B9%D9%8A%D9%84-%D8%A8%D9%88%D8%A7%D8%A8%D8%A7%D8%AA-%D8%A7%D9%84%D8%AF%D9%81%D8%B9-%D8%A7%D9%84%D8%A5%D9%84%D9%83%D8%AA%D8%B1%D9%88%D9%86%D9%8A.html,200,https://ezhalhe-sa.com/articles/العلاقة-بين-توثيق-منصة-الأعمال-وتفعيل-بوابات-الدفع-الإلكتروني.html,1,200,https://www.ezhalhe-sa.com/articles/%D8%A7%D9%84%D8%B9%D9%84%D8%A7%D9%82%D8%A9-%D8%A8%D9%8A%D9%86-%D8%AA%D9%88%D8%AB%D9%8A%D9%82-%D9%85%D9%86%D8%B5%D8%A9-%D8%A7%D9%84%D8%A3%D8%B9%D9%85%D8%A7%D9%84-%D9%88%D8%AA%D9%81%D8%B9%D9%8A%D9%84-%D8%A8%D9%88%D8%A7%D8%A8%D8%A7%D8%AA-%D8%A7%D9%84%D8%AF%D9%81%D8%B9-%D8%A7%D9%84%D8%A5%D9%84%D9%83%D8%AA%D8%B1%D9%88%D9%86%D9%8A.html,False,ezhalhe-sa.com,www.ezhalhe-sa.com,non-www
articles/العلاقة-بين-وثيقة-العمل-الحر-وتوثيق-المتجر-في-سلة.html,https://www.ezhalhe-sa.com/articles/%D8%A7%D9%84%D8%B9%D9%84%D8%A7%D9%82%D8%A9-%D8%A8%D9%8A%D9%86-%D9%88%D8%AB%D9%8A%D9%82%D8%A9-%D8%A7%D9%84%D8%B9%D9%85%D9%84-%D8%A7%D9%84%D8%AD%D8%B1-%D9%88%D8%AA%D9%88%D8%AB%D9%8A%D9%82-%D8%A7%D9%84%D9%85%D8%AA%D8%AC%D8%B1-%D9%81%D9%8A-%D8%B3%D9%84%D8%A9.html,200,https://ezhalhe-sa.com/articles/العلاقة-بين-وثيقة-العمل-الحر-وتوثيق-المتجر-في-سلة.html,1,200,https://www.ezhalhe-sa.com/articles/%D8%A7%D9%84%D8%B9%D9%84%D8%A7%D9%82%D8%A9-%D8%A8%D9%8A%D9%86-%D9%88%D8%AB%D9%8A%D9%82%D8%A9-%D8%A7%D9%84%D8%B9%D9%85%D9%84-%D8%A7%D9%84%D8%AD%D8%B1-%D9%88%D8%AA%D9%88%D8%AB%D9%8A%D9%82-%D8%A7%D9%84%D9%85%D8%AA%D8%AC%D8%B1-%D9%81%D9%8A-%D8%B3%D9%84%D8%A9.html,False,ezhalhe-sa.com,www.ezhalhe-sa.com,non-www
articles/الفرق-بين-الحساب-البنكي-الشخصي-والحساب-البنكي-التجاري-للمتجر.html,https://www.ezhalhe-sa.com/articles/%D8%A7%D9%84%D9%81%D8%B1%D9%82-%D8%A8%D9%8A%D9%86-%D8%A7%D9%84%D8%AD%D8%B3%D8%A7%D8%A8-%D8%A7%D9%84%D8%A8%D9%86%D9%83%D9%8A-%D8%A7%D9%84%D8%B4%D8%AE%D8%B5%D9%8A-%D9%88%D8%A7%D9%84%D8%AD%D8%B3%D8%A7%D8%A8-%D8%A7%D9%84%D8%A8%D9%86%D9%83%D9%8A-%D8%A7%D9%84%D8%AA%D8%AC%D8%A7%D8%B1%D9%8A-%D9%84%D9%84%D9%85%D8%AA%D8%AC%D8%B1.html,200,https://ezhalhe-sa.com/articles/الفرق-بين-الحساب-البنكي-الشخصي-والحساب-البنكي-التجاري-للمتجر.html,1,200,https://www.ezhalhe-sa.com/articles/%D8%A7%D9%84%D9%81%D8%B1%D9%82-%D8%A8%D9%8A%D9%86-%D8%A7%D9%84%D8%AD%D8%B3%D8%A7%D8%A8-%D8%A7%D9%84%D8%A8%D9%86%D9%83%D9%8A-%D8%A7%D9%84%D8%B4%D8%AE%D8%B5%D9%8A-%D9%88%D8%A7%D9%84%D8%AD%D8%B3%D8%A7%D8%A8-%D8%A7%D9%84%D8%A8%D9%86%D9%83%D9%8A-%D8%A7%D9%84%D8%AA%D8%AC%D8%A7%D8%B1%D9%8A-%D9%84%D9%84%D9%85%D8%AA%D8%AC%D8%B1.html,False,ezhalhe-sa.com,www.ezhalhe-sa.com,non-www
articles/الفرق-بين-وثيقة-العمل-الحر-والسجل-التجاري-للمتجر-الإلكتروني.html,https://www.ezhalhe-sa.com/articles/%D8%A7%D9%84%D9%81%D8%B1%D9%82-%D8%A8%D9%8A%D9%86-%D9%88%D8%AB%D9%8A%D9%82%D8%A9-%D8%A7%D9%84%D8%B9%D9%85%D9%84-%D8%A7%D9%84%D8%AD%D8%B1-%D9%88%D8%A7%D9%84%D8%B3%D8%AC%D9%84-%D8%A7%D9%84%D8%AA%D8%AC%D8%A7%D8%B1%D9%8A-%D9%84%D9%84%D9%85%D8%AA%D8%AC%D8%B1-%D8%A7%D9%84%D8%A5%D9%84%D9%83%D8%AA%D8%B1%D9%88%D9%86%D9%8A.html,200,https://ezhalhe-sa.com/articles/الفرق-بين-وثيقة-العمل-الحر-والسجل-التجاري-للمتجر-الإلكتروني.html,1,200,https://www.ezhalhe-sa.com/articles/%D8%A7%D9%84%D9%81%D8%B1%D9%82-%D8%A8%D9%8A%D9%86-%D9%88%D8%AB%D9%8A%D9%82%D8%A9-%D8%A7%D9%84%D8%B9%D9%85%D9%84-%D8%A7%D9%84%D8%AD%D8%B1-%D9%88%D8%A7%D9%84%D8%B3%D8%AC%D9%84-%D8%A7%D9%84%D8%AA%D8%AC%D8%A7%D8%B1%D9%8A-%D9%84%D9%84%D9%85%D8%AA%D8%AC%D8%B1-%D8%A7%D9%84%D8%A5%D9%84%D9%83%D8%AA%D8%B1%D9%88%D9%86%D9%8A.html,False,ezhalhe-sa.com,www.ezhalhe-sa.com,non-www
articles/الفوائد-الأمنية-لتوثيق-متجرك-عبر-منصة-الأعمال.html,https://www.ezhalhe-sa.com/articles/%D8%A7%D9%84%D9%81%D9%88%D8%A7%D8%A6%D8%AF-%D8%A7%D9%84%D8%A3%D9%85%D9%86%D9%8A%D8%A9-%D9%84%D8%AA%D9%88%D8%AB%D9%8A%D9%82-%D9%85%D8%AA%D8%AC%D8%B1%D9%83-%D8%B9%D8%A8%D8%B1-%D9%85%D9%86%D8%B5%D8%A9-%D8%A7%D9%84%D8%A3%D8%B9%D9%85%D8%A7%D9%84.html,200,https://ezhalhe-sa.com/articles/الفوائد-الأمنية-لتوثيق-متجرك-عبر-منصة-الأعمال.html,1,200,https://www.ezhalhe-sa.com/articles/%D8%A7%D9%84%D9%81%D9%88%D8%A7%D8%A6%D8%AF-%D8%A7%D9%84%D8%A3%D9%85%D9%86%D9%8A%D8%A9-%D9%84%D8%AA%D9%88%D8%AB%D9%8A%D9%82-%D9%85%D8%AA%D8%AC%D8%B1%D9%83-%D8%B9%D8%A8%D8%B1-%D9%85%D9%86%D8%B5%D8%A9-%D8%A7%D9%84%D8%A3%D8%B9%D9%85%D8%A7%D9%84.html,False,ezhalhe-sa.com,www.ezhalhe-sa.com,non-www
articles/الفوائد-القانونية-والتجارية-لتوثيق-متجرك-الإلكتروني.html,https://www.ezhalhe-sa.com/articles/%D8%A7%D9%84%D9%81%D9%88%D8%A7%D8%A6%D8%AF-%D8%A7%D9%84%D9%82%D8%A7%D9%86%D9%88%D9%86%D9%8A%D8%A9-%D9%88%D8%A7%D9%84%D8%AA%D8%AC%D8%A7%D8%B1%D9%8A%D8%A9-%D9%84%D8%AA%D9%88%D8%AB%D9%8A%D9%82-%D9%85%D8%AA%D8%AC%D8%B1%D9%83-%D8%A7%D9%84%D8%A5%D9%84%D9%83%D8%AA%D8%B1%D9%88%D9%86%D9%8A.html,200,https://ezhalhe-sa.com/articles/الفوائد-القانونية-والتجارية-لتوثيق-متجرك-الإلكتروني.html,1,200,https://www.ezhalhe-sa.com/articles/%D8%A7%D9%84%D9%81%D9%88%D8%A7%D8%A6%D8%AF-%D8%A7%D9%84%D9%82%D8%A7%D9%86%D9%88%D9%86%D9%8A%D8%A9-%D9%88%D8%A7%D9%84%D8%AA%D8%AC%D8%A7%D8%B1%D9%8A%D8%A9-%D9%84%D8%AA%D9%88%D8%AB%D9%8A%D9%82-%D9%85%D8%AA%D8%AC%D8%B1%D9%83-%D8%A7%D9%84%D8%A5%D9%84%D9%83%D8%AA%D8%B1%D9%88%D9%86%D9%8A.html,False,ezhalhe-sa.com,www.ezhalhe-sa.com,non-www
articles/المدة-الزمنية-المتوقعة-لإنهاء-إجراءات-توثيق-متجر-سلة.html,https://www.ezhalhe-sa.com/articles/%D8%A7%D9%84%D9%85%D8%AF%D8%A9-%D8%A7%D9%84%D8%B2%D9%85%D9%86%D9%8A%D8%A9-%D8%A7%D9%84%D9%85%D8%AA%D9%88%D9%82%D8%B9%D8%A9-%D9%84%D8%A5%D9%86%D9%87%D8%A7%D8%A1-%D8%A5%D8%AC%D8%B1%D8%A7%D8%A1%D8%A7%D8%AA-%D8%AA%D9%88%D8%AB%D9%8A%D9%82-%D9%85%D8%AA%D8%AC%D8%B1-%D8%B3%D9%84%D8%A9.html,200,https://ezhalhe-sa.com/articles/المدة-الزمنية-المتوقعة-لإنهاء-إجراءات-توثيق-متجر-سلة.html,1,200,https://www.ezhalhe-sa.com/articles/%D8%A7%D9%84%D9%85%D8%AF%D8%A9-%D8%A7%D9%84%D8%B2%D9%85%D9%86%D9%8A%D8%A9-%D8%A7%D9%84%D9%85%D8%AA%D9%88%D9%82%D8%B9%D8%A9-%D9%84%D8%A5%D9%86%D9%87%D8%A7%D8%A1-%D8%A5%D8%AC%D8%B1%D8%A7%D8%A1%D8%A7%D8%AA-%D8%AA%D9%88%D8%AB%D9%8A%D9%82-%D9%85%D8%AA%D8%AC%D8%B1-%D8%B3%D9%84%D8%A9.html,False,ezhalhe-sa.com,www.ezhalhe-sa.com,non-www
articles/المزايا-والحوافز-التي-تقدمها-وثيقة-العمل-الحر-لحامليها.html,https://www.ezhalhe-sa.com/articles/%D8%A7%D9%84%D9%85%D8%B2%D8%A7%D9%8A%D8%A7-%D9%88%D8%A7%D9%84%D8%AD%D9%88%D8%A7%D9%81%D8%B2-%D8%A7%D9%84%D8%AA%D9%8A-%D8%AA%D9%82%D8%AF%D9%85%D9%87%D8%A7-%D9%88%D8%AB%D9%8A%D9%82%D8%A9-%D8%A7%D9%84%D8%B9%D9%85%D9%84-%D8%A7%D9%84%D8%AD%D8%B1-%D9%84%D8%AD%D8%A7%D9%85%D9%84%D9%8A%D9%87%D8%A7.html,200,https://ezhalhe-sa.com/articles/المزايا-والحوافز-التي-تقدمها-وثيقة-العمل-الحر-لحامليها.html,1,200,https://www.ezhalhe-sa.com/articles/%D8%A7%D9%84%D9%85%D8%B2%D8%A7%D9%8A%D8%A7-%D9%88%D8%A7%D9%84%D8%AD%D9%88%D8%A7%D9%81%D8%B2-%D8%A7%D9%84%D8%AA%D9%8A-%D8%AA%D9%82%D8%AF%D9%85%D9%87%D8%A7-%D9%88%D8%AB%D9%8A%D9%82%D8%A9-%D8%A7%D9%84%D8%B9%D9%85%D9%84-%D8%A7%D9%84%D8%AD%D8%B1-%D9%84%D8%AD%D8%A7%D9%85%D9%84%D9%8A%D9%87%D8%A7.html,False,ezhalhe-sa.com,www.ezhalhe-sa.com,non-www
articles/الوثائق-المطلوبة-لتوثيق-متجر-إلكتروني-في-منصة-الأعمال.html,https://www.ezhalhe-sa.com/articles/%D8%A7%D9%84%D9%88%D8%AB%D8%A7%D8%A6%D9%82-%D8%A7%D9%84%D9%85%D8%B7%D9%84%D9%88%D8%A8%D8%A9-%D9%84%D8%AA%D9%88%D8%AB%D9%8A%D9%82-%D9%85%D8%AA%D8%AC%D8%B1-%D8%A5%D9%84%D9%83%D8%AA%D8%B1%D9%88%D9%86%D9%8A-%D9%81%D9%8A-%D9%85%D9%86%D8%B5%D8%A9-%D8%A7%D9%84%D8%A3%D8%B9%D9%85%D8%A7%D9%84.html,200,https://ezhalhe-sa.com/articles/الوثائق-المطلوبة-لتوثيق-متجر-إلكتروني-في-منصة-الأعمال.html,1,200,https://www.ezhalhe-sa.com/articles/%D8%A7%D9%84%D9%88%D8%AB%D8%A7%D8%A6%D9%82-%D8%A7%D9%84%D9%85%D8%B7%D9%84%D9%88%D8%A8%D8%A9-%D9%84%D8%AA%D9%88%D8%AB%D9%8A%D9%82-%D9%85%D8%AA%D8%AC%D8%B1-%D8%A5%D9%84%D9%83%D8%AA%D8%B1%D9%88%D9%86%D9%8A-%D9%81%D9%8A-%D9%85%D9%86%D8%B5%D8%A9-%D8%A7%D9%84%D8%A3%D8%B9%D9%85%D8%A7%D9%84.html,False,ezhalhe-sa.com,www.ezhalhe-sa.com,non-www
articles/الوثائق-المطلوبة-لفتح-حساب-بنكي-للأعمال-في-المملكة-العربية-السعودية.html,https://www.ezhalhe-sa.com/articles/%D8%A7%D9%84%D9%88%D8%AB%D8%A7%D8%A6%D9%82-%D8%A7%D9%84%D9%85%D8%B7%D9%84%D9%88%D8%A8%D8%A9-%D9%84%D9%81%D8%AA%D8%AD-%D8%AD%D8%B3%D8%A7%D8%A8-%D8%A8%D9%86%D9%83%D9%8A-%D9%84%D9%84%D8%A3%D8%B9%D9%85%D8%A7%D9%84-%D9%81%D9%8A-%D8%A7%D9%84%D9%85%D9%85%D9%84%D9%83%D8%A9-%D8%A7%D9%84%D8%B9%D8%B1%D8%A8%D9%8A%D8%A9-%D8%A7%D9%84%D8%B3%D8%B9%D9%88%D8%AF%D9%8A%D8%A9.html,200,https://ezhalhe-sa.com/articles/الوثائق-المطلوبة-لفتح-حساب-بنكي-للأعمال-في-المملكة-العربية-السعودية.html,1,200,https://www.ezhalhe-sa.com/articles/%D8%A7%D9%84%D9%88%D8%AB%D8%A7%D8%A6%D9%82-%D8%A7%D9%84%D9%85%D8%B7%D9%84%D9%88%D8%A8%D8%A9-%D9%84%D9%81%D8%AA%D8%AD-%D8%AD%D8%B3%D8%A7%D8%A8-%D8%A8%D9%86%D9%83%D9%8A-%D9%84%D9%84%D8%A3%D8%B9%D9%85%D8%A7%D9%84-%D9%81%D9%8A-%D8%A7%D9%84%D9%85%D9%85%D9%84%D9%83%D8%A9-%D8%A7%D9%84%D8%B9%D8%B1%D8%A8%D9%8A%D8%A9-%D8%A7%D9%84%D8%B3%D8%B9%D9%88%D8%AF%D9%8A%D8%A9.html,False,ezhalhe-sa.com,www.ezhalhe-sa.com,non-www
articles/الوثائق-والمتطلبات-الأساسية-لعملية-توثيق-متجر-سلة.html,https://www.ezhalhe-sa.com/articles/%D8%A7%D9%84%D9%88%D8%AB%D8%A7%D8%A6%D9%82-%D9%88%D8%A7%D9%84%D9%85%D8%AA%D8%B7%D9%84%D8%A8%D8%A7%D8%AA-%D8%A7%D9%84%D8%A3%D8%B3%D8%A7%D8%B3%D9%8A%D8%A9-%D9%84%D8%B9%D9%85%D9%84%D9%8A%D8%A9-%D8%AA%D9%88%D8%AB%D9%8A%D9%82-%D9%85%D8%AA%D8%AC%D8%B1-%D8%B3%D9%84%D8%A9.html,200,https://ezhalhe-sa.com/articles/الوثائق-والمتطلبات-الأساسية-لعملية-توثيق-متجر-سلة.html,1,200,https://www.ezhalhe-sa.com/articles/%D8%A7%D9%84%D9%88%D8%AB%D8%A7%D8%A6%D9%82-%D9%88%D8%A7%D9%84%D9%85%D8%AA%D8%B7%D9%84%D8%A8%D8%A7%D8%AA-%D8%A7%D9%84%D8%A3%D8%B3%D8%A7%D8%B3%D9%8A%D8%A9-%D9%84%D8%B9%D9%85%D9%84%D9%8A%D8%A9-%D8%AA%D9%88%D8%AB%D9%8A%D9%82-%D9%85%D8%AA%D8%AC%D8%B1-%D8%B3%D9%84%D8%A9.html,False,ezhalhe-sa.com,www.ezhalhe-sa.com,non-www
articles/بناء-مجتمع-حول-متجرك-الإلكتروني-عبر-استراتيجيات-التواصل-الاجتماعي.html,https://www.ezhalhe-sa.com/articles/%D8%A8%D9%86%D8%A7%D8%A1-%D9%85%D8%AC%D8%AA%D9%85%D8%B9-%D8%AD%D9%88%D9%84-%D9%85%D8%AA%D8%AC%D8%B1%D9%83-%D8%A7%D9%84%D8%A5%D9%84%D9%83%D8%AA%D8%B1%D9%88%D9%86%D9%8A-%D8%B9%D8%A8%D8%B1-%D8%A7%D8%B3%D8%AA%D8%B1%D8%A7%D8%AA%D9%8A%D8%AC%D9%8A%D8%A7%D8%AA-%D8%A7%D9%84%D8%AA%D9%88%D8%A7%D8%B5%D9%84-%D8%A7%D9%84%D8%A7%D8%AC%D8%AA%D9%85%D8%A7%D8%B9%D9%8A.html,200,https://ezhalhe-sa.com/articles/بناء-مجتمع-حول-متجرك-الإلكتروني-عبر-استراتيجيات-التواصل-الاجتماعي.html,1,200,https://www.ezhalhe-sa.com/articles/%D8%A8%D9%86%D8%A7%D8%A1-%D9%85%D8%AC%D8%AA%D9%85%D8%B9-%D8%AD%D9%88%D9%84-%D9%85%D8%AA%D8%AC%D8%B1%D9%83-%D8%A7%D9%84%D8%A5%D9%84%D9%83%D8%AA%D8%B1%D9%88%D9%86%D9%8A-%D8%B9%D8%A8%D8%B1-%D8%A7%D8%B3%D8%AA%D8%B1%D8%A7%D8%AA%D9%8A%D8%AC%D9%8A%D8%A7%D8%AA-%D8%A7%D9%84%D8%AA%D9%88%D8%A7%D8%B5%D9%84-%D8%A7%D9%84%D8%A7%D8%AC%D8%AA%D9%85%D8%A7%D8%B9%D9%8A.html,False,ezhalhe-sa.com,www.ezhalhe-sa.com,non-www
articles/بوابات-الدفع-وتأثيرها-على-تجربة-المستخدم-ومعدل-التحويل.html,https://www.ezhalhe-sa.com/articles/%D8%A8%D9%88%D8%A7%D8%A8%D8%A7%D8%AA-%D8%A7%D9%84%D8%AF%D9%81%D8%B9-%D9%88%D8%AA%D8%A3%D8%AB%D9%8A%D8%B1%D9%87%D8%A7-%D8%B9%D9%84%D9%89-%D8%AA%D8%AC%D8%B1%D8%A8%D8%A9-%D8%A7%D9%84%D9%85%D8%B3%D8%AA%D8%AE%D8%AF%D9%85-%D9%88%D9%85%D8%B9%D8%AF%D9%84-%D8%A7%D9%84%D8%AA%D8%AD%D9%88%D9%8A%D9%84.html,200,https://ezhalhe-sa.com/articles/بوابات-الدفع-وتأثيرها-على-تجربة-المستخدم-ومعدل-التحويل.html,1,200,https://www.ezhalhe-sa.com/articles/%D8%A8%D9%88%D8%A7%D8%A8%D8%A7%D8%AA-%D8%A7%D9%84%D8%AF%D9%81%D8%B9-%D9%88%D8%AA%D8%A3%D8%AB%D9%8A%D8%B1%D9%87%D8%A7-%D8%B9%D9%84%D9%89-%D8%AA%D8%AC%D8%B1%D8%A8%D8%A9-%D8%A7%D9%84%D9%85%D8%B3%D8%AA%D8%AE%D8%AF%D9%85-%D9%88%D9%85%D8%B9%D8%AF%D9%84-%D8%A7%D9%84%D8%AA%D8%AD%D9%88%D9%8A%D9%84.html,False,ezhalhe-sa.com,www.ezhalhe-sa.com,non-www
articles/تابي-وتمارا-مقارنة-بين-المزايا-والرسوم-لأصحاب-المتاجر.html,https://www.ezhalhe-sa.com/articles/%D8%AA%D8%A7%D8%A8%D9%8A-%D9%88%D8%AA%D9%85%D8%A7%D8%B1%D8%A7-%D9%85%D9%82%D8%A7%D8%B1%D9%86%D8%A9-%D8%A8%D9%8A%D9%86-%D8%A7%D9%84%D9%85%D8%B2%D8%A7%D9%8A%D8%A7-%D9%88%D8%A7%D9%84%D8%B1%D8%B3%D9%88%D9%85-%D9%84%D8%A3%D8%B5%D8%AD%D8%A7%D8%A8-%D8%A7%D9%84%D9%85%D8%AA%D8%A7%D8%AC%D8%B1.html,200,https://ezhalhe-sa.com/articles/تابي-وتمارا-مقارنة-بين-المزايا-والرسوم-لأصحاب-المتاجر.html,1,200,https://www.ezhalhe-sa.com/articles/%D8%AA%D8%A7%D8%A8%D9%8A-%D9%88%D8%AA%D9%85%D8%A7%D8%B1%D8%A7-%D9%85%D9%82%D8%A7%D8%B1%D9%86%D8%A9-%D8%A8%D9%8A%D9%86-%D8%A7%D9%84%D9%85%D8%B2%D8%A7%D9%8A%D8%A7-%D9%88%D8%A7%D9%84%D8%B1%D8%B3%D9%88%D9%85-%D9%84%D8%A3%D8%B5%D8%AD%D8%A7%D8%A8-%D8%A7%D9%84%D9%85%D8%AA%D8%A7%D8%AC%D8%B1.html,False,ezhalhe-sa.com,www.ezhalhe-sa.com,non-www
articles/تجربة-العميل-مع-الدفع-الآجل-نصائح-لتحسينها.html,https://www.ezhalhe-sa.com/articles/%D8%AA%D8%AC%D8%B1%D8%A8%D8%A9-%D8%A7%D9%84%D8%B9%D9%85%D9%8A%D9%84-%D9%85%D8%B9-%D8%A7%D9%84%D8%AF%D9%81%D8%B9-%D8%A7%D9%84%D8%A2%D8%AC%D9%84-%D9%86%D8%B5%D8%A7%D8%A6%D8%AD-%D9%84%D8%AA%D8%AD%D8%B3%D9%8A%D9%86%D9%87%D8%A7.html,200,https://ezhalhe-sa.com/articles/تجربة-العميل-مع-الدفع-الآجل-نصائح-لتحسينها.html,1,200,https://www.ezhalhe-sa.com/articles/%D8%AA%D8%AC%D8%B1%D8%A8%D8%A9-%D8%A7%D9%84%D8%B9%D9%85%D9%8A%D9%84-%D9%85%D8%B9-%D8%A7%D9%84%D8%AF%D9%81%D8%B9-%D8%A7%D9%84%D8%A2%D8%AC%D9%84-%D9%86%D8%B5%D8%A7%D8%A6%D8%AD-%D9%84%D8%AA%D8%AD%D8%B3%D9%8A%D9%86%D9%87%D8%A7.html,False,ezhalhe-sa.com,www.ezhalhe-sa.com,non-www
articles/تحسين-seo-للمتاجر-الإلكترونية-على-سلة-دليل-شامل-للبداية.html,https://www.ezhalhe-sa.com/articles/%D8%AA%D8%AD%D8%B3%D9%8A%D9%86-seo-%D9%84%D9%84%D9%85%D8%AA%D8%A7%D8%AC%D8%B1-%D8%A7%D9%84%D8%A5%D9%84%D9%83%D8%AA%D8%B1%D9%88%D9%86%D9%8A%D8%A9-%D8%B9%D9%84%D9%89-%D8%B3%D9%84%D8%A9-%D8%AF%D9%84%D9%8A%D9%84-%D8%B4%D8%A7%D9%85%D9%84-%D9%84%D9%84%D8%A8%D8%AF%D8%A7%D9%8A%D8%A9.html,200,https://ezhalhe-sa.com/articles/تحسين-seo-للمتاجر-الإلكترونية-على-سلة-دليل-شامل-للبداية.html,1,200,https://www.ezhalhe-sa.com/articles/%D8%AA%D8%AD%D8%B3%D9%8A%D9%86-seo-%D9%84%D9%84%D9%85%D8%AA%D8%A7%D8%AC%D8%B1-%D8%A7%D9%84%D8%A5%D9%84%D9%83%D8%AA%D8%B1%D9%88%D9%86%D9%8A%D8%A9-%D8%B9%D9%84%D9%89-%D8%B3%D9%84%D8%A9-%D8%AF%D9%84%D9%8A%D9%84-%D8%B4%D8%A7%D9%85%D9%84-%D9%84%D9%84%D8%A8%D8%AF%D8%A7%D9%8A%D8%A9.html,False,ezhalhe-sa.com,www.ezhalhe-sa.com,non-www
articles/تحسين-إعلاناتك-باستخدام-بيانات-البكسلات-دليل-متقدم.html,https://www.ezhalhe-sa.com/articles/%D8%AA%D8%AD%D8%B3%D9%8A%D9%86-%D8%A5%D8%B9%D9%84%D8%A7%D9%86%D8%A7%D8%AA%D9%83-%D8%A8%D8%A7%D8%B3%D8%AA%D8%AE%D8%AF%D8%A7%D9%85-%D8%A8%D9%8A%D8%A7%D9%86%D8%A7%D8%AA-%D8%A7%D9%84%D8%A8%D9%83%D8%B3%D9%84%D8%A7%D8%AA-%D8%AF%D9%84%D9%8A%D9%84-%D9%85%D8%AA%D9%82%D8%AF%D9%85.html,200,https://ezhalhe-sa.com/articles/تحسين-إعلاناتك-باستخدام-بيانات-البكسلات-دليل-متقدم.html,1,200,https://www.ezhalhe-sa.com/articles/%D8%AA%D8%AD%D8%B3%D9%8A%D9%86-%D8%A5%D8%B9%D9%84%D8%A7%D9%86%D8%A7%D8%AA%D9%83-%D8%A8%D8%A7%D8%B3%D8%AA%D8%AE%D8%AF%D8%A7%D9%85-%D8%A8%D9%8A%D8%A7%D9%86%D8%A7%D8%AA-%D8%A7%D9%84%D8%A8%D9%83%D8%B3%D9%84%D8%A7%D8%AA-%D8%AF%D9%84%D9%8A%D9%84-%D9%85%D8%AA%D9%82%D8%AF%D9%85.html,False,ezhalhe-sa.com,www.ezhalhe-sa.com,non-www
articles/تحليل-أداء-المتجر-وحسابات-التواصل-الاجتماعي-مؤشرات-الأداء-الرئيسية-kpis.html,https://www.ezhalhe-sa.com/articles/%D8%AA%D8%AD%D9%84%D9%8A%D9%84-%D8%A3%D8%AF%D8%A7%D8%A1-%D8%A7%D9%84%D9%85%D8%AA%D8%AC%D8%B1-%D9%88%D8%AD%D8%B3%D8%A7%D8%A8%D8%A7%D8%AA-%D8%A7%D9%84%D8%AA%D9%88%D8%A7%D8%B5%D9%84-%D8%A7%D9%84%D8%A7%D8%AC%D8%AA%D9%85%D8%A7%D8%B9%D9%8A-%D9%85%D8%A4%D8%B4%D8%B1%D8%A7%D8%AA-%D8%A7%D9%84%D8%A3%D8%AF%D8%A7%D8%A1-%D8%A7%D9%84%D8%B1%D8%A6%D9%8A%D8%B3%D9%8A%D8%A9-kpis.html,200,https://ezhalhe-sa.com/articles/تحليل-أداء-المتجر-وحسابات-التواصل-الاجتماعي-مؤشرات-الأداء-الرئيسية-kpis.html,1,200,https://www.ezhalhe-sa.com/articles/%D8%AA%D8%AD%D9%84%D9%8A%D9%84-%D8%A3%D8%AF%D8%A7%D8%A1-%D8%A7%D9%84%D9%85%D8%AA%D8%AC%D8%B1-%D9%88%D8%AD%D8%B3%D8%A7%D8%A8%D8%A7%D8%AA-%D8%A7%D9%84%D8%AA%D9%88%D8%A7%D8%B5%D9%84-%D8%A7%D9%84%D8%A7%D8%AC%D8%AA%D9%85%D8%A7%D8%B9%D9%8A-%D9%85%D8%A4%D8%B4%D8%B1%D8%A7%D8%AA-%D8%A7%D9%84%D8%A3%D8%AF%D8%A7%D8%A1-%D8%A7%D9%84%D8%B1%D8%A6%D9%8A%D8%B3%D9%8A%D8%A9-kpis.html,False,ezhalhe-sa.com,www.ezhalhe-sa.com,non-www
articles/تدريب-سلة-كيف-تتقن-إدارة-متجرك-وتحقق-أقصى-استفادة-من-المنصة.html,https://www.ezhalhe-sa.com/articles/%D8%AA%D8%AF%D8%B1%D9%8A%D8%A8-%D8%B3%D9%84%D8%A9-%D9%83%D9%8A%D9%81-%D8%AA%D8%AA%D9%82%D9%86-%D8%A5%D8%AF%D8%A7%D8%B1%D8%A9-%D9%85%D8%AA%D8%AC%D8%B1%D9%83-%D9%88%D8%AA%D8%AD%D9%82%D9%82-%D8%A3%D9%82%D8%B5%D9%89-%D8%A7%D8%B3%D8%AA%D9%81%D8%A7%D8%AF%D8%A9-%D9%85%D9%86-%D8%A7%D9%84%D9%85%D9%86%D8%B5%D8%A9.html,200,https://ezhalhe-sa.com/articles/تدريب-سلة-كيف-تتقن-إدارة-متجرك-وتحقق-أقصى-استفادة-من-المنصة.html,1,200,https://www.ezhalhe-sa.com/articles/%D8%AA%D8%AF%D8%B1%D9%8A%D8%A8-%D8%B3%D9%84%D8%A9-%D9%83%D9%8A%D9%81-%D8%AA%D8%AA%D9%82%D9%86-%D8%A5%D8%AF%D8%A7%D8%B1%D8%A9-%D9%85%D8%AA%D8%AC%D8%B1%D9%83-%D9%88%D8%AA%D8%AD%D9%82%D9%82-%D8%A3%D9%82%D8%B5%D9%89-%D8%A7%D8%B3%D8%AA%D9%81%D8%A7%D8%AF%D8%A9-%D9%85%D9%86-%D8%A7%D9%84%D9%85%D9%86%D8%B5%D8%A9.html,False,ezhalhe-sa.com,www.ezhalhe-sa.com,non-www
articles/تصميم-تجربة-المستخدم-ux-في-متجرك-الإلكتروني-خطوات-التنفيذ.html,https://www.ezhalhe-sa.com/articles/%D8%AA%D8%B5%D9%85%D9%8A%D9%85-%D8%AA%D8%AC%D8%B1%D8%A8%D8%A9-%D8%A7%D9%84%D9%85%D8%B3%D8%AA%D8%AE%D8%AF%D9%85-ux-%D9%81%D9%8A-%D9%85%D8%AA%D8%AC%D8%B1%D9%83-%D8%A7%D9%84%D8%A5%D9%84%D9%83%D8%AA%D8%B1%D9%88%D9%86%D9%8A-%D8%AE%D8%B7%D9%88%D8%A7%D8%AA-%D8%A7%D9%84%D8%AA%D9%86%D9%81%D9%8A%D8%B0.html,200,https://ezhalhe-sa.com/articles/تصميم-تجربة-المستخدم-ux-في-متجرك-الإلكتروني-خطوات-التنفيذ.html,1,200,https://www.ezhalhe-sa.com/articles/%D8%AA%D8%B5%D9%85%D9%8A%D9%85-%D8%AA%D8%AC%D8%B1%D8%A8%D8%A9-%D8%A7%D9%84%D9%85%D8%B3%D8%AA%D8%AE%D8%AF%D9%85-ux-%D9%81%D9%8A-%D9%85%D8%AA%D8%AC%D8%B1%D9%83-%D8%A7%D9%84%D8%A5%D9%84%D9%83%D8%AA%D8%B1%D9%88%D9%86%D9%8A-%D8%AE%D8%B7%D9%88%D8%A7%D8%AA-%D8%A7%D9%84%D8%AA%D9%86%D9%81%D9%8A%D8%B0.html,False,ezhalhe-sa.com,www.ezhalhe-sa.com,non-www
articles/تصميم-متجر-إلكتروني-متوافق-مع-الجوال-mobile-first-design-على-زد.html,https://www.ezhalhe-sa.com/articles/%D8%AA%D8%B5%D9%85%D9%8A%D9%85-%D9%85%D8%AA%D8%AC%D8%B1-%D8%A5%D9%84%D9%83%D8%AA%D8%B1%D9%88%D9%86%D9%8A-%D9%85%D8%AA%D9%88%D8%A7%D9%81%D9%82-%D9%85%D8%B9-%D8%A7%D9%84%D8%AC%D9%88%D8%A7%D9%84-mobile-first-design-%D8%B9%D9%84%D9%89-%D8%B2%D8%AF.html,200,https://ezhalhe-sa.com/articles/تصميم-متجر-إلكتروني-متوافق-مع-الجوال-mobile-first-design-على-زد.html,1,200,https://www.ezhalhe-sa.com/articles/%D8%AA%D8%B5%D9%85%D9%8A%D9%85-%D9%85%D8%AA%D8%AC%D8%B1-%D8%A5%D9%84%D9%83%D8%AA%D8%B1%D9%88%D9%86%D9%8A-%D9%85%D8%AA%D9%88%D8%A7%D9%81%D9%82-%D9%85%D8%B9-%D8%A7%D9%84%D8%AC%D9%88%D8%A7%D9%84-mobile-first-design-%D8%B9%D9%84%D9%89-%D8%B2%D8%AF.html,False,ezhalhe-sa.com,www.ezhalhe-sa.com,non-www
articles/تصميم-متجر-احترافي-استراتيجيات-لتمييز-متجرك-عن-المنافسين.html,https://www.ezhalhe-sa.com/articles/%D8%AA%D8%B5%D9%85%D9%8A%D9%85-%D9%85%D8%AA%D8%AC%D8%B1-%D8%A7%D8%AD%D8%AA%D8%B1%D8%A7%D9%81%D9%8A-%D8%A7%D8%B3%D8%AA%D8%B1%D8%A7%D8%AA%D9%8A%D8%AC%D9%8A%D8%A7%D8%AA-%D9%84%D8%AA%D9%85%D9%8A%D9%8A%D8%B2-%D9%85%D8%AA%D8%AC%D8%B1%D9%83-%D8%B9%D9%86-%D8%A7%D9%84%D9%85%D9%86%D8%A7%D9%81%D8%B3%D9%8A%D9%86.html,200,https://ezhalhe-sa.com/articles/تصميم-متجر-احترافي-استراتيجيات-لتمييز-متجرك-عن-المنافسين.html,1,200,https://www.ezhalhe-sa.com/articles/%D8%AA%D8%B5%D9%85%D9%8A%D9%85-%D9%85%D8%AA%D8%AC%D8%B1-%D8%A7%D8%AD%D8%AA%D8%B1%D8%A7%D9%81%D9%8A-%D8%A7%D8%B3%D8%AA%D8%B1%D8%A7%D8%AA%D9%8A%D8%AC%D9%8A%D8%A7%D8%AA-%D9%84%D8%AA%D9%85%D9%8A%D9%8A%D8%B2-%D9%85%D8%AA%D8%AC%D8%B1%D9%83-%D8%B9%D9%86-%D8%A7%D9%84%D9%85%D9%86%D8%A7%D9%81%D8%B3%D9%8A%D9%86.html,False,ezhalhe-sa.com,www.ezhalhe-sa.com,non-www
articles/تفعيل-بكسلات-التحويل-فيسبوك-سناب-شات-لتحسين-الحملات-الإعلانية.html,https://www.ezhalhe-sa.com/articles/%D8%AA%D9%81%D8%B9%D9%8A%D9%84-%D8%A8%D9%83%D8%B3%D9%84%D8%A7%D8%AA-%D8%A7%D9%84%D8%AA%D8%AD%D9%88%D9%8A%D9%84-%D9%81%D9%8A%D8%B3%D8%A8%D9%88%D9%83-%D8%B3%D9%86%D8%A7%D8%A8-%D8%B4%D8%A7%D8%AA-%D9%84%D8%AA%D8%AD%D8%B3%D9%8A%D9%86-%D8%A7%D9%84%D8%AD%D9%85%D9%84%D8%A7%D8%AA-%D8%A7%D9%84%D8%A5%D8%B9%D9%84%D8%A7%D9%86%D9%8A%D8%A9.html,200,https://ezhalhe-sa.com/articles/تفعيل-بكسلات-التحويل-فيسبوك-سناب-شات-لتحسين-الحملات-الإعلانية.html,1,200,https://www.ezhalhe-sa.com/articles/%D8%AA%D9%81%D8%B9%D9%8A%D9%84-%D8%A8%D9%83%D8%B3%D9%84%D8%A7%D8%AA-%D8%A7%D9%84%D8%AA%D8%AD%D9%88%D9%8A%D9%84-%D9%81%D9%8A%D8%B3%D8%A8%D9%88%D9%83-%D8%B3%D9%86%D8%A7%D8%A8-%D8%B4%D8%A7%D8%AA-%D9%84%D8%AA%D8%AD%D8%B3%D9%8A%D9%86-%D8%A7%D9%84%D8%AD%D9%85%D9%84%D8%A7%D8%AA-%D8%A7%D9%84%D8%A5%D8%B9%D9%84%D8%A7%D9%86%D9%8A%D8%A9.html,False,ezhalhe-sa.com,www.ezhalhe-sa.com,non-www
articles/تفعيل-تابي-وتمارا-دليل-للامتثال-لشروط-الخدمة.html,https://www.ezhalhe-sa.com/articles/%D8%AA%D9%81%D8%B9%D9%8A%D9%84-%D8%AA%D8%A7%D8%A8%D9%8A-%D9%88%D8%AA%D9%85%D8%A7%D8%B1%D8%A7-%D8%AF%D9%84%D9%8A%D9%84-%D9%84%D9%84%D8%A7%D9%85%D8%AA%D8%AB%D8%A7%D9%84-%D9%84%D8%B4%D8%B1%D9%88%D8%B7-%D8%A7%D9%84%D8%AE%D8%AF%D9%85%D8%A9.html,200,https://ezhalhe-sa.com/articles/تفعيل-تابي-وتمارا-دليل-للامتثال-لشروط-الخدمة.html,1,200,https://www.ezhalhe-sa.com/articles/%D8%AA%D9%81%D8%B9%D9%8A%D9%84-%D8%AA%D8%A7%D8%A8%D9%8A-%D9%88%D8%AA%D9%85%D8%A7%D8%B1%D8%A7-%D8%AF%D9%84%D9%8A%D9%84-%D9%84%D9%84%D8%A7%D9%85%D8%AA%D8%AB%D8%A7%D9%84-%D9%84%D8%B4%D8%B1%D9%88%D8%B7-%D8%A7%D9%84%D8%AE%D8%AF%D9%85%D8%A9.html,False,ezhalhe-sa.com,www.ezhalhe-sa.com,non-www
articles/توثيق-المتجر-الاحترافي-متطلبات-إضافية-لزيادة-الموثوقية.html,https://www.ezhalhe-sa.com/articles/%D8%AA%D9%88%D8%AB%D9%8A%D9%82-%D8%A7%D9%84%D9%85%D8%AA%D8%AC%D8%B1-%D8%A7%D9%84%D8%A7%D8%AD%D8%AA%D8%B1%D8%A7%D9%81%D9%8A-%D9%85%D8%AA%D8%B7%D9%84%D8%A8%D8%A7%D8%AA-%D8%A5%D8%B6%D8%A7%D9%81%D9%8A%D8%A9-%D9%84%D8%B2%D9%8A%D8%A7%D8%AF%D8%A9-%D8%A7%D9%84%D9%85%D9%88%D8%AB%D9%88%D9%82%D9%8A%D8%A9.html,200,https://ezhalhe-sa.com/articles/توثيق-المتجر-الاحترافي-متطلبات-إضافية-لزيادة-الموثوقية.html,1,200,https://www.ezhalhe-sa.com/articles/%D8%AA%D9%88%D8%AB%D9%8A%D9%82-%D8%A7%D9%84%D9%85%D8%AA%D8%AC%D8%B1-%D8%A7%D9%84%D8%A7%D8%AD%D8%AA%D8%B1%D8%A7%D9%81%D9%8A-%D9%85%D8%AA%D8%B7%D9%84%D8%A8%D8%A7%D8%AA-%D8%A5%D8%B6%D8%A7%D9%81%D9%8A%D8%A9-%D9%84%D8%B2%D9%8A%D8%A7%D8%AF%D8%A9-%D8%A7%D9%84%D9%85%D9%88%D8%AB%D9%88%D9%82%D9%8A%D8%A9.html,False,ezhalhe-sa.com,www.ezhalhe-sa.com,non-www
articles/توثيق-المتجر-في-سلة-دليل-لتجنب-الأخطاء-الشائعة.html,https://www.ezhalhe-sa.com/articles/%D8%AA%D9%88%D8%AB%D9%8A%D9%82-%D8%A7%D9%84%D9%85%D8%AA%D8%AC%D8%B1-%D9%81%D9%8A-%D8%B3%D9%84%D8%A9-%D8%AF%D9%84%D9%8A%D9%84-%D9%84%D8%AA%D8%AC%D9%86%D8%A8-%D8%A7%D9%84%D8%A3%D8%AE%D8%B7%D8%A7%D8%A1-%D8%A7%D9%84%D8%B4%D8%A7%D8%A6%D8%B9%D8%A9.html,200,https://ezhalhe-sa.com/articles/توثيق-المتجر-في-سلة-دليل-لتجنب-الأخطاء-الشائعة.html,1,200,https://www.ezhalhe-sa.com/articles/%D8%AA%D9%88%D8%AB%D9%8A%D9%82-%D8%A7%D9%84%D9%85%D8%AA%D8%AC%D8%B1-%D9%81%D9%8A-%D8%B3%D9%84%D8%A9-%D8%AF%D9%84%D9%8A%D9%84-%D9%84%D8%AA%D8%AC%D9%86%D8%A8-%D8%A7%D9%84%D8%A3%D8%AE%D8%B7%D8%A7%D8%A1-%D8%A7%D9%84%D8%B4%D8%A7%D8%A6%D8%B9%D8%A9.html,False,ezhalhe-sa.com,www.ezhalhe-sa.com,non-www
articles/توثيق-منصة-الأعمال-دليل-لتجنب-الرفض-وتسريع-الإجراءات.html,https://www.ezhalhe-sa.com/articles/%D8%AA%D9%88%D8%AB%D9%8A%D9%82-%D9%85%D9%86%D8%B5%D8%A9-%D8%A7%D9%84%D8%A3%D8%B9%D9%85%D8%A7%D9%84-%D8%AF%D9%84%D9%8A%D9%84-%D9%84%D8%AA%D8%AC%D9%86%D8%A8-%D8%A7%D9%84%D8%B1%D9%81%D8%B6-%D9%88%D8%AA%D8%B3%D8%B1%D9%8A%D8%B9-%D8%A7%D9%84%D8%A5%D8%AC%D8%B1%D8%A7%D8%A1%D8%A7%D8%AA.html,200,https://ezhalhe-sa.com/articles/توثيق-منصة-الأعمال-دليل-لتجنب-الرفض-وتسريع-الإجراءات.html,1,200,https://www.ezhalhe-sa.com/articles/%D8%AA%D9%88%D8%AB%D9%8A%D9%82-%D9%85%D9%86%D8%B5%D8%A9-%D8%A7%D9%84%D8%A3%D8%B9%D9%85%D8%A7%D9%84-%D8%AF%D9%84%D9%8A%D9%84-%D9%84%D8%AA%D8%AC%D9%86%D8%A8-%D8%A7%D9%84%D8%B1%D9%81%D8%B6-%D9%88%D8%AA%D8%B3%D8%B1%D9%8A%D8%B9-%D8%A7%D9%84%D8%A5%D8%AC%D8%B1%D8%A7%D8%A1%D8%A7%D8%AA.html,False,ezhalhe-sa.com,www.ezhalhe-sa.com,non-www
articles/توثيق-منصة-الأعمال-ضمان-حقوق-التاجر-والمستهلك.html,https://www.ezhalhe-sa.com/articles/%D8%AA%D9%88%D8%AB%D9%8A%D9%82-%D9%85%D9%86%D8%B5%D8%A9-%D8%A7%D9%84%D8%A3%D8%B9%D9%85%D8%A7%D9%84-%D8%B6%D9%85%D8%A7%D9%86-%D8%AD%D9%82%D9%88%D9%82-%D8%A7%D9%84%D8%AA%D8%A7%D8%AC%D8%B1-%D9%88%D8%A7%D9%84%D9%85%D8%B3%D8%AA%D9%87%D9%84%D9%83.html,200,https://ezhalhe-sa.com/articles/توثيق-منصة-الأعمال-ضمان-حقوق-التاجر-والمستهلك.html,1,200,https://www.ezhalhe-sa.com/articles/%D8%AA%D9%88%D8%AB%D9%8A%D9%82-%D9%85%D9%86%D8%B5%D8%A9-%D8%A7%D9%84%D8%A3%D8%B9%D9%85%D8%A7%D9%84-%D8%B6%D9%85%D8%A7%D9%86-%D8%AD%D9%82%D9%88%D9%82-%D8%A7%D9%84%D8%AA%D8%A7%D8%AC%D8%B1-%D9%88%D8%A7%D9%84%D9%85%D8%B3%D8%AA%D9%87%D9%84%D9%83.html,False,ezhalhe-sa.com,www.ezhalhe-sa.com,non-www
articles/حلول-الدفع-الآمنة-كيف-تحمي-متجرك-وعملائك.html,https://www.ezhalhe-sa.com/articles/%D8%AD%D9%84%D9%88%D9%84-%D8%A7%D9%84%D8%AF%D9%81%D8%B9-%D8%A7%D9%84%D8%A2%D9%85%D9%86%D8%A9-%D9%83%D9%8A%D9%81-%D8%AA%D8%AD%D9%85%D9%8A-%D9%85%D8%AA%D8%AC%D8%B1%D9%83-%D9%88%D8%B9%D9%85%D9%84%D8%A7%D8%A6%D9%83.html,200,https://ezhalhe-sa.com/articles/حلول-الدفع-الآمنة-كيف-تحمي-متجرك-وعملائك.html,1,200,https://www.ezhalhe-sa.com/articles/%D8%AD%D9%84%D9%88%D9%84-%D8%A7%D9%84%D8%AF%D9%81%D8%B9-%D8%A7%D9%84%D8%A2%D9%85%D9%86%D8%A9-%D9%83%D9%8A%D9%81-%D8%AA%D8%AD%D9%85%D9%8A-%D9%85%D8%AA%D8%AC%D8%B1%D9%83-%D9%88%D8%B9%D9%85%D9%84%D8%A7%D8%A6%D9%83.html,False,ezhalhe-sa.com,www.ezhalhe-sa.com,non-www
articles/خدمات-الإدارة-الاحترافية-للحملات-الإعلانية-تحقيق-أفضل-النتائج.html,https://www.ezhalhe-sa.com/articles/%D8%AE%D8%AF%D9%85%D8%A7%D8%AA-%D8%A7%D9%84%D8%A5%D8%AF%D8%A7%D8%B1%D8%A9-%D8%A7%D9%84%D8%A7%D8%AD%D8%AA%D8%B1%D8%A7%D9%81%D9%8A%D8%A9-%D9%84%D9%84%D8%AD%D9%85%D9%84%D8%A7%D8%AA-%D8%A7%D9%84%D8%A5%D8%B9%D9%84%D8%A7%D9%86%D9%8A%D8%A9-%D8%AA%D8%AD%D9%82%D9%8A%D9%82-%D8%A3%D9%81%D8%B6%D9%84-%D8%A7%D9%84%D9%86%D8%AA%D8%A7%D8%A6%D8%AC.html,200,https://ezhalhe-sa.com/articles/خدمات-الإدارة-الاحترافية-للحملات-الإعلانية-تحقيق-أفضل-النتائج.html,1,200,https://www.ezhalhe-sa.com/articles/%D8%AE%D8%AF%D9%85%D8%A7%D8%AA-%D8%A7%D9%84%D8%A5%D8%AF%D8%A7%D8%B1%D8%A9-%D8%A7%D9%84%D8%A7%D8%AD%D8%AA%D8%B1%D8%A7%D9%81%D9%8A%D8%A9-%D9%84%D9%84%D8%AD%D9%85%D9%84%D8%A7%D8%AA-%D8%A7%D9%84%D8%A5%D8%B9%D9%84%D8%A7%D9%86%D9%8A%D8%A9-%D8%AA%D8%AD%D9%82%D9%8A%D9%82-%D8%A3%D9%81%D8%B6%D9%84-%D8%A7%D9%84%D9%86%D8%AA%D8%A7%D8%A6%D8%AC.html,False,ezhalhe-sa.com,www.ezhalhe-sa.com,non-www
articles/خدمات-الإدارة-المتكاملة-للمتجر-والتسويق-الرقمي-ما-الذي-تقدمه.html,https://www.ezhalhe-sa.com/articles/%D8%AE%D8%AF%D9%85%D8%A7%D8%AA-%D8%A7%D9%84%D8%A5%D8%AF%D8%A7%D8%B1%D8%A9-%D8%A7%D9%84%D9%85%D8%AA%D9%83%D8%A7%D9%85%D9%84%D8%A9-%D9%84%D9%84%D9%85%D8%AA%D8%AC%D8%B1-%D9%88%D8%A7%D9%84%D8%AA%D8%B3%D9%88%D9%8A%D9%82-%D8%A7%D9%84%D8%B1%D9%82%D9%85%D9%8A-%D9%85%D8%A7-%D8%A7%D9%84%D8%B0%D9%8A-%D8%AA%D9%82%D8%AF%D9%85%D9%87.html,200,https://ezhalhe-sa.com/articles/خدمات-الإدارة-المتكاملة-للمتجر-والتسويق-الرقمي-ما-الذي-تقدمه.html,1,200,https://www.ezhalhe-sa.com/articles/%D8%AE%D8%AF%D9%85%D8%A7%D8%AA-%D8%A7%D9%84%D8%A5%D8%AF%D8%A7%D8%B1%D8%A9-%D8%A7%D9%84%D9%85%D8%AA%D9%83%D8%A7%D9%85%D9%84%D8%A9-%D9%84%D9%84%D9%85%D8%AA%D8%AC%D8%B1-%D9%88%D8%A7%D9%84%D8%AA%D8%B3%D9%88%D9%8A%D9%82-%D8%A7%D9%84%D8%B1%D9%82%D9%85%D9%8A-%D9%85%D8%A7-%D8%A7%D9%84%D8%B0%D9%8A-%D8%AA%D9%82%D8%AF%D9%85%D9%87.html,False,ezhalhe-sa.com,www.ezhalhe-sa.com,non-www
articles/خدمات-الدعم-الفني-لتوثيق-متجرك-في-منصة-الأعمال.html,https://www.ezhalhe-sa.com/articles/%D8%AE%D8%AF%D9%85%D8%A7%D8%AA-%D8%A7%D9%84%D8%AF%D8%B9%D9%85-%D8%A7%D9%84%D9%81%D9%86%D9%8A-%D9%84%D8%AA%D9%88%D8%AB%D9%8A%D9%82-%D9%85%D8%AA%D8%AC%D8%B1%D9%83-%D9%81%D9%8A-%D9%85%D9%86%D8%B5%D8%A9-%D8%A7%D9%84%D8%A3%D8%B9%D9%85%D8%A7%D9%84.html,200,https://ezhalhe-sa.com/articles/خدمات-الدعم-الفني-لتوثيق-متجرك-في-منصة-الأعمال.html,1,200,https://www.ezhalhe-sa.com/articles/%D8%AE%D8%AF%D9%85%D8%A7%D8%AA-%D8%A7%D9%84%D8%AF%D8%B9%D9%85-%D8%A7%D9%84%D9%81%D9%86%D9%8A-%D9%84%D8%AA%D9%88%D8%AB%D9%8A%D9%82-%D9%85%D8%AA%D8%AC%D8%B1%D9%83-%D9%81%D9%8A-%D9%85%D9%86%D8%B5%D8%A9-%D8%A7%D9%84%D8%A3%D8%B9%D9%85%D8%A7%D9%84.html,False,ezhalhe-sa.com,www.ezhalhe-sa.com,non-www
articles/خدمات-المساعدة-في-استخراج-وثيقة-العمل-الحر-توفير-الوقت-والجهد.html,https://www.ezhalhe-sa.com/articles/%D8%AE%D8%AF%D9%85%D8%A7%D8%AA-%D8%A7%D9%84%D9%85%D8%B3%D8%A7%D8%B9%D8%AF%D8%A9-%D9%81%D9%8A-%D8%A7%D8%B3%D8%AA%D8%AE%D8%B1%D8%A7%D8%AC-%D9%88%D8%AB%D9%8A%D9%82%D8%A9-%D8%A7%D9%84%D8%B9%D9%85%D9%84-%D8%A7%D9%84%D8%AD%D8%B1-%D8%AA%D9%88%D9%81%D9%8A%D8%B1-%D8%A7%D9%84%D9%88%D9%82%D8%AA-%D9%88%D8%A7%D9%84%D8%AC%D9%87%D8%AF.html,200,https://ezhalhe-sa.com/articles/خدمات-المساعدة-في-استخراج-وثيقة-العمل-الحر-توفير-الوقت-والجهد.html,1,200,https://www.ezhalhe-sa.com/articles/%D8%AE%D8%AF%D9%85%D8%A7%D8%AA-%D8%A7%D9%84%D9%85%D8%B3%D8%A7%D8%B9%D8%AF%D8%A9-%D9%81%D9%8A-%D8%A7%D8%B3%D8%AA%D8%AE%D8%B1%D8%A7%D8%AC-%D9%88%D8%AB%D9%8A%D9%82%D8%A9-%D8%A7%D9%84%D8%B9%D9%85%D9%84-%D8%A7%D9%84%D8%AD%D8%B1-%D8%AA%D9%88%D9%81%D9%8A%D8%B1-%D8%A7%D9%84%D9%88%D9%82%D8%AA-%D9%88%D8%A7%D9%84%D8%AC%D9%87%D8%AF.html,False,ezhalhe-sa.com,www.ezhalhe-sa.com,non-www
articles/خدمات-المساعدة-في-تفعيل-بوابات-الدفع-ضمان-التكامل-السريع.html,https://www.ezhalhe-sa.com/articles/%D8%AE%D8%AF%D9%85%D8%A7%D8%AA-%D8%A7%D9%84%D9%85%D8%B3%D8%A7%D8%B9%D8%AF%D8%A9-%D9%81%D9%8A-%D8%AA%D9%81%D8%B9%D9%8A%D9%84-%D8%A8%D9%88%D8%A7%D8%A8%D8%A7%D8%AA-%D8%A7%D9%84%D8%AF%D9%81%D8%B9-%D8%B6%D9%85%D8%A7%D9%86-%D8%A7%D9%84%D8%AA%D9%83%D8%A7%D9%85%D9%84-%D8%A7%D9%84%D8%B3%D8%B1%D9%8A%D8%B9.html,200,https://ezhalhe-sa.com/articles/خدمات-المساعدة-في-تفعيل-بوابات-الدفع-ضمان-التكامل-السريع.html,1,200,https://www.ezhalhe-sa.com/articles/%D8%AE%D8%AF%D9%85%D8%A7%D8%AA-%D8%A7%D9%84%D9%85%D8%B3%D8%A7%D8%B9%D8%AF%D8%A9-%D9%81%D9%8A-%D8%AA%D9%81%D8%B9%D9%8A%D9%84-%D8%A8%D9%88%D8%A7%D8%A8%D8%A7%D8%AA-%D8%A7%D9%84%D8%AF%D9%81%D8%B9-%D8%B6%D9%85%D8%A7%D9%86-%D8%A7%D9%84%D8%AA%D9%83%D8%A7%D9%85%D9%84-%D8%A7%D9%84%D8%B3%D8%B1%D9%8A%D8%B9.html,False,ezhalhe-sa.com,www.ezhalhe-sa.com,non-www
articles/خدمات-المساعدة-في-تفعيل-تابي-وتمارا-ضمان-القبول-السريع.html,https://www.ezhalhe-sa.com/articles/%D8%AE%D8%AF%D9%85%D8%A7%D8%AA-%D8%A7%D9%84%D9%85%D8%B3%D8%A7%D8%B9%D8%AF%D8%A9-%D9%81%D9%8A-%D8%AA%D9%81%D8%B9%D9%8A%D9%84-%D8%AA%D8%A7%D8%A8%D9%8A-%D9%88%D8%AA%D9%85%D8%A7%D8%B1%D8%A7-%D8%B6%D9%85%D8%A7%D9%86-%D8%A7%D9%84%D9%82%D8%A8%D9%88%D9%84-%D8%A7%D9%84%D8%B3%D8%B1%D9%8A%D8%B9.html,200,https://ezhalhe-sa.com/articles/خدمات-المساعدة-في-تفعيل-تابي-وتمارا-ضمان-القبول-السريع.html,1,200,https://www.ezhalhe-sa.com/articles/%D8%AE%D8%AF%D9%85%D8%A7%D8%AA-%D8%A7%D9%84%D9%85%D8%B3%D8%A7%D8%B9%D8%AF%D8%A9-%D9%81%D9%8A-%D8%AA%D9%81%D8%B9%D9%8A%D9%84-%D8%AA%D8%A7%D8%A8%D9%8A-%D9%88%D8%AA%D9%85%D8%A7%D8%B1%D8%A7-%D8%B6%D9%85%D8%A7%D9%86-%D8%A7%D9%84%D9%82%D8%A8%D9%88%D9%84-%D8%A7%D9%84%D8%B3%D8%B1%D9%8A%D8%B9.html,False,ezhalhe-sa.com,www.ezhalhe-sa.com,non-www
articles/خدمات-المساعدة-في-توثيق-متجرك-على-سلة-ضمان-القبول-السريع.html,https://www.ezhalhe-sa.com/articles/%D8%AE%D8%AF%D9%85%D8%A7%D8%AA-%D8%A7%D9%84%D9%85%D8%B3%D8%A7%D8%B9%D8%AF%D8%A9-%D9%81%D9%8A-%D8%AA%D9%88%D8%AB%D9%8A%D9%82-%D9%85%D8%AA%D8%AC%D8%B1%D9%83-%D8%B9%D9%84%D9%89-%D8%B3%D9%84%D8%A9-%D8%B6%D9%85%D8%A7%D9%86-%D8%A7%D9%84%D9%82%D8%A8%D9%88%D9%84-%D8%A7%D9%84%D8%B3%D8%B1%D9%8A%D8%B9.html,200,https://ezhalhe-sa.com/articles/خدمات-المساعدة-في-توثيق-متجرك-على-سلة-ضمان-القبول-السريع.html,1,200,https://www.ezhalhe-sa.com/articles/%D8%AE%D8%AF%D9%85%D8%A7%D8%AA-%D8%A7%D9%84%D9%85%D8%B3%D8%A7%D8%B9%D8%AF%D8%A9-%D9%81%D9%8A-%D8%AA%D9%88%D8%AB%D9%8A%D9%82-%D9%85%D8%AA%D8%AC%D8%B1%D9%83-%D8%B9%D9%84%D9%89-%D8%B3%D9%84%D8%A9-%D8%B6%D9%85%D8%A7%D9%86-%D8%A7%D9%84%D9%82%D8%A8%D9%88%D9%84-%D8%A7%D9%84%D8%B3%D8%B1%D9%8A%D8%B9.html,False,ezhalhe-sa.com,www.ezhalhe-sa.com,non-www
articles/خطوات-التسجيل-وتفعيل-بوابة-الدفع-ميس-mees-على-متجرك.html,https://www.ezhalhe-sa.com/articles/%D8%AE%D8%B7%D9%88%D8%A7%D8%AA-%D8%A7%D9%84%D8%AA%D8%B3%D8%AC%D9%8A%D9%84-%D9%88%D8%AA%D9%81%D8%B9%D9%8A%D9%84-%D8%A8%D9%88%D8%A7%D8%A8%D8%A9-%D8%A7%D9%84%D8%AF%D9%81%D8%B9-%D9%85%D9%8A%D8%B3-mees-%D8%B9%D9%84%D9%89-%D9%85%D8%AA%D8%AC%D8%B1%D9%83.html,200,https://ezhalhe-sa.com/articles/خطوات-التسجيل-وتفعيل-بوابة-الدفع-ميس-mees-على-متجرك.html,1,200,https://www.ezhalhe-sa.com/articles/%D8%AE%D8%B7%D9%88%D8%A7%D8%AA-%D8%A7%D9%84%D8%AA%D8%B3%D8%AC%D9%8A%D9%84-%D9%88%D8%AA%D9%81%D8%B9%D9%8A%D9%84-%D8%A8%D9%88%D8%A7%D8%A8%D8%A9-%D8%A7%D9%84%D8%AF%D9%81%D8%B9-%D9%85%D9%8A%D8%B3-mees-%D8%B9%D9%84%D9%89-%D9%85%D8%AA%D8%AC%D8%B1%D9%83.html,False,ezhalhe-sa.com,www.ezhalhe-sa.com,non-www
articles/خطوات-فتح-حساب-بنكي-إلكتروني-للأفراد-والمؤسسات.html,https://www.ezhalhe-sa.com/articles/%D8%AE%D8%B7%D9%88%D8%A7%D8%AA-%D9%81%D8%AA%D8%AD-%D8%AD%D8%B3%D8%A7%D8%A8-%D8%A8%D9%86%D9%83%D9%8A-%D8%A5%D9%84%D9%83%D8%AA%D8%B1%D9%88%D9%86%D9%8A-%D9%84%D9%84%D8%A3%D9%81%D8%B1%D8%A7%D8%AF-%D9%88%D8%A7%D9%84%D9%85%D8%A4%D8%B3%D8%B3%D8%A7%D8%AA.html,200,https://ezhalhe-sa.com/articles/خطوات-فتح-حساب-بنكي-إلكتروني-للأفراد-والمؤسسات.html,1,200,https://www.ezhalhe-sa.com/articles/%D8%AE%D8%B7%D9%88%D8%A7%D8%AA-%D9%81%D8%AA%D8%AD-%D8%AD%D8%B3%D8%A7%D8%A8-%D8%A8%D9%86%D9%83%D9%8A-%D8%A5%D9%84%D9%83%D8%AA%D8%B1%D9%88%D9%86%D9%8A-%D9%84%D9%84%D8%A3%D9%81%D8%B1%D8%A7%D8%AF-%D9%88%D8%A7%D9%84%D9%85%D8%A4%D8%B3%D8%B3%D8%A7%D8%AA.html,False,ezhalhe-sa.com,www.ezhalhe-sa.com,non-www
articles/دليل-تفعيل-بوابة-الدفع-مدفوع-madfou-للمتاجر-الناشئة.html,https://www.ezhalhe-sa.com/articles/%D8%AF%D9%84%D9%8A%D9%84-%D8%AA%D9%81%D8%B9%D9%8A%D9%84-%D8%A8%D9%88%D8%A7%D8%A8%D8%A9-%D8%A7%D9%84%D8%AF%D9%81%D8%B9-%D9%85%D8%AF%D9%81%D9%88%D8%B9-madfou-%D9%84%D9%84%D9%85%D8%AA%D8%A7%D8%AC%D8%B1-%D8%A7%D9%84%D9%86%D8%A7%D8%B4%D8%A6%D8%A9.html,200,https://ezhalhe-sa.com/articles/دليل-تفعيل-بوابة-الدفع-مدفوع-madfou-للمتاجر-الناشئة.html,1,200,https://www.ezhalhe-sa.com/articles/%D8%AF%D9%84%D9%8A%D9%84-%D8%AA%D9%81%D8%B9%D9%8A%D9%84-%D8%A8%D9%88%D8%A7%D8%A8%D8%A9-%D8%A7%D9%84%D8%AF%D9%81%D8%B9-%D9%85%D8%AF%D9%81%D9%88%D8%B9-madfou-%D9%84%D9%84%D9%85%D8%AA%D8%A7%D8%AC%D8%B1-%D8%A7%D9%84%D9%86%D8%A7%D8%B4%D8%A6%D8%A9.html,False,ezhalhe-sa.com,www.ezhalhe-sa.com,non-www
articles/دليل-تفعيل-تابي-وتمارا-للمتاجر-التي-تعمل-بدون-سجل-تجاري.html,https://www.ezhalhe-sa.com/articles/%D8%AF%D9%84%D9%8A%D9%84-%D8%AA%D9%81%D8%B9%D9%8A%D9%84-%D8%AA%D8%A7%D8%A8%D9%8A-%D9%88%D8%AA%D9%85%D8%A7%D8%B1%D8%A7-%D9%84%D9%84%D9%85%D8%AA%D8%A7%D8%AC%D8%B1-%D8%A7%D9%84%D8%AA%D9%8A-%D8%AA%D8%B9%D9%85%D9%84-%D8%A8%D8%AF%D9%88%D9%86-%D8%B3%D8%AC%D9%84-%D8%AA%D8%AC%D8%A7%D8%B1%D9%8A.html,200,https://ezhalhe-sa.com/articles/دليل-تفعيل-تابي-وتمارا-للمتاجر-التي-تعمل-بدون-سجل-تجاري.html,1,200,https://www.ezhalhe-sa.com/articles/%D8%AF%D9%84%D9%8A%D9%84-%D8%AA%D9%81%D8%B9%D9%8A%D9%84-%D8%AA%D8%A7%D8%A8%D9%8A-%D9%88%D8%AA%D9%85%D8%A7%D8%B1%D8%A7-%D9%84%D9%84%D9%85%D8%AA%D8%A7%D8%AC%D8%B1-%D8%A7%D9%84%D8%AA%D9%8A-%D8%AA%D8%B9%D9%85%D9%84-%D8%A8%D8%AF%D9%88%D9%86-%D8%B3%D8%AC%D9%84-%D8%AA%D8%AC%D8%A7%D8%B1%D9%8A.html,False,ezhalhe-sa.com,www.ezhalhe-sa.com,non-www
articles/دور-الهوية-البصرية-في-نجاح-متجرك-الإلكتروني-الاحترافي.html,https://www.ezhalhe-sa.com/articles/%D8%AF%D9%88%D8%B1-%D8%A7%D9%84%D9%87%D9%88%D9%8A%D8%A9-%D8%A7%D9%84%D8%A8%D8%B5%D8%B1%D9%8A%D8%A9-%D9%81%D9%8A-%D9%86%D8%AC%D8%A7%D8%AD-%D9%85%D8%AA%D8%AC%D8%B1%D9%83-%D8%A7%D9%84%D8%A5%D9%84%D9%83%D8%AA%D8%B1%D9%88%D9%86%D9%8A-%D8%A7%D9%84%D8%A7%D8%AD%D8%AA%D8%B1%D8%A7%D9%81%D9%8A.html,200,https://ezhalhe-sa.com/articles/دور-الهوية-البصرية-في-نجاح-متجرك-الإلكتروني-الاحترافي.html,1,200,https://www.ezhalhe-sa.com/articles/%D8%AF%D9%88%D8%B1-%D8%A7%D9%84%D9%87%D9%88%D9%8A%D8%A9-%D8%A7%D9%84%D8%A8%D8%B5%D8%B1%D9%8A%D8%A9-%D9%81%D9%8A-%D9%86%D8%AC%D8%A7%D8%AD-%D9%85%D8%AA%D8%AC%D8%B1%D9%83-%D8%A7%D9%84%D8%A5%D9%84%D9%83%D8%AA%D8%B1%D9%88%D9%86%D9%8A-%D8%A7%D9%84%D8%A7%D8%AD%D8%AA%D8%B1%D8%A7%D9%81%D9%8A.html,False,ezhalhe-sa.com,www.ezhalhe-sa.com,non-www
articles/دور-تحسين-seo-في-دعم-أداء-حملاتك-الإعلانية.html,https://www.ezhalhe-sa.com/articles/%D8%AF%D9%88%D8%B1-%D8%AA%D8%AD%D8%B3%D9%8A%D9%86-seo-%D9%81%D9%8A-%D8%AF%D8%B9%D9%85-%D8%A3%D8%AF%D8%A7%D8%A1-%D8%AD%D9%85%D9%84%D8%A7%D8%AA%D9%83-%D8%A7%D9%84%D8%A5%D8%B9%D9%84%D8%A7%D9%86%D9%8A%D8%A9.html,200,https://ezhalhe-sa.com/articles/دور-تحسين-seo-في-دعم-أداء-حملاتك-الإعلانية.html,1,200,https://www.ezhalhe-sa.com/articles/%D8%AF%D9%88%D8%B1-%D8%AA%D8%AD%D8%B3%D9%8A%D9%86-seo-%D9%81%D9%8A-%D8%AF%D8%B9%D9%85-%D8%A3%D8%AF%D8%A7%D8%A1-%D8%AD%D9%85%D9%84%D8%A7%D8%AA%D9%83-%D8%A7%D9%84%D8%A5%D8%B9%D9%84%D8%A7%D9%86%D9%8A%D8%A9.html,False,ezhalhe-sa.com,www.ezhalhe-sa.com,non-www
articles/دور-تخصيص-css-في-تصميم-متجر-سلة-احترافي-ومميز.html,https://www.ezhalhe-sa.com/articles/%D8%AF%D9%88%D8%B1-%D8%AA%D8%AE%D8%B5%D9%8A%D8%B5-css-%D9%81%D9%8A-%D8%AA%D8%B5%D9%85%D9%8A%D9%85-%D9%85%D8%AA%D8%AC%D8%B1-%D8%B3%D9%84%D8%A9-%D8%A7%D8%AD%D8%AA%D8%B1%D8%A7%D9%81%D9%8A-%D9%88%D9%85%D9%85%D9%8A%D8%B2.html,200,https://ezhalhe-sa.com/articles/دور-تخصيص-css-في-تصميم-متجر-سلة-احترافي-ومميز.html,1,200,https://www.ezhalhe-sa.com/articles/%D8%AF%D9%88%D8%B1-%D8%AA%D8%AE%D8%B5%D9%8A%D8%B5-css-%D9%81%D9%8A-%D8%AA%D8%B5%D9%85%D9%8A%D9%85-%D9%85%D8%AA%D8%AC%D8%B1-%D8%B3%D9%84%D8%A9-%D8%A7%D8%AD%D8%AA%D8%B1%D8%A7%D9%81%D9%8A-%D9%88%D9%85%D9%85%D9%8A%D8%B2.html,False,ezhalhe-sa.com,www.ezhalhe-sa.com,non-www
articles/ربط-متجرك-بـ-google-merchant-center-خطوات-لزيادة-الظهور.html,https://www.ezhalhe-sa.com/articles/%D8%B1%D8%A8%D8%B7-%D9%85%D8%AA%D8%AC%D8%B1%D9%83-%D8%A8%D9%80-google-merchant-center-%D8%AE%D8%B7%D9%88%D8%A7%D8%AA-%D9%84%D8%B2%D9%8A%D8%A7%D8%AF%D8%A9-%D8%A7%D9%84%D8%B8%D9%87%D9%88%D8%B1.html,200,https://ezhalhe-sa.com/articles/ربط-متجرك-بـ-google-merchant-center-خطوات-لزيادة-الظهور.html,1,200,https://www.ezhalhe-sa.com/articles/%D8%B1%D8%A8%D8%B7-%D9%85%D8%AA%D8%AC%D8%B1%D9%83-%D8%A8%D9%80-google-merchant-center-%D8%AE%D8%B7%D9%88%D8%A7%D8%AA-%D9%84%D8%B2%D9%8A%D8%A7%D8%AF%D8%A9-%D8%A7%D9%84%D8%B8%D9%87%D9%88%D8%B1.html,False,ezhalhe-sa.com,www.ezhalhe-sa.com,non-www
articles/عناصر-التصميم-التي-تزيد-من-معدل-التحويل-في-المتاجر-الإلكترونية.html,https://www.ezhalhe-sa.com/articles/%D8%B9%D9%86%D8%A7%D8%B5%D8%B1-%D8%A7%D9%84%D8%AA%D8%B5%D9%85%D9%8A%D9%85-%D8%A7%D9%84%D8%AA%D9%8A-%D8%AA%D8%B2%D9%8A%D8%AF-%D9%85%D9%86-%D9%85%D8%B9%D8%AF%D9%84-%D8%A7%D9%84%D8%AA%D8%AD%D9%88%D9%8A%D9%84-%D9%81%D9%8A-%D8%A7%D9%84%D9%85%D8%AA%D8%A7%D8%AC%D8%B1-%D8%A7%D9%84%D8%A5%D9%84%D9%83%D8%AA%D8%B1%D9%88%D9%86%D9%8A%D8%A9.html,200,https://ezhalhe-sa.com/articles/عناصر-التصميم-التي-تزيد-من-معدل-التحويل-في-المتاجر-الإلكترونية.html,1,200,https://www.ezhalhe-sa.com/articles/%D8%B9%D9%86%D8%A7%D8%B5%D8%B1-%D8%A7%D9%84%D8%AA%D8%B5%D9%85%D9%8A%D9%85-%D8%A7%D9%84%D8%AA%D9%8A-%D8%AA%D8%B2%D9%8A%D8%AF-%D9%85%D9%86-%D9%85%D8%B9%D8%AF%D9%84-%D8%A7%D9%84%D8%AA%D8%AD%D9%88%D9%8A%D9%84-%D9%81%D9%8A-%D8%A7%D9%84%D9%85%D8%AA%D8%A7%D8%AC%D8%B1-%D8%A7%D9%84%D8%A5%D9%84%D9%83%D8%AA%D8%B1%D9%88%D9%86%D9%8A%D8%A9.html,False,ezhalhe-sa.com,www.ezhalhe-sa.com,non-www
articles/فتح-حساب-بنكي-للمشاريع-الناشئة-دليل-خطوة-بخطوة.html,https://www.ezhalhe-sa.com/articles/%D9%81%D8%AA%D8%AD-%D8%AD%D8%B3%D8%A7%D8%A8-%D8%A8%D9%86%D9%83%D9%8A-%D9%84%D9%84%D9%85%D8%B4%D8%A7%D8%B1%D9%8A%D8%B9-%D8%A7%D9%84%D9%86%D8%A7%D8%B4%D8%A6%D8%A9-%D8%AF%D9%84%D9%8A%D9%84-%D8%AE%D8%B7%D9%88%D8%A9-%D8%A8%D8%AE%D8%B7%D9%88%D8%A9.html,200,https://ezhalhe-sa.com/articles/فتح-حساب-بنكي-للمشاريع-الناشئة-دليل-خطوة-بخطوة.html,1,200,https://www.ezhalhe-sa.com/articles/%D9%81%D8%AA%D8%AD-%D8%AD%D8%B3%D8%A7%D8%A8-%D8%A8%D9%86%D9%83%D9%8A-%D9%84%D9%84%D9%85%D8%B4%D8%A7%D8%B1%D9%8A%D8%B9-%D8%A7%D9%84%D9%86%D8%A7%D8%B4%D8%A6%D8%A9-%D8%AF%D9%84%D9%8A%D9%84-%D8%AE%D8%B7%D9%88%D8%A9-%D8%A8%D8%AE%D8%B7%D9%88%D8%A9.html,False,ezhalhe-sa.com,www.ezhalhe-sa.com,non-www
articles/كيف-تختار-قالب-متجر-زد-المناسب-لمنتجاتك-دليل-عملي.html,https://www.ezhalhe-sa.com/articles/%D9%83%D9%8A%D9%81-%D8%AA%D8%AE%D8%AA%D8%A7%D8%B1-%D9%82%D8%A7%D9%84%D8%A8-%D9%85%D8%AA%D8%AC%D8%B1-%D8%B2%D8%AF-%D8%A7%D9%84%D9%85%D9%86%D8%A7%D8%B3%D8%A8-%D9%84%D9%85%D9%86%D8%AA%D8%AC%D8%A7%D8%AA%D9%83-%D8%AF%D9%84%D9%8A%D9%84-%D8%B9%D9%85%D9%84%D9%8A.html,200,https://ezhalhe-sa.com/articles/كيف-تختار-قالب-متجر-زد-المناسب-لمنتجاتك-دليل-عملي.html,1,200,https://www.ezhalhe-sa.com/articles/%D9%83%D9%8A%D9%81-%D8%AA%D8%AE%D8%AA%D8%A7%D8%B1-%D9%82%D8%A7%D9%84%D8%A8-%D9%85%D8%AA%D8%AC%D8%B1-%D8%B2%D8%AF-%D8%A7%D9%84%D9%85%D9%86%D8%A7%D8%B3%D8%A8-%D9%84%D9%85%D9%86%D8%AA%D8%AC%D8%A7%D8%AA%D9%83-%D8%AF%D9%84%D9%8A%D9%84-%D8%B9%D9%85%D9%84%D9%8A.html,False,ezhalhe-sa.com,www.ezhalhe-sa.com,non-www
articles/كيف-تخطط-لحملة-إعلانية-ناجحة-لمتجرك-الإلكتروني.html,https://www.ezhalhe-sa.com/articles/%D9%83%D9%8A%D9%81-%D8%AA%D8%AE%D8%B7%D8%B7-%D9%84%D8%AD%D9%85%D9%84%D8%A9-%D8%A5%D8%B9%D9%84%D8%A7%D9%86%D9%8A%D8%A9-%D9%86%D8%A7%D8%AC%D8%AD%D8%A9-%D9%84%D9%85%D8%AA%D8%AC%D8%B1%D9%83-%D8%A7%D9%84%D8%A5%D9%84%D9%83%D8%AA%D8%B1%D9%88%D9%86%D9%8A.html,200,https://ezhalhe-sa.com/articles/كيف-تخطط-لحملة-إعلانية-ناجحة-لمتجرك-الإلكتروني.html,1,200,https://www.ezhalhe-sa.com/articles/%D9%83%D9%8A%D9%81-%D8%AA%D8%AE%D8%B7%D8%B7-%D9%84%D8%AD%D9%85%D9%84%D8%A9-%D8%A5%D8%B9%D9%84%D8%A7%D9%86%D9%8A%D8%A9-%D9%86%D8%A7%D8%AC%D8%AD%D8%A9-%D9%84%D9%85%D8%AA%D8%AC%D8%B1%D9%83-%D8%A7%D9%84%D8%A5%D9%84%D9%83%D8%AA%D8%B1%D9%88%D9%86%D9%8A.html,False,ezhalhe-sa.com,www.ezhalhe-sa.com,non-www
articles/كيف-تساعد-وثيقة-العمل-الحر-في-توثيق-متجرك-على-منصتي-سلة-وزد.html,https://www.ezhalhe-sa.com/articles/%D9%83%D9%8A%D9%81-%D8%AA%D8%B3%D8%A7%D8%B9%D8%AF-%D9%88%D8%AB%D9%8A%D9%82%D8%A9-%D8%A7%D9%84%D8%B9%D9%85%D9%84-%D8%A7%D9%84%D8%AD%D8%B1-%D9%81%D9%8A-%D8%AA%D9%88%D8%AB%D9%8A%D9%82-%D9%85%D8%AA%D8%AC%D8%B1%D9%83-%D8%B9%D9%84%D9%89-%D9%85%D9%86%D8%B5%D8%AA%D9%8A-%D8%B3%D9%84%D8%A9-%D9%88%D8%B2%D8%AF.html,200,https://ezhalhe-sa.com/articles/كيف-تساعد-وثيقة-العمل-الحر-في-توثيق-متجرك-على-منصتي-سلة-وزد.html,1,200,https://www.ezhalhe-sa.com/articles/%D9%83%D9%8A%D9%81-%D8%AA%D8%B3%D8%A7%D8%B9%D8%AF-%D9%88%D8%AB%D9%8A%D9%82%D8%A9-%D8%A7%D9%84%D8%B9%D9%85%D9%84-%D8%A7%D9%84%D8%AD%D8%B1-%D9%81%D9%8A-%D8%AA%D9%88%D8%AB%D9%8A%D9%82-%D9%85%D8%AA%D8%AC%D8%B1%D9%83-%D8%B9%D9%84%D9%89-%D9%85%D9%86%D8%B5%D8%AA%D9%8A-%D8%B3%D9%84%D8%A9-%D9%88%D8%B2%D8%AF.html,False,ezhalhe-sa.com,www.ezhalhe-sa.com,non-www
articles/كيف-تضمن-إدارة-متجرك-الإلكتروني-بكفاءة-عالية-لمدة-شهر.html,https://www.ezhalhe-sa.com/articles/%D9%83%D9%8A%D9%81-%D8%AA%D8%B6%D9%85%D9%86-%D8%A5%D8%AF%D8%A7%D8%B1%D8%A9-%D9%85%D8%AA%D8%AC%D8%B1%D9%83-%D8%A7%D9%84%D8%A5%D9%84%D9%83%D8%AA%D8%B1%D9%88%D9%86%D9%8A-%D8%A8%D9%83%D9%81%D8%A7%D8%A1%D8%A9-%D8%B9%D8%A7%D9%84%D9%8A%D8%A9-%D9%84%D9%85%D8%AF%D8%A9-%D8%B4%D9%87%D8%B1.html,200,https://ezhalhe-sa.com/articles/كيف-تضمن-إدارة-متجرك-الإلكتروني-بكفاءة-عالية-لمدة-شهر.html,1,200,https://www.ezhalhe-sa.com/articles/%D9%83%D9%8A%D9%81-%D8%AA%D8%B6%D9%85%D9%86-%D8%A5%D8%AF%D8%A7%D8%B1%D8%A9-%D9%85%D8%AA%D8%AC%D8%B1%D9%83-%D8%A7%D9%84%D8%A5%D9%84%D9%83%D8%AA%D8%B1%D9%88%D9%86%D9%8A-%D8%A8%D9%83%D9%81%D8%A7%D8%A1%D8%A9-%D8%B9%D8%A7%D9%84%D9%8A%D8%A9-%D9%84%D9%85%D8%AF%D8%A9-%D8%B4%D9%87%D8%B1.html,False,ezhalhe-sa.com,www.ezhalhe-sa.com,non-www
articles/كيف-يؤثر-الدفع-الآجل-على-سلة-المشتريات-وقيمة-الطلب-المتوسطة.html,https://www.ezhalhe-sa.com/articles/%D9%83%D9%8A%D9%81-%D9%8A%D8%A4%D8%AB%D8%B1-%D8%A7%D9%84%D8%AF%D9%81%D8%B9-%D8%A7%D9%84%D8%A2%D8%AC%D9%84-%D8%B9%D9%84%D9%89-%D8%B3%D9%84%D8%A9-%D8%A7%D9%84%D9%85%D8%B4%D8%AA%D8%B1%D9%8A%D8%A7%D8%AA-%D9%88%D9%82%D9%8A%D9%85%D8%A9-%D8%A7%D9%84%D8%B7%D9%84%D8%A8-%D8%A7%D9%84%D9%85%D8%AA%D9%88%D8%B3%D8%B7%D8%A9.html,200,https://ezhalhe-sa.com/articles/كيف-يؤثر-الدفع-الآجل-على-سلة-المشتريات-وقيمة-الطلب-المتوسطة.html,1,200,https://www.ezhalhe-sa.com/articles/%D9%83%D9%8A%D9%81-%D9%8A%D8%A4%D8%AB%D8%B1-%D8%A7%D9%84%D8%AF%D9%81%D8%B9-%D8%A7%D9%84%D8%A2%D8%AC%D9%84-%D8%B9%D9%84%D9%89-%D8%B3%D9%84%D8%A9-%D8%A7%D9%84%D9%85%D8%B4%D8%AA%D8%B1%D9%8A%D8%A7%D8%AA-%D9%88%D9%82%D9%8A%D9%85%D8%A9-%D8%A7%D9%84%D8%B7%D9%84%D8%A8-%D8%A7%D9%84%D9%85%D8%AA%D9%88%D8%B3%D8%B7%D8%A9.html,False,ezhalhe-sa.com,www.ezhalhe-sa.com,non-www
articles/كيف-يؤثر-توثيق-المتجر-على-تحسين-محركات-البحث-seo-لمتجرك.html,https://www.ezhalhe-sa.com/articles/%D9%83%D9%8A%D9%81-%D9%8A%D8%A4%D8%AB%D8%B1-%D8%AA%D9%88%D8%AB%D9%8A%D9%82-%D8%A7%D9%84%D9%85%D8%AA%D8%AC%D8%B1-%D8%B9%D9%84%D9%89-%D8%AA%D8%AD%D8%B3%D9%8A%D9%86-%D9%85%D8%AD%D8%B1%D9%83%D8%A7%D8%AA-%D8%A7%D9%84%D8%A8%D8%AD%D8%AB-seo-%D9%84%D9%85%D8%AA%D8%AC%D8%B1%D9%83.html,200,https://ezhalhe-sa.com/articles/كيف-يؤثر-توثيق-المتجر-على-تحسين-محركات-البحث-seo-لمتجرك.html,1,200,https://www.ezhalhe-sa.com/articles/%D9%83%D9%8A%D9%81-%D9%8A%D8%A4%D8%AB%D8%B1-%D8%AA%D9%88%D8%AB%D9%8A%D9%82-%D8%A7%D9%84%D9%85%D8%AA%D8%AC%D8%B1-%D8%B9%D9%84%D9%89-%D8%AA%D8%AD%D8%B3%D9%8A%D9%86-%D9%85%D8%AD%D8%B1%D9%83%D8%A7%D8%AA-%D8%A7%D9%84%D8%A8%D8%AD%D8%AB-seo-%D9%84%D9%85%D8%AA%D8%AC%D8%B1%D9%83.html,False,ezhalhe-sa.com,www.ezhalhe-sa.com,non-www
articles/كيف-يؤثر-توثيق-منصة-الأعمال-على-التعاملات-المالية-والحساب-البنكي.html,https://www.ezhalhe-sa.com/articles/%D9%83%D9%8A%D9%81-%D9%8A%D8%A4%D8%AB%D8%B1-%D8%AA%D9%88%D8%AB%D9%8A%D9%82-%D9%85%D9%86%D8%B5%D8%A9-%D8%A7%D9%84%D8%A3%D8%B9%D9%85%D8%A7%D9%84-%D8%B9%D9%84%D9%89-%D8%A7%D9%84%D8%AA%D8%B9%D8%A7%D9%85%D9%84%D8%A7%D8%AA-%D8%A7%D9%84%D9%85%D8%A7%D9%84%D9%8A%D8%A9-%D9%88%D8%A7%D9%84%D8%AD%D8%B3%D8%A7%D8%A8-%D8%A7%D9%84%D8%A8%D9%86%D9%83%D9%8A.html,200,https://ezhalhe-sa.com/articles/كيف-يؤثر-توثيق-منصة-الأعمال-على-التعاملات-المالية-والحساب-البنكي.html,1,200,https://www.ezhalhe-sa.com/articles/%D9%83%D9%8A%D9%81-%D9%8A%D8%A4%D8%AB%D8%B1-%D8%AA%D9%88%D8%AB%D9%8A%D9%82-%D9%85%D9%86%D8%B5%D8%A9-%D8%A7%D9%84%D8%A3%D8%B9%D9%85%D8%A7%D9%84-%D8%B9%D9%84%D9%89-%D8%A7%D9%84%D8%AA%D8%B9%D8%A7%D9%85%D9%84%D8%A7%D8%AA-%D8%A7%D9%84%D9%85%D8%A7%D9%84%D9%8A%D8%A9-%D9%88%D8%A7%D9%84%D8%AD%D8%B3%D8%A7%D8%A8-%D8%A7%D9%84%D8%A8%D9%86%D9%83%D9%8A.html,False,ezhalhe-sa.com,www.ezhalhe-sa.com,non-www
articles/كيف-يسهل-الحساب-البنكي-التجاري-عملية-توثيق-متجرك-الإلكتروني.html,https://www.ezhalhe-sa.com/articles/%D9%83%D9%8A%D9%81-%D9%8A%D8%B3%D9%87%D9%84-%D8%A7%D9%84%D8%AD%D8%B3%D8%A7%D8%A8-%D8%A7%D9%84%D8%A8%D9%86%D9%83%D9%8A-%D8%A7%D9%84%D8%AA%D8%AC%D8%A7%D8%B1%D9%8A-%D8%B9%D9%85%D9%84%D9%8A%D8%A9-%D8%AA%D9%88%D8%AB%D9%8A%D9%82-%D9%85%D8%AA%D8%AC%D8%B1%D9%83-%D8%A7%D9%84%D8%A5%D9%84%D9%83%D8%AA%D8%B1%D9%88%D9%86%D9%8A.html,200,https://ezhalhe-sa.com/articles/كيف-يسهل-الحساب-البنكي-التجاري-عملية-توثيق-متجرك-الإلكتروني.html,1,200,https://www.ezhalhe-sa.com/articles/%D9%83%D9%8A%D9%81-%D9%8A%D8%B3%D9%87%D9%84-%D8%A7%D9%84%D8%AD%D8%B3%D8%A7%D8%A8-%D8%A7%D9%84%D8%A8%D9%86%D9%83%D9%8A-%D8%A7%D9%84%D8%AA%D8%AC%D8%A7%D8%B1%D9%8A-%D8%B9%D9%85%D9%84%D9%8A%D8%A9-%D8%AA%D9%88%D8%AB%D9%8A%D9%82-%D9%85%D8%AA%D8%AC%D8%B1%D9%83-%D8%A7%D9%84%D8%A5%D9%84%D9%83%D8%AA%D8%B1%D9%88%D9%86%D9%8A.html,False,ezhalhe-sa.com,www.ezhalhe-sa.com,non-www
articles/كيفية-تجديد-وثيقة-العمل-الحر-وتعديل-بياناتها.html,https://www.ezhalhe-sa.com/articles/%D9%83%D9%8A%D9%81%D9%8A%D8%A9-%D8%AA%D8%AC%D8%AF%D9%8A%D8%AF-%D9%88%D8%AB%D9%8A%D9%82%D8%A9-%D8%A7%D9%84%D8%B9%D9%85%D9%84-%D8%A7%D9%84%D8%AD%D8%B1-%D9%88%D8%AA%D8%B9%D8%AF%D9%8A%D9%84-%D8%A8%D9%8A%D8%A7%D9%86%D8%A7%D8%AA%D9%87%D8%A7.html,200,https://ezhalhe-sa.com/articles/كيفية-تجديد-وثيقة-العمل-الحر-وتعديل-بياناتها.html,1,200,https://www.ezhalhe-sa.com/articles/%D9%83%D9%8A%D9%81%D9%8A%D8%A9-%D8%AA%D8%AC%D8%AF%D9%8A%D8%AF-%D9%88%D8%AB%D9%8A%D9%82%D8%A9-%D8%A7%D9%84%D8%B9%D9%85%D9%84-%D8%A7%D9%84%D8%AD%D8%B1-%D9%88%D8%AA%D8%B9%D8%AF%D9%8A%D9%84-%D8%A8%D9%8A%D8%A7%D9%86%D8%A7%D8%AA%D9%87%D8%A7.html,False,ezhalhe-sa.com,www.ezhalhe-sa.com,non-www
articles/كيفية-تصميم-متجر-إلكتروني-احترافي-على-منصة-سلة-وزد.html,https://www.ezhalhe-sa.com/articles/%D9%83%D9%8A%D9%81%D9%8A%D8%A9-%D8%AA%D8%B5%D9%85%D9%8A%D9%85-%D9%85%D8%AA%D8%AC%D8%B1-%D8%A5%D9%84%D9%83%D8%AA%D8%B1%D9%88%D9%86%D9%8A-%D8%A7%D8%AD%D8%AA%D8%B1%D8%A7%D9%81%D9%8A-%D8%B9%D9%84%D9%89-%D9%85%D9%86%D8%B5%D8%A9-%D8%B3%D9%84%D8%A9-%D9%88%D8%B2%D8%AF.html,200,https://ezhalhe-sa.com/articles/كيفية-تصميم-متجر-إلكتروني-احترافي-على-منصة-سلة-وزد.html,1,200,https://www.ezhalhe-sa.com/articles/%D9%83%D9%8A%D9%81%D9%8A%D8%A9-%D8%AA%D8%B5%D9%85%D9%8A%D9%85-%D9%85%D8%AA%D8%AC%D8%B1-%D8%A5%D9%84%D9%83%D8%AA%D8%B1%D9%88%D9%86%D9%8A-%D8%A7%D8%AD%D8%AA%D8%B1%D8%A7%D9%81%D9%8A-%D8%B9%D9%84%D9%89-%D9%85%D9%86%D8%B5%D8%A9-%D8%B3%D9%84%D8%A9-%D9%88%D8%B2%D8%AF.html,False,ezhalhe-sa.com,www.ezhalhe-sa.com,non-www
articles/كيفية-ربط-بوابة-الدفع-إمكان-imkan-بمتجرك-على-سلة-أو-زد.html,https://www.ezhalhe-sa.com/articles/%D9%83%D9%8A%D9%81%D9%8A%D8%A9-%D8%B1%D8%A8%D8%B7-%D8%A8%D9%88%D8%A7%D8%A8%D8%A9-%D8%A7%D9%84%D8%AF%D9%81%D8%B9-%D8%A5%D9%85%D9%83%D8%A7%D9%86-imkan-%D8%A8%D9%85%D8%AA%D8%AC%D8%B1%D9%83-%D8%B9%D9%84%D9%89-%D8%B3%D9%84%D8%A9-%D8%A3%D9%88-%D8%B2%D8%AF.html,200,https://ezhalhe-sa.com/articles/كيفية-ربط-بوابة-الدفع-إمكان-imkan-بمتجرك-على-سلة-أو-زد.html,1,200,https://www.ezhalhe-sa.com/articles/%D9%83%D9%8A%D9%81%D9%8A%D8%A9-%D8%B1%D8%A8%D8%B7-%D8%A8%D9%88%D8%A7%D8%A8%D8%A9-%D8%A7%D9%84%D8%AF%D9%81%D8%B9-%D8%A5%D9%85%D9%83%D8%A7%D9%86-imkan-%D8%A8%D9%85%D8%AA%D8%AC%D8%B1%D9%83-%D8%B9%D9%84%D9%89-%D8%B3%D9%84%D8%A9-%D8%A3%D9%88-%D8%B2%D8%AF.html,False,ezhalhe-sa.com,www.ezhalhe-sa.com,non-www
articles/ما-هي-وثيقة-العمل-الحر-وأهميتها-لأصحاب-المتاجر-الإلكترونية.html,https://www.ezhalhe-sa.com/articles/%D9%85%D8%A7-%D9%87%D9%8A-%D9%88%D8%AB%D9%8A%D9%82%D8%A9-%D8%A7%D9%84%D8%B9%D9%85%D9%84-%D8%A7%D9%84%D8%AD%D8%B1-%D9%88%D8%A3%D9%87%D9%85%D9%8A%D8%AA%D9%87%D8%A7-%D9%84%D8%A3%D8%B5%D8%AD%D8%A7%D8%A8-%D8%A7%D9%84%D9%85%D8%AA%D8%A7%D8%AC%D8%B1-%D8%A7%D9%84%D8%A5%D9%84%D9%83%D8%AA%D8%B1%D9%88%D9%86%D9%8A%D8%A9.html,200,https://ezhalhe-sa.com/articles/ما-هي-وثيقة-العمل-الحر-وأهميتها-لأصحاب-المتاجر-الإلكترونية.html,1,200,https://www.ezhalhe-sa.com/articles/%D9%85%D8%A7-%D9%87%D9%8A-%D9%88%D8%AB%D9%8A%D9%82%D8%A9-%D8%A7%D9%84%D8%B9%D9%85%D9%84-%D8%A7%D9%84%D8%AD%D8%B1-%D9%88%D8%A3%D9%87%D9%85%D9%8A%D8%AA%D9%87%D8%A7-%D9%84%D8%A3%D8%B5%D8%AD%D8%A7%D8%A8-%D8%A7%D9%84%D9%85%D8%AA%D8%A7%D8%AC%D8%B1-%D8%A7%D9%84%D8%A5%D9%84%D9%83%D8%AA%D8%B1%D9%88%D9%86%D9%8A%D8%A9.html,False,ezhalhe-sa.com,www.ezhalhe-sa.com,non-www
articles/متطلبات-التوثيق-للمتاجر-التي-تعمل-على-منصات-سلة-وزد.html,https://www.ezhalhe-sa.com/articles/%D9%85%D8%AA%D8%B7%D9%84%D8%A8%D8%A7%D8%AA-%D8%A7%D9%84%D8%AA%D9%88%D8%AB%D9%8A%D9%82-%D9%84%D9%84%D9%85%D8%AA%D8%A7%D8%AC%D8%B1-%D8%A7%D9%84%D8%AA%D9%8A-%D8%AA%D8%B9%D9%85%D9%84-%D8%B9%D9%84%D9%89-%D9%85%D9%86%D8%B5%D8%A7%D8%AA-%D8%B3%D9%84%D8%A9-%D9%88%D8%B2%D8%AF.html,200,https://ezhalhe-sa.com/articles/متطلبات-التوثيق-للمتاجر-التي-تعمل-على-منصات-سلة-وزد.html,1,200,https://www.ezhalhe-sa.com/articles/%D9%85%D8%AA%D8%B7%D9%84%D8%A8%D8%A7%D8%AA-%D8%A7%D9%84%D8%AA%D9%88%D8%AB%D9%8A%D9%82-%D9%84%D9%84%D9%85%D8%AA%D8%A7%D8%AC%D8%B1-%D8%A7%D9%84%D8%AA%D9%8A-%D8%AA%D8%B9%D9%85%D9%84-%D8%B9%D9%84%D9%89-%D9%85%D9%86%D8%B5%D8%A7%D8%AA-%D8%B3%D9%84%D8%A9-%D9%88%D8%B2%D8%AF.html,False,ezhalhe-sa.com,www.ezhalhe-sa.com,non-www
articles/مقارنة-بين-إجراءات-فتح-حساب-بنكي-تجاري-في-الراجحي-والإنماء.html,https://www.ezhalhe-sa.com/articles/%D9%85%D9%82%D8%A7%D8%B1%D9%86%D8%A9-%D8%A8%D9%8A%D9%86-%D8%A5%D8%AC%D8%B1%D8%A7%D8%A1%D8%A7%D8%AA-%D9%81%D8%AA%D8%AD-%D8%AD%D8%B3%D8%A7%D8%A8-%D8%A8%D9%86%D9%83%D9%8A-%D8%AA%D8%AC%D8%A7%D8%B1%D9%8A-%D9%81%D9%8A-%D8%A7%D9%84%D8%B1%D8%A7%D8%AC%D8%AD%D9%8A-%D9%88%D8%A7%D9%84%D8%A5%D9%86%D9%85%D8%A7%D8%A1.html,200,https://ezhalhe-sa.com/articles/مقارنة-بين-إجراءات-فتح-حساب-بنكي-تجاري-في-الراجحي-والإنماء.html,1,200,https://www.ezhalhe-sa.com/articles/%D9%85%D9%82%D8%A7%D8%B1%D9%86%D8%A9-%D8%A8%D9%8A%D9%86-%D8%A5%D8%AC%D8%B1%D8%A7%D8%A1%D8%A7%D8%AA-%D9%81%D8%AA%D8%AD-%D8%AD%D8%B3%D8%A7%D8%A8-%D8%A8%D9%86%D9%83%D9%8A-%D8%AA%D8%AC%D8%A7%D8%B1%D9%8A-%D9%81%D9%8A-%D8%A7%D9%84%D8%B1%D8%A7%D8%AC%D8%AD%D9%8A-%D9%88%D8%A7%D9%84%D8%A5%D9%86%D9%85%D8%A7%D8%A1.html,False,ezhalhe-sa.com,www.ezhalhe-sa.com,non-www
articles/مقارنة-بين-بوابات-الدفع-الإلكتروني-ميس-مدفوع-وإمكان.html,https://www.ezhalhe-sa.com/articles/%D9%85%D9%82%D8%A7%D8%B1%D9%86%D8%A9-%D8%A8%D9%8A%D9%86-%D8%A8%D9%88%D8%A7%D8%A8%D8%A7%D8%AA-%D8%A7%D9%84%D8%AF%D9%81%D8%B9-%D8%A7%D9%84%D8%A5%D9%84%D9%83%D8%AA%D8%B1%D9%88%D9%86%D9%8A-%D9%85%D9%8A%D8%B3-%D9%85%D8%AF%D9%81%D9%88%D8%B9-%D9%88%D8%A5%D9%85%D9%83%D8%A7%D9%86.html,200,https://ezhalhe-sa.com/articles/مقارنة-بين-بوابات-الدفع-الإلكتروني-ميس-مدفوع-وإمكان.html,1,200,https://www.ezhalhe-sa.com/articles/%D9%85%D9%82%D8%A7%D8%B1%D9%86%D8%A9-%D8%A8%D9%8A%D9%86-%D8%A8%D9%88%D8%A7%D8%A8%D8%A7%D8%AA-%D8%A7%D9%84%D8%AF%D9%81%D8%B9-%D8%A7%D9%84%D8%A5%D9%84%D9%83%D8%AA%D8%B1%D9%88%D9%86%D9%8A-%D9%85%D9%8A%D8%B3-%D9%85%D8%AF%D9%81%D9%88%D8%B9-%D9%88%D8%A5%D9%85%D9%83%D8%A7%D9%86.html,False,ezhalhe-sa.com,www.ezhalhe-sa.com,non-www
articles/مقارنة-بين-منصات-الإعلان-الرئيسية-جوجل-فيسبوك-سناب-شات.html,https://www.ezhalhe-sa.com/articles/%D9%85%D9%82%D8%A7%D8%B1%D9%86%D8%A9-%D8%A8%D9%8A%D9%86-%D9%85%D9%86%D8%B5%D8%A7%D8%AA-%D8%A7%D9%84%D8%A5%D8%B9%D9%84%D8%A7%D9%86-%D8%A7%D9%84%D8%B1%D8%A6%D9%8A%D8%B3%D9%8A%D8%A9-%D8%AC%D9%88%D8%AC%D9%84-%D9%81%D9%8A%D8%B3%D8%A8%D9%88%D9%83-%D8%B3%D9%86%D8%A7%D8%A8-%D8%B4%D8%A7%D8%AA.html,200,https://ezhalhe-sa.com/articles/مقارنة-بين-منصات-الإعلان-الرئيسية-جوجل-فيسبوك-سناب-شات.html,1,200,https://www.ezhalhe-sa.com/articles/%D9%85%D9%82%D8%A7%D8%B1%D9%86%D8%A9-%D8%A8%D9%8A%D9%86-%D9%85%D9%86%D8%B5%D8%A7%D8%AA-%D8%A7%D9%84%D8%A5%D8%B9%D9%84%D8%A7%D9%86-%D8%A7%D9%84%D8%B1%D8%A6%D9%8A%D8%B3%D9%8A%D8%A9-%D8%AC%D9%88%D8%AC%D9%84-%D9%81%D9%8A%D8%B3%D8%A8%D9%88%D9%83-%D8%B3%D9%86%D8%A7%D8%A8-%D8%B4%D8%A7%D8%AA.html,False,ezhalhe-sa.com,www.ezhalhe-sa.com,non-www
articles/مقارنة-شاملة-بين-باقات-تصميم-متجر-سلة-بيسك-بلس-برو-ذهبية.html,https://www.ezhalhe-sa.com/articles/%D9%85%D9%82%D8%A7%D8%B1%D9%86%D8%A9-%D8%B4%D8%A7%D9%85%D9%84%D8%A9-%D8%A8%D9%8A%D9%86-%D8%A8%D8%A7%D9%82%D8%A7%D8%AA-%D8%AA%D8%B5%D9%85%D9%8A%D9%85-%D9%85%D8%AA%D8%AC%D8%B1-%D8%B3%D9%84%D8%A9-%D8%A8%D9%8A%D8%B3%D9%83-%D8%A8%D9%84%D8%B3-%D8%A8%D8%B1%D9%88-%D8%B0%D9%87%D8%A8%D9%8A%D8%A9.html,200,https://ezhalhe-sa.com/articles/مقارنة-شاملة-بين-باقات-تصميم-متجر-سلة-بيسك-بلس-برو-ذهبية.html,1,200,https://www.ezhalhe-sa.com/articles/%D9%85%D9%82%D8%A7%D8%B1%D9%86%D8%A9-%D8%B4%D8%A7%D9%85%D9%84%D8%A9-%D8%A8%D9%8A%D9%86-%D8%A8%D8%A7%D9%82%D8%A7%D8%AA-%D8%AA%D8%B5%D9%85%D9%8A%D9%85-%D9%85%D8%AA%D8%AC%D8%B1-%D8%B3%D9%84%D8%A9-%D8%A8%D9%8A%D8%B3%D9%83-%D8%A8%D9%84%D8%B3-%D8%A8%D8%B1%D9%88-%D8%B0%D9%87%D8%A8%D9%8A%D8%A9.html,False,ezhalhe-sa.com,www.ezhalhe-sa.com,non-www
articles/نصائح-لتسريع-عملية-الموافقة-على-فتح-حساب-بنكي-للأعمال.html,https://www.ezhalhe-sa.com/articles/%D9%86%D8%B5%D8%A7%D8%A6%D8%AD-%D9%84%D8%AA%D8%B3%D8%B1%D9%8A%D8%B9-%D8%B9%D9%85%D9%84%D9%8A%D8%A9-%D8%A7%D9%84%D9%85%D9%88%D8%A7%D9%81%D9%82%D8%A9-%D8%B9%D9%84%D9%89-%D9%81%D8%AA%D8%AD-%D8%AD%D8%B3%D8%A7%D8%A8-%D8%A8%D9%86%D9%83%D9%8A-%D9%84%D9%84%D8%A3%D8%B9%D9%85%D8%A7%D9%84.html,200,https://ezhalhe-sa.com/articles/نصائح-لتسريع-عملية-الموافقة-على-فتح-حساب-بنكي-للأعمال.html,1,200,https://www.ezhalhe-sa.com/articles/%D9%86%D8%B5%D8%A7%D8%A6%D8%AD-%D9%84%D8%AA%D8%B3%D8%B1%D9%8A%D8%B9-%D8%B9%D9%85%D9%84%D9%8A%D8%A9-%D8%A7%D9%84%D9%85%D9%88%D8%A7%D9%81%D9%82%D8%A9-%D8%B9%D9%84%D9%89-%D9%81%D8%AA%D8%AD-%D8%AD%D8%B3%D8%A7%D8%A8-%D8%A8%D9%86%D9%83%D9%8A-%D9%84%D9%84%D8%A3%D8%B9%D9%85%D8%A7%D9%84.html,False,ezhalhe-sa.com,www.ezhalhe-sa.com,non-www
articles/وثيقة-العمل-الحر-دليل-لتحديد-النشاط-المناسب-لمتجرك.html,https://www.ezhalhe-sa.com/articles/%D9%88%D8%AB%D9%8A%D9%82%D8%A9-%D8%A7%D9%84%D8%B9%D9%85%D9%84-%D8%A7%D9%84%D8%AD%D8%B1-%D8%AF%D9%84%D9%8A%D9%84-%D9%84%D8%AA%D8%AD%D8%AF%D9%8A%D8%AF-%D8%A7%D9%84%D9%86%D8%B4%D8%A7%D8%B7-%D8%A7%D9%84%D9%85%D9%86%D8%A7%D8%B3%D8%A8-%D9%84%D9%85%D8%AA%D8%AC%D8%B1%D9%83.html,200,https://ezhalhe-sa.com/articles/وثيقة-العمل-الحر-دليل-لتحديد-النشاط-المناسب-لمتجرك.html,1,200,https://www.ezhalhe-sa.com/articles/%D9%88%D8%AB%D9%8A%D9%82%D8%A9-%D8%A7%D9%84%D8%B9%D9%85%D9%84-%D8%A7%D9%84%D8%AD%D8%B1-%D8%AF%D9%84%D9%8A%D9%84-%D9%84%D8%AA%D8%AD%D8%AF%D9%8A%D8%AF-%D8%A7%D9%84%D9%86%D8%B4%D8%A7%D8%B7-%D8%A7%D9%84%D9%85%D9%86%D8%A7%D8%B3%D8%A8-%D9%84%D9%85%D8%AA%D8%AC%D8%B1%D9%83.html,False,ezhalhe-sa.com,www.ezhalhe-sa.com,non-www
articles/وثيقة-العمل-الحر-والالتزامات-الضريبية-ما-يجب-أن-تعرفه.html,https://www.ezhalhe-sa.com/articles/%D9%88%D8%AB%D9%8A%D9%82%D8%A9-%D8%A7%D9%84%D8%B9%D9%85%D9%84-%D8%A7%D9%84%D8%AD%D8%B1-%D9%88%D8%A7%D9%84%D8%A7%D9%84%D8%AA%D8%B2%D8%A7%D9%85%D8%A7%D8%AA-%D8%A7%D9%84%D8%B6%D8%B1%D9%8A%D8%A8%D9%8A%D8%A9-%D9%85%D8%A7-%D9%8A%D8%AC%D8%A8-%D8%A3%D9%86-%D8%AA%D8%B9%D8%B1%D9%81%D9%87.html,200,https://ezhalhe-sa.com/articles/وثيقة-العمل-الحر-والالتزامات-الضريبية-ما-يجب-أن-تعرفه.html,1,200,https://www.ezhalhe-sa.com/articles/%D9%88%D8%AB%D9%8A%D9%82%D8%A9-%D8%A7%D9%84%D8%B9%D9%85%D9%84-%D8%A7%D9%84%D8%AD%D8%B1-%D9%88%D8%A7%D9%84%D8%A7%D9%84%D8%AA%D8%B2%D8%A7%D9%85%D8%A7%D8%AA-%D8%A7%D9%84%D8%B6%D8%B1%D9%8A%D8%A8%D9%8A%D8%A9-%D9%85%D8%A7-%D9%8A%D8%AC%D8%A8-%D8%A3%D9%86-%D8%AA%D8%B9%D8%B1%D9%81%D9%87.html,False,ezhalhe-sa.com,www.ezhalhe-sa.com,non-www
articles.html,https://www.ezhalhe-sa.com/articles.html,200,,0,,,False,,www.ezhalhe-sa.com,missing
blog.html,https://www.ezhalhe-sa.com/blog.html,200,,0,,,False,,www.ezhalhe-sa.com,missing
brand-building.html,https://www.ezhalhe-sa.com/brand-building.html,200,,0,,,False,,www.ezhalhe-sa.com,missing
competitor-analysis.html,https://www.ezhalhe-sa.com/competitor-analysis.html,200,,0,,,False,,www.ezhalhe-sa.com,missing
data-analysis.html,https://www.ezhalhe-sa.com/data-analysis.html,200,,0,,,False,,www.ezhalhe-sa.com,missing
digital-ads.html,https://www.ezhalhe-sa.com/digital-ads.html,200,,0,,,False,,www.ezhalhe-sa.com,missing
discount-salla-plus.html,https://www.ezhalhe-sa.com/discount-salla-plus.html,200,https://ezhalhe-sa.com/discount-salla-plus,1,404,https://www.ezhalhe-sa.com/discount-salla-plus,False,ezhalhe-sa.com,www.ezhalhe-sa.com,non-www
discount-salla-pro.html,https://www.ezhalhe-sa.com/discount-salla-pro.html,200,https://ezhalhe-sa.com/discount-salla-pro,1,404,https://www.ezhalhe-sa.com/discount-salla-pro,False,ezhalhe-sa.com,www.ezhalhe-sa.com,non-www
google387142411d334808.html,https://www.ezhalhe-sa.com/google387142411d334808.html,200,,0,,,False,,www.ezhalhe-sa.com,missing
index.html,https://www.ezhalhe-sa.com/,200,https://www.ezhalhe-sa.com/,1,200,https://www.ezhalhe-sa.com/,True,www.ezhalhe-sa.com,www.ezhalhe-sa.com,
product-marketing.html,https://www.ezhalhe-sa.com/product-marketing.html,200,,0,,,False,,www.ezhalhe-sa.com,missing
salla-store-design-dammam.html,https://www.ezhalhe-sa.com/salla-store-design-dammam.html,200,https://ezhalhe-sa.com/salla-store-design-dammam.html,1,200,https://www.ezhalhe-sa.com/salla-store-design-dammam.html,False,ezhalhe-sa.com,www.ezhalhe-sa.com,non-www
salla-store-design-jeddah.html,https://www.ezhalhe-sa.com/salla-store-design-jeddah.html,200,https://ezhalhe-sa.com/salla-store-design-jeddah.html,1,200,https://www.ezhalhe-sa.com/salla-store-design-jeddah.html,False,ezhalhe-sa.com,www.ezhalhe-sa.com,non-www
salla-store-design-makkah.html,https://www.ezhalhe-sa.com/salla-store-design-makkah.html,200,https://ezhalhe-sa.com/salla-store-design-makkah.html,1,200,https://www.ezhalhe-sa.com/salla-store-design-makkah.html,False,ezhalhe-sa.com,www.ezhalhe-sa.com,non-www
salla-store-design-riyadh.html,https://www.ezhalhe-sa.com/salla-store-design-riyadh.html,200,https://ezhalhe-sa.com/salla-store-design-riyadh.html,1,200,https://www.ezhalhe-sa.com/salla-store-design-riyadh.html,False,ezhalhe-sa.com,www.ezhalhe-sa.com,non-www
salla-store-design.html,https://www.ezhalhe-sa.com/salla-store-design.html,200,https://ezhalhe-sa.com/salla-store-design.html,1,200,https://www.ezhalhe-sa.com/salla-store-design.html,False,ezhalhe-sa.com,www.ezhalhe-sa.com,non-www
search-engine-optimization.html,https://www.ezhalhe-sa.com/search-engine-optimization.html,200,,0,,,False,,www.ezhalhe-sa.com,missing
secure-payments.html,https://www.ezhalhe-sa.com/secure-payments.html,200,,0,,,False,,www.ezhalhe-sa.com,missing
store-verification.html,https://www.ezhalhe-sa.com/store-verification.html,200,,0,,,False,,www.ezhalhe-sa.com,missing
zid-store-design.html,https://www.ezhalhe-sa.com/zid-store-design.html,200,https://ezhalhe-sa.com/zid-store-design.html,1,200,https://www.ezhalhe-sa.com/zid-store-design.html,False,ezhalhe-sa.com,www.ezhalhe-sa.com,non-www
