file,url,word_count,author,date_published,date_modified,internal_outlinks,external_outlinks
404.html,https://www.ezhalhe-sa.com/404.html,110,,,,21,4
_new_testi.html,https://www.ezhalhe-sa.com/_new_testi.html,0,,,,0,0
articles/أخطاء-شائعة-في-تصميم-المتاجر-الإلكترونية-وكيفية-تجنبها.html,https://www.ezhalhe-sa.com/articles/%D8%A3%D8%AE%D8%B7%D8%A7%D8%A1-%D8%B4%D8%A7%D8%A6%D8%B9%D8%A9-%D9%81%D9%8A-%D8%AA%D8%B5%D9%85%D9%8A%D9%85-%D8%A7%D9%84%D9%85%D8%AA%D8%A7%D8%AC%D8%B1-%D8%A7%D9%84%D8%A5%D9%84%D9%83%D8%AA%D8%B1%D9%88%D9%86%D9%8A%D8%A9-%D9%88%D9%83%D9%8A%D9%81%D9%8A%D8%A9-%D8%AA%D8%AC%D9%86%D8%A8%D9%87%D8%A7.html,485,,,,9,5
articles/أدوات-وتقنيات-تسهل-عليك-إدارة-متجرك-الإلكتروني-اليومية.html,https://www.ezhalhe-sa.com/articles/%D8%A3%D8%AF%D9%88%D8%A7%D8%AA-%D9%88%D8%AA%D9%82%D9%86%D9%8A%D8%A7%D8%AA-%D8%AA%D8%B3%D9%87%D9%84-%D8%B9%D9%84%D9%8A%D9%83-%D8%A5%D8%AF%D8%A7%D8%B1%D8%A9-%D9%85%D8%AA%D8%AC%D8%B1%D9%83-%D8%A7%D9%84%D8%A5%D9%84%D9%83%D8%AA%D8%B1%D9%88%D9%86%D9%8A-%D8%A7%D9%84%D9%8A%D9%88%D9%85%D9%8A%D8%A9.html,499,,,,9,5
articles/أسرار-تصميم-صفحات-المنتجات-الجذابة-على-منصة-سلة.html,https://www.ezhalhe-sa.com/articles/%D8%A3%D8%B3%D8%B1%D8%A7%D8%B1-%D8%AA%D8%B5%D9%85%D9%8A%D9%85-%D8%B5%D9%81%D8%AD%D8%A7%D8%AA-%D8%A7%D9%84%D9%85%D9%86%D8%AA%D8%AC%D8%A7%D8%AA-%D8%A7%D9%84%D8%AC%D8%B0%D8%A7%D8%A8%D8%A9-%D8%B9%D9%84%D9%89-%D9%85%D9%86%D8%B5%D8%A9-%D8%B3%D9%84%D8%A9.html,485,,,,9,5
articles/أهمية-التخطيط-للمحتوى-في-إدارة-المتجر-وحسابات-السوشيال-ميديا.html,https://www.ezhalhe-sa.com/articles/%D8%A3%D9%87%D9%85%D9%8A%D8%A9-%D8%A7%D9%84%D8%AA%D8%AE%D8%B7%D9%8A%D8%B7-%D9%84%D9%84%D9%85%D8%AD%D8%AA%D9%88%D9%89-%D9%81%D9%8A-%D8%A5%D8%AF%D8%A7%D8%B1%D8%A9-%D8%A7%D9%84%D9%85%D8%AA%D8%AC%D8%B1-%D9%88%D8%AD%D8%B3%D8%A7%D8%A8%D8%A7%D8%AA-%D8%A7%D9%84%D8%B3%D9%88%D8%B4%D9%8A%D8%A7%D9%84-%D9%85%D9%8A%D8%AF%D9%8A%D8%A7.html,500,,,,9,5
articles/أهمية-التصميم-الاحترافي-لمتجرك-على-سلة-زيادة-المبيعات-والثقة.html,https://www.ezhalhe-sa.com/articles/%D8%A3%D9%87%D9%85%D9%8A%D8%A9-%D8%A7%D9%84%D8%AA%D8%B5%D9%85%D9%8A%D9%85-%D8%A7%D9%84%D8%A7%D8%AD%D8%AA%D8%B1%D8%A7%D9%81%D9%8A-%D9%84%D9%85%D8%AA%D8%AC%D8%B1%D9%83-%D8%B9%D9%84%D9%89-%D8%B3%D9%84%D8%A9-%D8%B2%D9%8A%D8%A7%D8%AF%D8%A9-%D8%A7%D9%84%D9%85%D8%A8%D9%8A%D8%B9%D8%A7%D8%AA-%D9%88%D8%A7%D9%84%D8%AB%D9%82%D8%A9.html,486,,,,9,5
articles/أهمية-تتبع-التحويلات-في-الحملات-الإعلانية-قياس-العائد-على-الاستثمار-roi.html,https://www.ezhalhe-sa.com/articles/%D8%A3%D9%87%D9%85%D9%8A%D8%A9-%D8%AA%D8%AA%D8%A8%D8%B9-%D8%A7%D9%84%D8%AA%D8%AD%D9%88%D9%8A%D9%84%D8%A7%D8%AA-%D9%81%D9%8A-%D8%A7%D9%84%D8%AD%D9%85%D9%84%D8%A7%D8%AA-%D8%A7%D9%84%D8%A5%D8%B9%D9%84%D8%A7%D9%86%D9%8A%D8%A9-%D9%82%D9%8A%D8%A7%D8%B3-%D8%A7%D9%84%D8%B9%D8%A7%D8%A6%D8%AF-%D8%B9%D9%84%D9%89-%D8%A7%D9%84%D8%A7%D8%B3%D8%AA%D8%AB%D9%85%D8%A7%D8%B1-roi.html,495,,,,9,5
articles/أهمية-تفعيل-بوابات-دفع-متعددة-لمتجرك-الإلكتروني.html,https://www.ezhalhe-sa.com/articles/%D8%A3%D9%87%D9%85%D9%8A%D8%A9-%D8%AA%D9%81%D8%B9%D9%8A%D9%84-%D8%A8%D9%88%D8%A7%D8%A8%D8%A7%D8%AA-%D8%AF%D9%81%D8%B9-%D9%85%D8%AA%D8%B9%D8%AF%D8%AF%D8%A9-%D9%84%D9%85%D8%AA%D8%AC%D8%B1%D9%83-%D8%A7%D9%84%D8%A5%D9%84%D9%83%D8%AA%D8%B1%D9%88%D9%86%D9%8A.html,484,,,,9,5
articles/أهمية-تفعيل-خدمات-الدفع-الآجل-تابي-وتمارا-لزيادة-مبيعات-متجرك.html,https://www.ezhalhe-sa.com/articles/%D8%A3%D9%87%D9%85%D9%8A%D8%A9-%D8%AA%D9%81%D8%B9%D9%8A%D9%84-%D8%AE%D8%AF%D9%85%D8%A7%D8%AA-%D8%A7%D9%84%D8%AF%D9%81%D8%B9-%D8%A7%D9%84%D8%A2%D8%AC%D9%84-%D8%AA%D8%A7%D8%A8%D9%8A-%D9%88%D8%AA%D9%85%D8%A7%D8%B1%D8%A7-%D9%84%D8%B2%D9%8A%D8%A7%D8%AF%D8%A9-%D9%85%D8%A8%D9%8A%D8%B9%D8%A7%D8%AA-%D9%85%D8%AA%D8%AC%D8%B1%D9%83.html,480,,,,9,5
articles/أهمية-توثيق-متجرك-عبر-منصة-الأعمال-لضمان-الامتثال-القانوني.html,https://www.ezhalhe-sa.com/articles/%D8%A3%D9%87%D9%85%D9%8A%D8%A9-%D8%AA%D9%88%D8%AB%D9%8A%D9%82-%D9%85%D8%AA%D8%AC%D8%B1%D9%83-%D8%B9%D8%A8%D8%B1-%D9%85%D9%86%D8%B5%D8%A9-%D8%A7%D9%84%D8%A3%D8%B9%D9%85%D8%A7%D9%84-%D9%84%D8%B6%D9%85%D8%A7%D9%86-%D8%A7%D9%84%D8%A7%D9%85%D8%AA%D8%AB%D8%A7%D9%84-%D8%A7%D9%84%D9%82%D8%A7%D9%86%D9%88%D9%86%D9%8A.html,472,,,,9,5
articles/أهمية-توثيق-متجرك-في-سلة-بناء-الثقة-والمصداقية.html,https://www.ezhalhe-sa.com/articles/%D8%A3%D9%87%D9%85%D9%8A%D8%A9-%D8%AA%D9%88%D8%AB%D9%8A%D9%82-%D9%85%D8%AA%D8%AC%D8%B1%D9%83-%D9%81%D9%8A-%D8%B3%D9%84%D8%A9-%D8%A8%D9%86%D8%A7%D8%A1-%D8%A7%D9%84%D8%AB%D9%82%D8%A9-%D9%88%D8%A7%D9%84%D9%85%D8%B5%D8%AF%D8%A7%D9%82%D9%8A%D8%A9.html,478,,,,9,5
articles/أهمية-ربط-google-analytics-4-بمتجرك-الإلكتروني-لتحليل-الأداء.html,https://www.ezhalhe-sa.com/articles/%D8%A3%D9%87%D9%85%D9%8A%D8%A9-%D8%B1%D8%A8%D8%B7-google-analytics-4-%D8%A8%D9%85%D8%AA%D8%AC%D8%B1%D9%83-%D8%A7%D9%84%D8%A5%D9%84%D9%83%D8%AA%D8%B1%D9%88%D9%86%D9%8A-%D9%84%D8%AA%D8%AD%D9%84%D9%8A%D9%84-%D8%A7%D9%84%D8%A3%D8%AF%D8%A7%D8%A1.html,542,,,,9,5
articles/أهمية-فتح-حساب-بنكي-تجاري-لمتجرك-الإلكتروني.html,https://www.ezhalhe-sa.com/articles/%D8%A3%D9%87%D9%85%D9%8A%D8%A9-%D9%81%D8%AA%D8%AD-%D8%AD%D8%B3%D8%A7%D8%A8-%D8%A8%D9%86%D9%83%D9%8A-%D8%AA%D8%AC%D8%A7%D8%B1%D9%8A-%D9%84%D9%85%D8%AA%D8%AC%D8%B1%D9%83-%D8%A7%D9%84%D8%A5%D9%84%D9%83%D8%AA%D8%B1%D9%88%D9%86%D9%8A.html,484,,,,9,5
articles/إدارة-التدفقات-النقدية-لمتجرك-عبر-الحساب-البنكي-التجاري.html,https://www.ezhalhe-sa.com/articles/%D8%A5%D8%AF%D8%A7%D8%B1%D8%A9-%D8%A7%D9%84%D8%AA%D8%AF%D9%81%D9%82%D8%A7%D8%AA-%D8%A7%D9%84%D9%86%D9%82%D8%AF%D9%8A%D8%A9-%D9%84%D9%85%D8%AA%D8%AC%D8%B1%D9%83-%D8%B9%D8%A8%D8%B1-%D8%A7%D9%84%D8%AD%D8%B3%D8%A7%D8%A8-%D8%A7%D9%84%D8%A8%D9%86%D9%83%D9%8A-%D8%A7%D9%84%D8%AA%D8%AC%D8%A7%D8%B1%D9%8A.html,485,,,,9,5
articles/إدارة-المخزون-والطلبات-في-متجرك-الإلكتروني-دليل-المبتدئين.html,https://www.ezhalhe-sa.com/articles/%D8%A5%D8%AF%D8%A7%D8%B1%D8%A9-%D8%A7%D9%84%D9%85%D8%AE%D8%B2%D9%88%D9%86-%D9%88%D8%A7%D9%84%D8%B7%D9%84%D8%A8%D8%A7%D8%AA-%D9%81%D9%8A-%D9%85%D8%AA%D8%AC%D8%B1%D9%83-%D8%A7%D9%84%D8%A5%D9%84%D9%83%D8%AA%D8%B1%D9%88%D9%86%D9%8A-%D8%AF%D9%84%D9%8A%D9%84-%D8%A7%D9%84%D9%85%D8%A8%D8%AA%D8%AF%D8%A6%D9%8A%D9%86.html,499,,,,9,5
articles/إدارة-خدمة-العملاء-عبر-التواصل-الاجتماعي-نصائح-لرضا-العميل.html,https://www.ezhalhe-sa.com/articles/%D8%A5%D8%AF%D8%A7%D8%B1%D8%A9-%D8%AE%D8%AF%D9%85%D8%A9-%D8%A7%D9%84%D8%B9%D9%85%D9%84%D8%A7%D8%A1-%D8%B9%D8%A8%D8%B1-%D8%A7%D9%84%D8%AA%D9%88%D8%A7%D8%B5%D9%84-%D8%A7%D9%84%D8%A7%D8%AC%D8%AA%D9%85%D8%A7%D8%B9%D9%8A-%D9%86%D8%B5%D8%A7%D8%A6%D8%AD-%D9%84%D8%B1%D8%B6%D8%A7-%D8%A7%D9%84%D8%B9%D9%85%D9%8A%D9%84.html,500,,,,9,5
articles/إعداد-حملات-إعادة-الاستهداف-retargeting-باستخدام-البكسلات.html,https://www.ezhalhe-sa.com/articles/%D8%A5%D8%B9%D8%AF%D8%A7%D8%AF-%D8%AD%D9%85%D9%84%D8%A7%D8%AA-%D8%A5%D8%B9%D8%A7%D8%AF%D8%A9-%D8%A7%D9%84%D8%A7%D8%B3%D8%AA%D9%87%D8%AF%D8%A7%D9%81-retargeting-%D8%A8%D8%A7%D8%B3%D8%AA%D8%AE%D8%AF%D8%A7%D9%85-%D8%A7%D9%84%D8%A8%D9%83%D8%B3%D9%84%D8%A7%D8%AA.html,491,,,,9,5
articles/اختيار-الدومين-المناسب-لمتجرك-الإلكتروني-نصائح-واستراتيجيات.html,https://www.ezhalhe-sa.com/articles/%D8%A7%D8%AE%D8%AA%D9%8A%D8%A7%D8%B1-%D8%A7%D9%84%D8%AF%D9%88%D9%85%D9%8A%D9%86-%D8%A7%D9%84%D9%85%D9%86%D8%A7%D8%B3%D8%A8-%D9%84%D9%85%D8%AA%D8%AC%D8%B1%D9%83-%D8%A7%D9%84%D8%A5%D9%84%D9%83%D8%AA%D8%B1%D9%88%D9%86%D9%8A-%D9%86%D8%B5%D8%A7%D8%A6%D8%AD-%D9%88%D8%A7%D8%B3%D8%AA%D8%B1%D8%A7%D8%AA%D9%8A%D8%AC%D9%8A%D8%A7%D8%AA.html,540,,,,9,5
articles/استخدام-linktree-أو-بدائله-لتحسين-الروابط-في-حسابات-التواصل-الاجتماعي.html,https://www.ezhalhe-sa.com/articles/%D8%A7%D8%B3%D8%AA%D8%AE%D8%AF%D8%A7%D9%85-linktree-%D8%A3%D9%88-%D8%A8%D8%AF%D8%A7%D8%A6%D9%84%D9%87-%D9%84%D8%AA%D8%AD%D8%B3%D9%8A%D9%86-%D8%A7%D9%84%D8%B1%D9%88%D8%A7%D8%A8%D8%B7-%D9%81%D9%8A-%D8%AD%D8%B3%D8%A7%D8%A8%D8%A7%D8%AA-%D8%A7%D9%84%D8%AA%D9%88%D8%A7%D8%B5%D9%84-%D8%A7%D9%84%D8%A7%D8%AC%D8%AA%D9%85%D8%A7%D8%B9%D9%8A.html,543,,,,9,5
articles/استخدام-واتساب-للأعمال-في-خدمة-العملاء-والتسويق-لمتجرك.html,https://www.ezhalhe-sa.com/articles/%D8%A7%D8%B3%D8%AA%D8%AE%D8%AF%D8%A7%D9%85-%D9%88%D8%A7%D8%AA%D8%B3%D8%A7%D8%A8-%D9%84%D9%84%D8%A3%D8%B9%D9%85%D8%A7%D9%84-%D9%81%D9%8A-%D8%AE%D8%AF%D9%85%D8%A9-%D8%A7%D9%84%D8%B9%D9%85%D9%84%D8%A7%D8%A1-%D9%88%D8%A7%D9%84%D8%AA%D8%B3%D9%88%D9%8A%D9%82-%D9%84%D9%85%D8%AA%D8%AC%D8%B1%D9%83.html,541,,,,9,5
articles/استراتيجيات-إدارة-حسابات-التواصل-الاجتماعي-لمتجرك-زيادة-التفاعل-والمبيعات.html,https://www.ezhalhe-sa.com/articles/%D8%A7%D8%B3%D8%AA%D8%B1%D8%A7%D8%AA%D9%8A%D8%AC%D9%8A%D8%A7%D8%AA-%D8%A5%D8%AF%D8%A7%D8%B1%D8%A9-%D8%AD%D8%B3%D8%A7%D8%A8%D8%A7%D8%AA-%D8%A7%D9%84%D8%AA%D9%88%D8%A7%D8%B5%D9%84-%D8%A7%D9%84%D8%A7%D8%AC%D8%AA%D9%85%D8%A7%D8%B9%D9%8A-%D9%84%D9%85%D8%AA%D8%AC%D8%B1%D9%83-%D8%B2%D9%8A%D8%A7%D8%AF%D8%A9-%D8%A7%D9%84%D8%AA%D9%81%D8%A7%D8%B9%D9%84-%D9%88%D8%A7%D9%84%D9%85%D8%A8%D9%8A%D8%B9%D8%A7%D8%AA.html,500,,,,9,5
articles/استراتيجيات-استهداف-الجمهور-في-الحملات-الإعلانية-لزيادة-المبيعات.html,https://www.ezhalhe-sa.com/articles/%D8%A7%D8%B3%D8%AA%D8%B1%D8%A7%D8%AA%D9%8A%D8%AC%D9%8A%D8%A7%D8%AA-%D8%A7%D8%B3%D8%AA%D9%87%D8%AF%D8%A7%D9%81-%D8%A7%D9%84%D8%AC%D9%85%D9%87%D9%88%D8%B1-%D9%81%D9%8A-%D8%A7%D9%84%D8%AD%D9%85%D9%84%D8%A7%D8%AA-%D8%A7%D9%84%D8%A5%D8%B9%D9%84%D8%A7%D9%86%D9%8A%D8%A9-%D9%84%D8%B2%D9%8A%D8%A7%D8%AF%D8%A9-%D8%A7%D9%84%D9%85%D8%A8%D9%8A%D8%B9%D8%A7%D8%AA.html,492,,,,9,5
articles/الأخطاء-الشائعة-في-إعداد-الحملات-الإعلانية-وكيفية-تجنبها.html,https://www.ezhalhe-sa.com/articles/%D8%A7%D9%84%D8%A3%D8%AE%D8%B7%D8%A7%D8%A1-%D8%A7%D9%84%D8%B4%D8%A7%D8%A6%D8%B9%D8%A9-%D9%81%D9%8A-%D8%A5%D8%B9%D8%AF%D8%A7%D8%AF-%D8%A7%D9%84%D8%AD%D9%85%D9%84%D8%A7%D8%AA-%D8%A7%D9%84%D8%A5%D8%B9%D9%84%D8%A7%D9%86%D9%8A%D8%A9-%D9%88%D9%83%D9%8A%D9%81%D9%8A%D8%A9-%D8%AA%D8%AC%D9%86%D8%A8%D9%87%D8%A7.html,492,,,,9,5
articles/التحديات-الشائعة-في-إدارة-المتاجر-الإلكترونية-وحلولها.html,https://www.ezhalhe-sa.com/articles/%D8%A7%D9%84%D8%AA%D8%AD%D8%AF%D9%8A%D8%A7%D8%AA-%D8%A7%D9%84%D8%B4%D8%A7%D8%A6%D8%B9%D8%A9-%D9%81%D9%8A-%D8%A5%D8%AF%D8%A7%D8%B1%D8%A9-%D8%A7%D9%84%D9%85%D8%AA%D8%A7%D8%AC%D8%B1-%D8%A7%D9%84%D8%A5%D9%84%D9%83%D8%AA%D8%B1%D9%88%D9%86%D9%8A%D8%A9-%D9%88%D8%AD%D9%84%D9%88%D9%84%D9%87%D8%A7.html,498,,,,9,5
articles/التحديات-الشائعة-في-تفعيل-تابي-وتمارا-وكيفية-تجاوزها.html,https://www.ezhalhe-sa.com/articles/%D8%A7%D9%84%D8%AA%D8%AD%D8%AF%D9%8A%D8%A7%D8%AA-%D8%A7%D9%84%D8%B4%D8%A7%D8%A6%D8%B9%D8%A9-%D9%81%D9%8A-%D8%AA%D9%81%D8%B9%D9%8A%D9%84-%D8%AA%D8%A7%D8%A8%D9%8A-%D9%88%D8%AA%D9%85%D8%A7%D8%B1%D8%A7-%D9%88%D9%83%D9%8A%D9%81%D9%8A%D8%A9-%D8%AA%D8%AC%D8%A7%D9%88%D8%B2%D9%87%D8%A7.html,478,,,,9,5
articles/الخدمات-الأساسية-المتكاملة-لنجاح-متجرك-الإلكتروني-قائمة-مرجعية.html,https://www.ezhalhe-sa.com/articles/%D8%A7%D9%84%D8%AE%D8%AF%D9%85%D8%A7%D8%AA-%D8%A7%D9%84%D8%A3%D8%B3%D8%A7%D8%B3%D9%8A%D8%A9-%D8%A7%D9%84%D9%85%D8%AA%D9%83%D8%A7%D9%85%D9%84%D8%A9-%D9%84%D9%86%D8%AC%D8%A7%D8%AD-%D9%85%D8%AA%D8%AC%D8%B1%D9%83-%D8%A7%D9%84%D8%A5%D9%84%D9%83%D8%AA%D8%B1%D9%88%D9%86%D9%8A-%D9%82%D8%A7%D8%A6%D9%85%D8%A9-%D9%85%D8%B1%D8%AC%D8%B9%D9%8A%D8%A9.html,541,,,,9,5
articles/الخدمات-المصرفية-الرقمية-المتاحة-لأصحاب-المتاجر-في-الراجحي-والإنماء.html,https://www.ezhalhe-sa.com/articles/%D8%A7%D9%84%D8%AE%D8%AF%D9%85%D8%A7%D8%AA-%D8%A7%D9%84%D9%85%D8%B5%D8%B1%D9%81%D9%8A%D8%A9-%D8%A7%D9%84%D8%B1%D9%82%D9%85%D9%8A%D8%A9-%D8%A7%D9%84%D9%85%D8%AA%D8%A7%D8%AD%D8%A9-%D9%84%D8%A3%D8%B5%D8%AD%D8%A7%D8%A8-%D8%A7%D9%84%D9%85%D8%AA%D8%A7%D8%AC%D8%B1-%D9%81%D9%8A-%D8%A7%D9%84%D8%B1%D8%A7%D8%AC%D8%AD%D9%8A-%D9%88%D8%A7%D9%84%D8%A5%D9%86%D9%85%D8%A7%D8%A1.html,486,,,,9,5
articles/الخطوات-الأساسية-لربط-متجرك-الإلكتروني-بمنصة-الأعمال.html,https://www.ezhalhe-sa.com/articles/%D8%A7%D9%84%D8%AE%D8%B7%D9%88%D8%A7%D8%AA-%D8%A7%D9%84%D8%A3%D8%B3%D8%A7%D8%B3%D9%8A%D8%A9-%D9%84%D8%B1%D8%A8%D8%B7-%D9%85%D8%AA%D8%AC%D8%B1%D9%83-%D8%A7%D9%84%D8%A5%D9%84%D9%83%D8%AA%D8%B1%D9%88%D9%86%D9%8A-%D8%A8%D9%85%D9%86%D8%B5%D8%A9-%D8%A7%D9%84%D8%A3%D8%B9%D9%85%D8%A7%D9%84.html,470,,,,9,5
articles/الخطوات-التفصيلية-لاستخراج-وثيقة-العمل-الحر-عبر-الإنترنت.html,https://www.ezhalhe-sa.com/articles/%D8%A7%D9%84%D8%AE%D8%B7%D9%88%D8%A7%D8%AA-%D8%A7%D9%84%D8%AA%D9%81%D8%B5%D9%8A%D9%84%D9%8A%D8%A9-%D9%84%D8%A7%D8%B3%D8%AA%D8%AE%D8%B1%D8%A7%D8%AC-%D9%88%D8%AB%D9%8A%D9%82%D8%A9-%D8%A7%D9%84%D8%B9%D9%85%D9%84-%D8%A7%D9%84%D8%AD%D8%B1-%D8%B9%D8%A8%D8%B1-%D8%A7%D9%84%D8%A5%D9%86%D8%AA%D8%B1%D9%86%D8%AA.html,478,,,,9,5
articles/الخطوات-التفصيلية-لتوثيق-المتجر-في-منصة-سلة-بنجاح.html,https://www.ezhalhe-sa.com/articles/%D8%A7%D9%84%D8%AE%D8%B7%D9%88%D8%A7%D8%AA-%D8%A7%D9%84%D8%AA%D9%81%D8%B5%D9%8A%D9%84%D9%8A%D8%A9-%D9%84%D8%AA%D9%88%D8%AB%D9%8A%D9%82-%D8%A7%D9%84%D9%85%D8%AA%D8%AC%D8%B1-%D9%81%D9%8A-%D9%85%D9%86%D8%B5%D8%A9-%D8%B3%D9%84%D8%A9-%D8%A8%D9%86%D8%AC%D8%A7%D8%AD.html,478,,,,9,5
articles/الخطوات-التفصيلية-لربط-خدمة-تمارا-بمتجرك-الإلكتروني-على-سلة-أو-زد.html,https://www.ezhalhe-sa.com/articles/%D8%A7%D9%84%D8%AE%D8%B7%D9%88%D8%A7%D8%AA-%D8%A7%D9%84%D8%AA%D9%81%D8%B5%D9%8A%D9%84%D9%8A%D8%A9-%D9%84%D8%B1%D8%A8%D8%B7-%D8%AE%D8%AF%D9%85%D8%A9-%D8%AA%D9%85%D8%A7%D8%B1%D8%A7-%D8%A8%D9%85%D8%AA%D8%AC%D8%B1%D9%83-%D8%A7%D9%84%D8%A5%D9%84%D9%83%D8%AA%D8%B1%D9%88%D9%86%D9%8A-%D8%B9%D9%84%D9%89-%D8%B3%D9%84%D8%A9-%D8%A3%D9%88-%D8%B2%D8%AF.html,481,,,,9,5
articles/الدليل-الشامل-لإعداد-وربط-البكسلات-التحويلية-فيسبوك-سناب-شات-تيك-توك.html,https://www.ezhalhe-sa.com/articles/%D8%A7%D9%84%D8%AF%D9%84%D9%8A%D9%84-%D8%A7%D9%84%D8%B4%D8%A7%D9%85%D9%84-%D9%84%D8%A5%D8%B9%D8%AF%D8%A7%D8%AF-%D9%88%D8%B1%D8%A8%D8%B7-%D8%A7%D9%84%D8%A8%D9%83%D8%B3%D9%84%D8%A7%D8%AA-%D8%A7%D9%84%D8%AA%D8%AD%D9%88%D9%8A%D9%84%D9%8A%D8%A9-%D9%81%D9%8A%D8%B3%D8%A8%D9%88%D9%83-%D8%B3%D9%86%D8%A7%D8%A8-%D8%B4%D8%A7%D8%AA-%D8%AA%D9%8A%D9%83-%D8%AA%D9%88%D9%83.html,495,,,,9,5
articles/الرسوم-والعمولات-مقارنة-تكاليف-استخدام-ميس-مدفوع-وإمكان.html,https://www.ezhalhe-sa.com/articles/%D8%A7%D9%84%D8%B1%D8%B3%D9%88%D9%85-%D9%88%D8%A7%D9%84%D8%B9%D9%85%D9%88%D9%84%D8%A7%D8%AA-%D9%85%D9%82%D8%A7%D8%B1%D9%86%D8%A9-%D8%AA%D9%83%D8%A7%D9%84%D9%8A%D9%81-%D8%A7%D8%B3%D8%AA%D8%AE%D8%AF%D8%A7%D9%85-%D9%85%D9%8A%D8%B3-%D9%85%D8%AF%D9%81%D9%88%D8%B9-%D9%88%D8%A5%D9%85%D9%83%D8%A7%D9%86.html,485,,,,9,5
articles/الشروط-والمتطلبات-الأساسية-لاستخراج-وثيقة-العمل-الحر.html,https://www.ezhalhe-sa.com/articles/%D8%A7%D9%84%D8%B4%D8%B1%D9%88%D8%B7-%D9%88%D8%A7%D9%84%D9%85%D8%AA%D8%B7%D9%84%D8%A8%D8%A7%D8%AA-%D8%A7%D9%84%D8%A3%D8%B3%D8%A7%D8%B3%D9%8A%D8%A9-%D9%84%D8%A7%D8%B3%D8%AA%D8%AE%D8%B1%D8%A7%D8%AC-%D9%88%D8%AB%D9%8A%D9%82%D8%A9-%D8%A7%D9%84%D8%B9%D9%85%D9%84-%D8%A7%D9%84%D8%AD%D8%B1.html,477,,,,9,5
articles/الشروط-والمتطلبات-الأساسية-لتفعيل-تابي-للأعمال.html,https://www.ezhalhe-sa.com/articles/%D8%A7%D9%84%D8%B4%D8%B1%D9%88%D8%B7-%D9%88%D8%A7%D9%84%D9%85%D8%AA%D8%B7%D9%84%D8%A8%D8%A7%D8%AA-%D8%A7%D9%84%D8%A3%D8%B3%D8%A7%D8%B3%D9%8A%D8%A9-%D9%84%D8%AA%D9%81%D8%B9%D9%8A%D9%84-%D8%AA%D8%A7%D8%A8%D9%8A-%D9%84%D9%84%D8%A3%D8%B9%D9%85%D8%A7%D9%84.html,476,,,,9,5
articles/الشروط-والمتطلبات-الفنية-لتفعيل-بوابات-الدفع-الإلكتروني.html,https://www.ezhalhe-sa.com/articles/%D8%A7%D9%84%D8%B4%D8%B1%D9%88%D8%B7-%D9%88%D8%A7%D9%84%D9%85%D8%AA%D8%B7%D9%84%D8%A8%D8%A7%D8%AA-%D8%A7%D9%84%D9%81%D9%86%D9%8A%D8%A9-%D9%84%D8%AA%D9%81%D8%B9%D9%8A%D9%84-%D8%A8%D9%88%D8%A7%D8%A8%D8%A7%D8%AA-%D8%A7%D9%84%D8%AF%D9%81%D8%B9-%D8%A7%D9%84%D8%A5%D9%84%D9%83%D8%AA%D8%B1%D9%88%D9%86%D9%8A.html,484,,,,9,5
articles/العلاقة-بين-توثيق-منصة-الأعمال-وتفعيل-بوابات-الدفع-الإلكتروني.html,https://www.ezhalhe-sa.com/articles/%D8%A7%D9%84%D8%B9%D9%84%D8%A7%D9%82%D8%A9-%D8%A8%D9%8A%D9%86-%D8%AA%D9%88%D8%AB%D9%8A%D9%82-%D9%85%D9%86%D8%B5%D8%A9-%D8%A7%D9%84%D8%A3%D8%B9%D9%85%D8%A7%D9%84-%D9%88%D8%AA%D9%81%D8%B9%D9%8A%D9%84-%D8%A8%D9%88%D8%A7%D8%A8%D8%A7%D8%AA-%D8%A7%D9%84%D8%AF%D9%81%D8%B9-%D8%A7%D9%84%D8%A5%D9%84%D9%83%D8%AA%D8%B1%D9%88%D9%86%D9%8A.html,472,,,,9,5
articles/العلاقة-بين-وثيقة-العمل-الحر-وتوثيق-المتجر-في-سلة.html,https://www.ezhalhe-sa.com/articles/%D8%A7%D9%84%D8%B9%D9%84%D8%A7%D9%82%D8%A9-%D8%A8%D9%8A%D9%86-%D9%88%D8%AB%D9%8A%D9%82%D8%A9-%D8%A7%D9%84%D8%B9%D9%85%D9%84-%D8%A7%D9%84%D8%AD%D8%B1-%D9%88%D8%AA%D9%88%D8%AB%D9%8A%D9%82-%D8%A7%D9%84%D9%85%D8%AA%D8%AC%D8%B1-%D9%81%D9%8A-%D8%B3%D9%84%D8%A9.html,479,,,,9,5
articles/الفرق-بين-الحساب-البنكي-الشخصي-والحساب-البنكي-التجاري-للمتجر.html,https://www.ezhalhe-sa.com/articles/%D8%A7%D9%84%D9%81%D8%B1%D9%82-%D8%A8%D9%8A%D9%86-%D8%A7%D9%84%D8%AD%D8%B3%D8%A7%D8%A8-%D8%A7%D9%84%D8%A8%D9%86%D9%83%D9%8A-%D8%A7%D9%84%D8%B4%D8%AE%D8%B5%D9%8A-%D9%88%D8%A7%D9%84%D8%AD%D8%B3%D8%A7%D8%A8-%D8%A7%D9%84%D8%A8%D9%86%D9%83%D9%8A-%D8%A7%D9%84%D8%AA%D8%AC%D8%A7%D8%B1%D9%8A-%D9%84%D9%84%D9%85%D8%AA%D8%AC%D8%B1.html,486,,,,9,5
articles/الفرق-بين-وثيقة-العمل-الحر-والسجل-التجاري-للمتجر-الإلكتروني.html,https://www.ezhalhe-sa.com/articles/%D8%A7%D9%84%D9%81%D8%B1%D9%82-%D8%A8%D9%8A%D9%86-%D9%88%D8%AB%D9%8A%D9%82%D8%A9-%D8%A7%D9%84%D8%B9%D9%85%D9%84-%D8%A7%D9%84%D8%AD%D8%B1-%D9%88%D8%A7%D9%84%D8%B3%D8%AC%D9%84-%D8%A7%D9%84%D8%AA%D8%AC%D8%A7%D8%B1%D9%8A-%D9%84%D9%84%D9%85%D8%AA%D8%AC%D8%B1-%D8%A7%D9%84%D8%A5%D9%84%D9%83%D8%AA%D8%B1%D9%88%D9%86%D9%8A.html,479,,,,9,5
articles/الفوائد-الأمنية-لتوثيق-متجرك-عبر-منصة-الأعمال.html,https://www.ezhalhe-sa.com/articles/%D8%A7%D9%84%D9%81%D9%88%D8%A7%D8%A6%D8%AF-%D8%A7%D9%84%D8%A3%D9%85%D9%86%D9%8A%D8%A9-%D9%84%D8%AA%D9%88%D8%AB%D9%8A%D9%82-%D9%85%D8%AA%D8%AC%D8%B1%D9%83-%D8%B9%D8%A8%D8%B1-%D9%85%D9%86%D8%B5%D8%A9-%D8%A7%D9%84%D8%A3%D8%B9%D9%85%D8%A7%D9%84.html,470,,,,9,5
articles/الفوائد-القانونية-والتجارية-لتوثيق-متجرك-الإلكتروني.html,https://www.ezhalhe-sa.com/articles/%D8%A7%D9%84%D9%81%D9%88%D8%A7%D8%A6%D8%AF-%D8%A7%D9%84%D9%82%D8%A7%D9%86%D9%88%D9%86%D9%8A%D8%A9-%D9%88%D8%A7%D9%84%D8%AA%D8%AC%D8%A7%D8%B1%D9%8A%D8%A9-%D9%84%D8%AA%D9%88%D8%AB%D9%8A%D9%82-%D9%85%D8%AA%D8%AC%D8%B1%D9%83-%D8%A7%D9%84%D8%A5%D9%84%D9%83%D8%AA%D8%B1%D9%88%D9%86%D9%8A.html,476,,,,9,5
articles/المدة-الزمنية-المتوقعة-لإنهاء-إجراءات-توثيق-متجر-سلة.html,https://www.ezhalhe-sa.com/articles/%D8%A7%D9%84%D9%85%D8%AF%D8%A9-%D8%A7%D9%84%D8%B2%D9%85%D9%86%D9%8A%D8%A9-%D8%A7%D9%84%D9%85%D8%AA%D9%88%D9%82%D8%B9%D8%A9-%D9%84%D8%A5%D9%86%D9%87%D8%A7%D8%A1-%D8%A5%D8%AC%D8%B1%D8%A7%D8%A1%D8%A7%D8%AA-%D8%AA%D9%88%D8%AB%D9%8A%D9%82-%D9%85%D8%AA%D8%AC%D8%B1-%D8%B3%D9%84%D8%A9.html,478,,,,9,5
articles/المزايا-والحوافز-التي-تقدمها-وثيقة-العمل-الحر-لحامليها.html,https://www.ezhalhe-sa.com/articles/%D8%A7%D9%84%D9%85%D8%B2%D8%A7%D9%8A%D8%A7-%D9%88%D8%A7%D9%84%D8%AD%D9%88%D8%A7%D9%81%D8%B2-%D8%A7%D9%84%D8%AA%D9%8A-%D8%AA%D9%82%D8%AF%D9%85%D9%87%D8%A7-%D9%88%D8%AB%D9%8A%D9%82%D8%A9-%D8%A7%D9%84%D8%B9%D9%85%D9%84-%D8%A7%D9%84%D8%AD%D8%B1-%D9%84%D8%AD%D8%A7%D9%85%D9%84%D9%8A%D9%87%D8%A7.html,478,,,,9,5
articles/الوثائق-المطلوبة-لتوثيق-متجر-إلكتروني-في-منصة-الأعمال.html,https://www.ezhalhe-sa.com/articles/%D8%A7%D9%84%D9%88%D8%AB%D8%A7%D8%A6%D9%82-%D8%A7%D9%84%D9%85%D8%B7%D9%84%D9%88%D8%A8%D8%A9-%D9%84%D8%AA%D9%88%D8%AB%D9%8A%D9%82-%D9%85%D8%AA%D8%AC%D8%B1-%D8%A5%D9%84%D9%83%D8%AA%D8%B1%D9%88%D9%86%D9%8A-%D9%81%D9%8A-%D9%85%D9%86%D8%B5%D8%A9-%D8%A7%D9%84%D8%A3%D8%B9%D9%85%D8%A7%D9%84.html,471,,,,9,5
articles/الوثائق-المطلوبة-لفتح-حساب-بنكي-للأعمال-في-المملكة-العربية-السعودية.html,https://www.ezhalhe-sa.com/articles/%D8%A7%D9%84%D9%88%D8%AB%D8%A7%D8%A6%D9%82-%D8%A7%D9%84%D9%85%D8%B7%D9%84%D9%88%D8%A8%D8%A9-%D9%84%D9%81%D8%AA%D8%AD-%D8%AD%D8%B3%D8%A7%D8%A8-%D8%A8%D9%86%D9%83%D9%8A-%D9%84%D9%84%D8%A3%D8%B9%D9%85%D8%A7%D9%84-%D9%81%D9%8A-%D8%A7%D9%84%D9%85%D9%85%D9%84%D9%83%D8%A9-%D8%A7%D9%84%D8%B9%D8%B1%D8%A8%D9%8A%D8%A9-%D8%A7%D9%84%D8%B3%D8%B9%D9%88%D8%AF%D9%8A%D8%A9.html,487,,,,9,5
articles/الوثائق-والمتطلبات-الأساسية-لعملية-توثيق-متجر-سلة.html,https://www.ezhalhe-sa.com/articles/%D8%A7%D9%84%D9%88%D8%AB%D8%A7%D8%A6%D9%82-%D9%88%D8%A7%D9%84%D9%85%D8%AA%D8%B7%D9%84%D8%A8%D8%A7%D8%AA-%D8%A7%D9%84%D8%A3%D8%B3%D8%A7%D8%B3%D9%8A%D8%A9-%D9%84%D8%B9%D9%85%D9%84%D9%8A%D8%A9-%D8%AA%D9%88%D8%AB%D9%8A%D9%82-%D9%85%D8%AA%D8%AC%D8%B1-%D8%B3%D9%84%D8%A9.html,477,,,,9,5
articles/بناء-مجتمع-حول-متجرك-الإلكتروني-عبر-استراتيجيات-التواصل-الاجتماعي.html,https://www.ezhalhe-sa.com/articles/%D8%A8%D9%86%D8%A7%D8%A1-%D9%85%D8%AC%D8%AA%D9%85%D8%B9-%D8%AD%D9%88%D9%84-%D9%85%D8%AA%D8%AC%D8%B1%D9%83-%D8%A7%D9%84%D8%A5%D9%84%D9%83%D8%AA%D8%B1%D9%88%D9%86%D9%8A-%D8%B9%D8%A8%D8%B1-%D8%A7%D8%B3%D8%AA%D8%B1%D8%A7%D8%AA%D9%8A%D8%AC%D9%8A%D8%A7%D8%AA-%D8%A7%D9%84%D8%AA%D9%88%D8%A7%D8%B5%D9%84-%D8%A7%D9%84%D8%A7%D8%AC%D8%AA%D9%85%D8%A7%D8%B9%D9%8A.html,500,,,,9,5
articles/بوابات-الدفع-وتأثيرها-على-تجربة-المستخدم-ومعدل-التحويل.html,https://www.ezhalhe-sa.com/articles/%D8%A8%D9%88%D8%A7%D8%A8%D8%A7%D8%AA-%D8%A7%D9%84%D8%AF%D9%81%D8%B9-%D9%88%D8%AA%D8%A3%D8%AB%D9%8A%D8%B1%D9%87%D8%A7-%D8%B9%D9%84%D9%89-%D8%AA%D8%AC%D8%B1%D8%A8%D8%A9-%D8%A7%D9%84%D9%85%D8%B3%D8%AA%D8%AE%D8%AF%D9%85-%D9%88%D9%85%D8%B9%D8%AF%D9%84-%D8%A7%D9%84%D8%AA%D8%AD%D9%88%D9%8A%D9%84.html,485,,,,9,5
articles/تابي-وتمارا-مقارنة-بين-المزايا-والرسوم-لأصحاب-المتاجر.html,https://www.ezhalhe-sa.com/articles/%D8%AA%D8%A7%D8%A8%D9%8A-%D9%88%D8%AA%D9%85%D8%A7%D8%B1%D8%A7-%D9%85%D9%82%D8%A7%D8%B1%D9%86%D8%A9-%D8%A8%D9%8A%D9%86-%D8%A7%D9%84%D9%85%D8%B2%D8%A7%D9%8A%D8%A7-%D9%88%D8%A7%D9%84%D8%B1%D8%B3%D9%88%D9%85-%D9%84%D8%A3%D8%B5%D8%AD%D8%A7%D8%A8-%D8%A7%D9%84%D9%85%D8%AA%D8%A7%D8%AC%D8%B1.html,478,,,,9,5
articles/تجربة-العميل-مع-الدفع-الآجل-نصائح-لتحسينها.html,https://www.ezhalhe-sa.com/articles/%D8%AA%D8%AC%D8%B1%D8%A8%D8%A9-%D8%A7%D9%84%D8%B9%D9%85%D9%8A%D9%84-%D9%85%D8%B9-%D8%A7%D9%84%D8%AF%D9%81%D8%B9-%D8%A7%D9%84%D8%A2%D8%AC%D9%84-%D9%86%D8%B5%D8%A7%D8%A6%D8%AD-%D9%84%D8%AA%D8%AD%D8%B3%D9%8A%D9%86%D9%87%D8%A7.html,477,,,,9,5
articles/تحسين-seo-للمتاجر-الإلكترونية-على-سلة-دليل-شامل-للبداية.html,https://www.ezhalhe-sa.com/articles/%D8%AA%D8%AD%D8%B3%D9%8A%D9%86-seo-%D9%84%D9%84%D9%85%D8%AA%D8%A7%D8%AC%D8%B1-%D8%A7%D9%84%D8%A5%D9%84%D9%83%D8%AA%D8%B1%D9%88%D9%86%D9%8A%D8%A9-%D8%B9%D9%84%D9%89-%D8%B3%D9%84%D8%A9-%D8%AF%D9%84%D9%8A%D9%84-%D8%B4%D8%A7%D9%85%D9%84-%D9%84%D9%84%D8%A8%D8%AF%D8%A7%D9%8A%D8%A9.html,542,,,,9,5
articles/تحسين-إعلاناتك-باستخدام-بيانات-البكسلات-دليل-متقدم.html,https://www.ezhalhe-sa.com/articles/%D8%AA%D8%AD%D8%B3%D9%8A%D9%86-%D8%A5%D8%B9%D9%84%D8%A7%D9%86%D8%A7%D8%AA%D9%83-%D8%A8%D8%A7%D8%B3%D8%AA%D8%AE%D8%AF%D8%A7%D9%85-%D8%A8%D9%8A%D8%A7%D9%86%D8%A7%D8%AA-%D8%A7%D9%84%D8%A8%D9%83%D8%B3%D9%84%D8%A7%D8%AA-%D8%AF%D9%84%D9%8A%D9%84-%D9%85%D8%AA%D9%82%D8%AF%D9%85.html,491,,,,9,5
articles/تحليل-أداء-المتجر-وحسابات-التواصل-الاجتماعي-مؤشرات-الأداء-الرئيسية-kpis.html,https://www.ezhalhe-sa.com/articles/%D8%AA%D8%AD%D9%84%D9%8A%D9%84-%D8%A3%D8%AF%D8%A7%D8%A1-%D8%A7%D9%84%D9%85%D8%AA%D8%AC%D8%B1-%D9%88%D8%AD%D8%B3%D8%A7%D8%A8%D8%A7%D8%AA-%D8%A7%D9%84%D8%AA%D9%88%D8%A7%D8%B5%D9%84-%D8%A7%D9%84%D8%A7%D8%AC%D8%AA%D9%85%D8%A7%D8%B9%D9%8A-%D9%85%D8%A4%D8%B4%D8%B1%D8%A7%D8%AA-%D8%A7%D9%84%D8%A3%D8%AF%D8%A7%D8%A1-%D8%A7%D9%84%D8%B1%D8%A6%D9%8A%D8%B3%D9%8A%D8%A9-kpis.html,501,,,,9,5
articles/تدريب-سلة-كيف-تتقن-إدارة-متجرك-وتحقق-أقصى-استفادة-من-المنصة.html,https://www.ezhalhe-sa.com/articles/%D8%AA%D8%AF%D8%B1%D9%8A%D8%A8-%D8%B3%D9%84%D8%A9-%D9%83%D9%8A%D9%81-%D8%AA%D8%AA%D9%82%D9%86-%D8%A5%D8%AF%D8%A7%D8%B1%D8%A9-%D9%85%D8%AA%D8%AC%D8%B1%D9%83-%D9%88%D8%AA%D8%AD%D9%82%D9%82-%D8%A3%D9%82%D8%B5%D9%89-%D8%A7%D8%B3%D8%AA%D9%81%D8%A7%D8%AF%D8%A9-%D9%85%D9%86-%D8%A7%D9%84%D9%85%D9%86%D8%B5%D8%A9.html,544,,,,9,5
articles/تصميم-تجربة-المستخدم-ux-في-متجرك-الإلكتروني-خطوات-التنفيذ.html,https://www.ezhalhe-sa.com/articles/%D8%AA%D8%B5%D9%85%D9%8A%D9%85-%D8%AA%D8%AC%D8%B1%D8%A8%D8%A9-%D8%A7%D9%84%D9%85%D8%B3%D8%AA%D8%AE%D8%AF%D9%85-ux-%D9%81%D9%8A-%D9%85%D8%AA%D8%AC%D8%B1%D9%83-%D8%A7%D9%84%D8%A5%D9%84%D9%83%D8%AA%D8%B1%D9%88%D9%86%D9%8A-%D8%AE%D8%B7%D9%88%D8%A7%D8%AA-%D8%A7%D9%84%D8%AA%D9%86%D9%81%D9%8A%D8%B0.html,486,,,,9,5
articles/تصميم-متجر-إلكتروني-متوافق-مع-الجوال-mobile-first-design-على-زد.html,https://www.ezhalhe-sa.com/articles/%D8%AA%D8%B5%D9%85%D9%8A%D9%85-%D9%85%D8%AA%D8%AC%D8%B1-%D8%A5%D9%84%D9%83%D8%AA%D8%B1%D9%88%D9%86%D9%8A-%D9%85%D8%AA%D9%88%D8%A7%D9%81%D9%82-%D9%85%D8%B9-%D8%A7%D9%84%D8%AC%D9%88%D8%A7%D9%84-mobile-first-design-%D8%B9%D9%84%D9%89-%D8%B2%D8%AF.html,488,,,,9,5
articles/تصميم-متجر-احترافي-استراتيجيات-لتمييز-متجرك-عن-المنافسين.html,https://www.ezhalhe-sa.com/articles/%D8%AA%D8%B5%D9%85%D9%8A%D9%85-%D9%85%D8%AA%D8%AC%D8%B1-%D8%A7%D8%AD%D8%AA%D8%B1%D8%A7%D9%81%D9%8A-%D8%A7%D8%B3%D8%AA%D8%B1%D8%A7%D8%AA%D9%8A%D8%AC%D9%8A%D8%A7%D8%AA-%D9%84%D8%AA%D9%85%D9%8A%D9%8A%D8%B2-%D9%85%D8%AA%D8%AC%D8%B1%D9%83-%D8%B9%D9%86-%D8%A7%D9%84%D9%85%D9%86%D8%A7%D9%81%D8%B3%D9%8A%D9%86.html,485,,,,9,5
articles/تفعيل-بكسلات-التحويل-فيسبوك-سناب-شات-لتحسين-الحملات-الإعلانية.html,https://www.ezhalhe-sa.com/articles/%D8%AA%D9%81%D8%B9%D9%8A%D9%84-%D8%A8%D9%83%D8%B3%D9%84%D8%A7%D8%AA-%D8%A7%D9%84%D8%AA%D8%AD%D9%88%D9%8A%D9%84-%D9%81%D9%8A%D8%B3%D8%A8%D9%88%D9%83-%D8%B3%D9%86%D8%A7%D8%A8-%D8%B4%D8%A7%D8%AA-%D9%84%D8%AA%D8%AD%D8%B3%D9%8A%D9%86-%D8%A7%D9%84%D8%AD%D9%85%D9%84%D8%A7%D8%AA-%D8%A7%D9%84%D8%A5%D8%B9%D9%84%D8%A7%D9%86%D9%8A%D8%A9.html,542,,,,9,5
articles/تفعيل-تابي-وتمارا-دليل-للامتثال-لشروط-الخدمة.html,https://www.ezhalhe-sa.com/articles/%D8%AA%D9%81%D8%B9%D9%8A%D9%84-%D8%AA%D8%A7%D8%A8%D9%8A-%D9%88%D8%AA%D9%85%D8%A7%D8%B1%D8%A7-%D8%AF%D9%84%D9%8A%D9%84-%D9%84%D9%84%D8%A7%D9%85%D8%AA%D8%AB%D8%A7%D9%84-%D9%84%D8%B4%D8%B1%D9%88%D8%B7-%D8%A7%D9%84%D8%AE%D8%AF%D9%85%D8%A9.html,477,,,,9,5
articles/توثيق-المتجر-الاحترافي-متطلبات-إضافية-لزيادة-الموثوقية.html,https://www.ezhalhe-sa.com/articles/%D8%AA%D9%88%D8%AB%D9%8A%D9%82-%D8%A7%D9%84%D9%85%D8%AA%D8%AC%D8%B1-%D8%A7%D9%84%D8%A7%D8%AD%D8%AA%D8%B1%D8%A7%D9%81%D9%8A-%D9%85%D8%AA%D8%B7%D9%84%D8%A8%D8%A7%D8%AA-%D8%A5%D8%B6%D8%A7%D9%81%D9%8A%D8%A9-%D9%84%D8%B2%D9%8A%D8%A7%D8%AF%D8%A9-%D8%A7%D9%84%D9%85%D9%88%D8%AB%D9%88%D9%82%D9%8A%D8%A9.html,477,,,,9,5
articles/توثيق-المتجر-في-سلة-دليل-لتجنب-الأخطاء-الشائعة.html,https://www.ezhalhe-sa.com/articles/%D8%AA%D9%88%D8%AB%D9%8A%D9%82-%D8%A7%D9%84%D9%85%D8%AA%D8%AC%D8%B1-%D9%81%D9%8A-%D8%B3%D9%84%D8%A9-%D8%AF%D9%84%D9%8A%D9%84-%D9%84%D8%AA%D8%AC%D9%86%D8%A8-%D8%A7%D9%84%D8%A3%D8%AE%D8%B7%D8%A7%D8%A1-%D8%A7%D9%84%D8%B4%D8%A7%D8%A6%D8%B9%D8%A9.html,478,,,,9,5
articles/توثيق-منصة-الأعمال-دليل-لتجنب-الرفض-وتسريع-الإجراءات.html,https://www.ezhalhe-sa.com/articles/%D8%AA%D9%88%D8%AB%D9%8A%D9%82-%D9%85%D9%86%D8%B5%D8%A9-%D8%A7%D9%84%D8%A3%D8%B9%D9%85%D8%A7%D9%84-%D8%AF%D9%84%D9%8A%D9%84-%D9%84%D8%AA%D8%AC%D9%86%D8%A8-%D8%A7%D9%84%D8%B1%D9%81%D8%B6-%D9%88%D8%AA%D8%B3%D8%B1%D9%8A%D8%B9-%D8%A7%D9%84%D8%A5%D8%AC%D8%B1%D8%A7%D8%A1%D8%A7%D8%AA.html,471,,,,9,5
articles/توثيق-منصة-الأعمال-ضمان-حقوق-التاجر-والمستهلك.html,https://www.ezhalhe-sa.com/articles/%D8%AA%D9%88%D8%AB%D9%8A%D9%82-%D9%85%D9%86%D8%B5%D8%A9-%D8%A7%D9%84%D8%A3%D8%B9%D9%85%D8%A7%D9%84-%D8%B6%D9%85%D8%A7%D9%86-%D8%AD%D9%82%D9%88%D9%82-%D8%A7%D9%84%D8%AA%D8%A7%D8%AC%D8%B1-%D9%88%D8%A7%D9%84%D9%85%D8%B3%D8%AA%D9%87%D9%84%D9%83.html,470,,,,9,5
articles/حلول-الدفع-الآمنة-كيف-تحمي-متجرك-وعملائك.html,https://www.ezhalhe-sa.com/articles/%D8%AD%D9%84%D9%88%D9%84-%D8%A7%D9%84%D8%AF%D9%81%D8%B9-%D8%A7%D9%84%D8%A2%D9%85%D9%86%D8%A9-%D9%83%D9%8A%D9%81-%D8%AA%D8%AD%D9%85%D9%8A-%D9%85%D8%AA%D8%AC%D8%B1%D9%83-%D9%88%D8%B9%D9%85%D9%84%D8%A7%D8%A6%D9%83.html,484,,,,9,5
articles/خدمات-الإدارة-الاحترافية-للحملات-الإعلانية-تحقيق-أفضل-النتائج.html,https://www.ezhalhe-sa.com/articles/%D8%AE%D8%AF%D9%85%D8%A7%D8%AA-%D8%A7%D9%84%D8%A5%D8%AF%D8%A7%D8%B1%D8%A9-%D8%A7%D9%84%D8%A7%D8%AD%D8%AA%D8%B1%D8%A7%D9%81%D9%8A%D8%A9-%D9%84%D9%84%D8%AD%D9%85%D9%84%D8%A7%D8%AA-%D8%A7%D9%84%D8%A5%D8%B9%D9%84%D8%A7%D9%86%D9%8A%D8%A9-%D8%AA%D8%AD%D9%82%D9%8A%D9%82-%D8%A3%D9%81%D8%B6%D9%84-%D8%A7%D9%84%D9%86%D8%AA%D8%A7%D8%A6%D8%AC.html,492,,,,9,5
articles/خدمات-الإدارة-المتكاملة-للمتجر-والتسويق-الرقمي-ما-الذي-تقدمه.html,https://www.ezhalhe-sa.com/articles/%D8%AE%D8%AF%D9%85%D8%A7%D8%AA-%D8%A7%D9%84%D8%A5%D8%AF%D8%A7%D8%B1%D8%A9-%D8%A7%D9%84%D9%85%D8%AA%D9%83%D8%A7%D9%85%D9%84%D8%A9-%D9%84%D9%84%D9%85%D8%AA%D8%AC%D8%B1-%D9%88%D8%A7%D9%84%D8%AA%D8%B3%D9%88%D9%8A%D9%82-%D8%A7%D9%84%D8%B1%D9%82%D9%85%D9%8A-%D9%85%D8%A7-%D8%A7%D9%84%D8%B0%D9%8A-%D8%AA%D9%82%D8%AF%D9%85%D9%87.html,500,,,,9,5
articles/خدمات-الدعم-الفني-لتوثيق-متجرك-في-منصة-الأعمال.html,https://www.ezhalhe-sa.com/articles/%D8%AE%D8%AF%D9%85%D8%A7%D8%AA-%D8%A7%D9%84%D8%AF%D8%B9%D9%85-%D8%A7%D9%84%D9%81%D9%86%D9%8A-%D9%84%D8%AA%D9%88%D8%AB%D9%8A%D9%82-%D9%85%D8%AA%D8%AC%D8%B1%D9%83-%D9%81%D9%8A-%D9%85%D9%86%D8%B5%D8%A9-%D8%A7%D9%84%D8%A3%D8%B9%D9%85%D8%A7%D9%84.html,471,,,,9,5
articles/خدمات-المساعدة-في-استخراج-وثيقة-العمل-الحر-توفير-الوقت-والجهد.html,https://www.ezhalhe-sa.com/articles/%D8%AE%D8%AF%D9%85%D8%A7%D8%AA-%D8%A7%D9%84%D9%85%D8%B3%D8%A7%D8%B9%D8%AF%D8%A9-%D9%81%D9%8A-%D8%A7%D8%B3%D8%AA%D8%AE%D8%B1%D8%A7%D8%AC-%D9%88%D8%AB%D9%8A%D9%82%D8%A9-%D8%A7%D9%84%D8%B9%D9%85%D9%84-%D8%A7%D9%84%D8%AD%D8%B1-%D8%AA%D9%88%D9%81%D9%8A%D8%B1-%D8%A7%D9%84%D9%88%D9%82%D8%AA-%D9%88%D8%A7%D9%84%D8%AC%D9%87%D8%AF.html,480,,,,9,5
articles/خدمات-المساعدة-في-تفعيل-بوابات-الدفع-ضمان-التكامل-السريع.html,https://www.ezhalhe-sa.com/articles/%D8%AE%D8%AF%D9%85%D8%A7%D8%AA-%D8%A7%D9%84%D9%85%D8%B3%D8%A7%D8%B9%D8%AF%D8%A9-%D9%81%D9%8A-%D8%AA%D9%81%D8%B9%D9%8A%D9%84-%D8%A8%D9%88%D8%A7%D8%A8%D8%A7%D8%AA-%D8%A7%D9%84%D8%AF%D9%81%D8%B9-%D8%B6%D9%85%D8%A7%D9%86-%D8%A7%D9%84%D8%AA%D9%83%D8%A7%D9%85%D9%84-%D8%A7%D9%84%D8%B3%D8%B1%D9%8A%D8%B9.html,486,,,,9,5
articles/خدمات-المساعدة-في-تفعيل-تابي-وتمارا-ضمان-القبول-السريع.html,https://www.ezhalhe-sa.com/articles/%D8%AE%D8%AF%D9%85%D8%A7%D8%AA-%D8%A7%D9%84%D9%85%D8%B3%D8%A7%D8%B9%D8%AF%D8%A9-%D9%81%D9%8A-%D8%AA%D9%81%D8%B9%D9%8A%D9%84-%D8%AA%D8%A7%D8%A8%D9%8A-%D9%88%D8%AA%D9%85%D8%A7%D8%B1%D8%A7-%D8%B6%D9%85%D8%A7%D9%86-%D8%A7%D9%84%D9%82%D8%A8%D9%88%D9%84-%D8%A7%D9%84%D8%B3%D8%B1%D9%8A%D8%B9.html,479,,,,9,5
articles/خدمات-المساعدة-في-توثيق-متجرك-على-سلة-ضمان-القبول-السريع.html,https://www.ezhalhe-sa.com/articles/%D8%AE%D8%AF%D9%85%D8%A7%D8%AA-%D8%A7%D9%84%D9%85%D8%B3%D8%A7%D8%B9%D8%AF%D8%A9-%D9%81%D9%8A-%D8%AA%D9%88%D8%AB%D9%8A%D9%82-%D9%85%D8%AA%D8%AC%D8%B1%D9%83-%D8%B9%D9%84%D9%89-%D8%B3%D9%84%D8%A9-%D8%B6%D9%85%D8%A7%D9%86-%D8%A7%D9%84%D9%82%D8%A8%D9%88%D9%84-%D8%A7%D9%84%D8%B3%D8%B1%D9%8A%D8%B9.html,480,,,,9,5
articles/خطوات-التسجيل-وتفعيل-بوابة-الدفع-ميس-mees-على-متجرك.html,https://www.ezhalhe-sa.com/articles/%D8%AE%D8%B7%D9%88%D8%A7%D8%AA-%D8%A7%D9%84%D8%AA%D8%B3%D8%AC%D9%8A%D9%84-%D9%88%D8%AA%D9%81%D8%B9%D9%8A%D9%84-%D8%A8%D9%88%D8%A7%D8%A8%D8%A9-%D8%A7%D9%84%D8%AF%D9%81%D8%B9-%D9%85%D9%8A%D8%B3-mees-%D8%B9%D9%84%D9%89-%D9%85%D8%AA%D8%AC%D8%B1%D9%83.html,486,,,,9,5
articles/خطوات-فتح-حساب-بنكي-إلكتروني-للأفراد-والمؤسسات.html,https://www.ezhalhe-sa.com/articles/%D8%AE%D8%B7%D9%88%D8%A7%D8%AA-%D9%81%D8%AA%D8%AD-%D8%AD%D8%B3%D8%A7%D8%A8-%D8%A8%D9%86%D9%83%D9%8A-%D8%A5%D9%84%D9%83%D8%AA%D8%B1%D9%88%D9%86%D9%8A-%D9%84%D9%84%D8%A3%D9%81%D8%B1%D8%A7%D8%AF-%D9%88%D8%A7%D9%84%D9%85%D8%A4%D8%B3%D8%B3%D8%A7%D8%AA.html,484,,,,9,5
articles/دليل-تفعيل-بوابة-الدفع-مدفوع-madfou-للمتاجر-الناشئة.html,https://www.ezhalhe-sa.com/articles/%D8%AF%D9%84%D9%8A%D9%84-%D8%AA%D9%81%D8%B9%D9%8A%D9%84-%D8%A8%D9%88%D8%A7%D8%A8%D8%A9-%D8%A7%D9%84%D8%AF%D9%81%D8%B9-%D9%85%D8%AF%D9%81%D9%88%D8%B9-madfou-%D9%84%D9%84%D9%85%D8%AA%D8%A7%D8%AC%D8%B1-%D8%A7%D9%84%D9%86%D8%A7%D8%B4%D8%A6%D8%A9.html,485,,,,9,5
articles/دليل-تفعيل-تابي-وتمارا-للمتاجر-التي-تعمل-بدون-سجل-تجاري.html,https://www.ezhalhe-sa.com/articles/%D8%AF%D9%84%D9%8A%D9%84-%D8%AA%D9%81%D8%B9%D9%8A%D9%84-%D8%AA%D8%A7%D8%A8%D9%8A-%D9%88%D8%AA%D9%85%D8%A7%D8%B1%D8%A7-%D9%84%D9%84%D9%85%D8%AA%D8%A7%D8%AC%D8%B1-%D8%A7%D9%84%D8%AA%D9%8A-%D8%AA%D8%B9%D9%85%D9%84-%D8%A8%D8%AF%D9%88%D9%86-%D8%B3%D8%AC%D9%84-%D8%AA%D8%AC%D8%A7%D8%B1%D9%8A.html,480,,,,9,5
articles/دور-الهوية-البصرية-في-نجاح-متجرك-الإلكتروني-الاحترافي.html,https://www.ezhalhe-sa.com/articles/%D8%AF%D9%88%D8%B1-%D8%A7%D9%84%D9%87%D9%88%D9%8A%D8%A9-%D8%A7%D9%84%D8%A8%D8%B5%D8%B1%D9%8A%D8%A9-%D9%81%D9%8A-%D9%86%D8%AC%D8%A7%D8%AD-%D9%85%D8%AA%D8%AC%D8%B1%D9%83-%D8%A7%D9%84%D8%A5%D9%84%D9%83%D8%AA%D8%B1%D9%88%D9%86%D9%8A-%D8%A7%D9%84%D8%A7%D8%AD%D8%AA%D8%B1%D8%A7%D9%81%D9%8A.html,485,,,,9,5
articles/دور-تحسين-seo-في-دعم-أداء-حملاتك-الإعلانية.html,https://www.ezhalhe-sa.com/articles/%D8%AF%D9%88%D8%B1-%D8%AA%D8%AD%D8%B3%D9%8A%D9%86-seo-%D9%81%D9%8A-%D8%AF%D8%B9%D9%85-%D8%A3%D8%AF%D8%A7%D8%A1-%D8%AD%D9%85%D9%84%D8%A7%D8%AA%D9%83-%D8%A7%D9%84%D8%A5%D8%B9%D9%84%D8%A7%D9%86%D9%8A%D8%A9.html,492,,,,9,5
articles/دور-تخصيص-css-في-تصميم-متجر-سلة-احترافي-ومميز.html,https://www.ezhalhe-sa.com/articles/%D8%AF%D9%88%D8%B1-%D8%AA%D8%AE%D8%B5%D9%8A%D8%B5-css-%D9%81%D9%8A-%D8%AA%D8%B5%D9%85%D9%8A%D9%85-%D9%85%D8%AA%D8%AC%D8%B1-%D8%B3%D9%84%D8%A9-%D8%A7%D8%AD%D8%AA%D8%B1%D8%A7%D9%81%D9%8A-%D9%88%D9%85%D9%85%D9%8A%D8%B2.html,542,,,,9,5
articles/ربط-متجرك-بـ-google-merchant-center-خطوات-لزيادة-الظهور.html,https://www.ezhalhe-sa.com/articles/%D8%B1%D8%A8%D8%B7-%D9%85%D8%AA%D8%AC%D8%B1%D9%83-%D8%A8%D9%80-google-merchant-center-%D8%AE%D8%B7%D9%88%D8%A7%D8%AA-%D9%84%D8%B2%D9%8A%D8%A7%D8%AF%D8%A9-%D8%A7%D9%84%D8%B8%D9%87%D9%88%D8%B1.html,542,,,,9,5
articles/عناصر-التصميم-التي-تزيد-من-معدل-التحويل-في-المتاجر-الإلكترونية.html,https://www.ezhalhe-sa.com/articles/%D8%B9%D9%86%D8%A7%D8%B5%D8%B1-%D8%A7%D9%84%D8%AA%D8%B5%D9%85%D9%8A%D9%85-%D8%A7%D9%84%D8%AA%D9%8A-%D8%AA%D8%B2%D9%8A%D8%AF-%D9%85%D9%86-%D9%85%D8%B9%D8%AF%D9%84-%D8%A7%D9%84%D8%AA%D8%AD%D9%88%D9%8A%D9%84-%D9%81%D9%8A-%D8%A7%D9%84%D9%85%D8%AA%D8%A7%D8%AC%D8%B1-%D8%A7%D9%84%D8%A5%D9%84%D9%83%D8%AA%D8%B1%D9%88%D9%86%D9%8A%D8%A9.html,487,,,,9,5
articles/فتح-حساب-بنكي-للمشاريع-الناشئة-دليل-خطوة-بخطوة.html,https://www.ezhalhe-sa.com/articles/%D9%81%D8%AA%D8%AD-%D8%AD%D8%B3%D8%A7%D8%A8-%D8%A8%D9%86%D9%83%D9%8A-%D9%84%D9%84%D9%85%D8%B4%D8%A7%D8%B1%D9%8A%D8%B9-%D8%A7%D9%84%D9%86%D8%A7%D8%B4%D8%A6%D8%A9-%D8%AF%D9%84%D9%8A%D9%84-%D8%AE%D8%B7%D9%88%D8%A9-%D8%A8%D8%AE%D8%B7%D9%88%D8%A9.html,485,,,,9,5
articles/كيف-تختار-قالب-متجر-زد-المناسب-لمنتجاتك-دليل-عملي.html,https://www.ezhalhe-sa.com/articles/%D9%83%D9%8A%D9%81-%D8%AA%D8%AE%D8%AA%D8%A7%D8%B1-%D9%82%D8%A7%D9%84%D8%A8-%D9%85%D8%AA%D8%AC%D8%B1-%D8%B2%D8%AF-%D8%A7%D9%84%D9%85%D9%86%D8%A7%D8%B3%D8%A8-%D9%84%D9%85%D9%86%D8%AA%D8%AC%D8%A7%D8%AA%D9%83-%D8%AF%D9%84%D9%8A%D9%84-%D8%B9%D9%85%D9%84%D9%8A.html,486,,,,9,5
articles/كيف-تخطط-لحملة-إعلانية-ناجحة-لمتجرك-الإلكتروني.html,https://www.ezhalhe-sa.com/articles/%D9%83%D9%8A%D9%81-%D8%AA%D8%AE%D8%B7%D8%B7-%D9%84%D8%AD%D9%85%D9%84%D8%A9-%D8%A5%D8%B9%D9%84%D8%A7%D9%86%D9%8A%D8%A9-%D9%86%D8%A7%D8%AC%D8%AD%D8%A9-%D9%84%D9%85%D8%AA%D8%AC%D8%B1%D9%83-%D8%A7%D9%84%D8%A5%D9%84%D9%83%D8%AA%D8%B1%D9%88%D9%86%D9%8A.html,491,,,,9,5
articles/كيف-تساعد-وثيقة-العمل-الحر-في-توثيق-متجرك-على-منصتي-سلة-وزد.html,https://www.ezhalhe-sa.com/articles/%D9%83%D9%8A%D9%81-%D8%AA%D8%B3%D8%A7%D8%B9%D8%AF-%D9%88%D8%AB%D9%8A%D9%82%D8%A9-%D8%A7%D9%84%D8%B9%D9%85%D9%84-%D8%A7%D9%84%D8%AD%D8%B1-%D9%81%D9%8A-%D8%AA%D9%88%D8%AB%D9%8A%D9%82-%D9%85%D8%AA%D8%AC%D8%B1%D9%83-%D8%B9%D9%84%D9%89-%D9%85%D9%86%D8%B5%D8%AA%D9%8A-%D8%B3%D9%84%D8%A9-%D9%88%D8%B2%D8%AF.html,482,,,,9,5
articles/كيف-تضمن-إدارة-متجرك-الإلكتروني-بكفاءة-عالية-لمدة-شهر.html,https://www.ezhalhe-sa.com/articles/%D9%83%D9%8A%D9%81-%D8%AA%D8%B6%D9%85%D9%86-%D8%A5%D8%AF%D8%A7%D8%B1%D8%A9-%D9%85%D8%AA%D8%AC%D8%B1%D9%83-%D8%A7%D9%84%D8%A5%D9%84%D9%83%D8%AA%D8%B1%D9%88%D9%86%D9%8A-%D8%A8%D9%83%D9%81%D8%A7%D8%A1%D8%A9-%D8%B9%D8%A7%D9%84%D9%8A%D8%A9-%D9%84%D9%85%D8%AF%D8%A9-%D8%B4%D9%87%D8%B1.html,500,,,,9,5
articles/كيف-يؤثر-الدفع-الآجل-على-سلة-المشتريات-وقيمة-الطلب-المتوسطة.html,https://www.ezhalhe-sa.com/articles/%D9%83%D9%8A%D9%81-%D9%8A%D8%A4%D8%AB%D8%B1-%D8%A7%D9%84%D8%AF%D9%81%D8%B9-%D8%A7%D9%84%D8%A2%D8%AC%D9%84-%D8%B9%D9%84%D9%89-%D8%B3%D9%84%D8%A9-%D8%A7%D9%84%D9%85%D8%B4%D8%AA%D8%B1%D9%8A%D8%A7%D8%AA-%D9%88%D9%82%D9%8A%D9%85%D8%A9-%D8%A7%D9%84%D8%B7%D9%84%D8%A8-%D8%A7%D9%84%D9%85%D8%AA%D9%88%D8%B3%D8%B7%D8%A9.html,480,,,,9,5
articles/كيف-يؤثر-توثيق-المتجر-على-تحسين-محركات-البحث-seo-لمتجرك.html,https://www.ezhalhe-sa.com/articles/%D9%83%D9%8A%D9%81-%D9%8A%D8%A4%D8%AB%D8%B1-%D8%AA%D9%88%D8%AB%D9%8A%D9%82-%D8%A7%D9%84%D9%85%D8%AA%D8%AC%D8%B1-%D8%B9%D9%84%D9%89-%D8%AA%D8%AD%D8%B3%D9%8A%D9%86-%D9%85%D8%AD%D8%B1%D9%83%D8%A7%D8%AA-%D8%A7%D9%84%D8%A8%D8%AD%D8%AB-seo-%D9%84%D9%85%D8%AA%D8%AC%D8%B1%D9%83.html,480,,,,9,5
articles/كيف-يؤثر-توثيق-منصة-الأعمال-على-التعاملات-المالية-والحساب-البنكي.html,https://www.ezhalhe-sa.com/articles/%D9%83%D9%8A%D9%81-%D9%8A%D8%A4%D8%AB%D8%B1-%D8%AA%D9%88%D8%AB%D9%8A%D9%82-%D9%85%D9%86%D8%B5%D8%A9-%D8%A7%D9%84%D8%A3%D8%B9%D9%85%D8%A7%D9%84-%D8%B9%D9%84%D9%89-%D8%A7%D9%84%D8%AA%D8%B9%D8%A7%D9%85%D9%84%D8%A7%D8%AA-%D8%A7%D9%84%D9%85%D8%A7%D9%84%D9%8A%D8%A9-%D9%88%D8%A7%D9%84%D8%AD%D8%B3%D8%A7%D8%A8-%D8%A7%D9%84%D8%A8%D9%86%D9%83%D9%8A.html,473,,,,9,5
articles/كيف-يسهل-الحساب-البنكي-التجاري-عملية-توثيق-متجرك-الإلكتروني.html,https://www.ezhalhe-sa.com/articles/%D9%83%D9%8A%D9%81-%D9%8A%D8%B3%D9%87%D9%84-%D8%A7%D9%84%D8%AD%D8%B3%D8%A7%D8%A8-%D8%A7%D9%84%D8%A8%D9%86%D9%83%D9%8A-%D8%A7%D9%84%D8%AA%D8%AC%D8%A7%D8%B1%D9%8A-%D8%B9%D9%85%D9%84%D9%8A%D8%A9-%D8%AA%D9%88%D8%AB%D9%8A%D9%82-%D9%85%D8%AA%D8%AC%D8%B1%D9%83-%D8%A7%D9%84%D8%A5%D9%84%D9%83%D8%AA%D8%B1%D9%88%D9%86%D9%8A.html,486,,,,9,5
articles/كيفية-تجديد-وثيقة-العمل-الحر-وتعديل-بياناتها.html,https://www.ezhalhe-sa.com/articles/%D9%83%D9%8A%D9%81%D9%8A%D8%A9-%D8%AA%D8%AC%D8%AF%D9%8A%D8%AF-%D9%88%D8%AB%D9%8A%D9%82%D8%A9-%D8%A7%D9%84%D8%B9%D9%85%D9%84-%D8%A7%D9%84%D8%AD%D8%B1-%D9%88%D8%AA%D8%B9%D8%AF%D9%8A%D9%84-%D8%A8%D9%8A%D8%A7%D9%86%D8%A7%D8%AA%D9%87%D8%A7.html,477,,,,9,5
articles/كيفية-تصميم-متجر-إلكتروني-احترافي-على-منصة-سلة-وزد.html,https://www.ezhalhe-sa.com/articles/%D9%83%D9%8A%D9%81%D9%8A%D8%A9-%D8%AA%D8%B5%D9%85%D9%8A%D9%85-%D9%85%D8%AA%D8%AC%D8%B1-%D8%A5%D9%84%D9%83%D8%AA%D8%B1%D9%88%D9%86%D9%8A-%D8%A7%D8%AD%D8%AA%D8%B1%D8%A7%D9%81%D9%8A-%D8%B9%D9%84%D9%89-%D9%85%D9%86%D8%B5%D8%A9-%D8%B3%D9%84%D8%A9-%D9%88%D8%B2%D8%AF.html,332,,,,8,3
articles/كيفية-ربط-بوابة-الدفع-إمكان-imkan-بمتجرك-على-سلة-أو-زد.html,https://www.ezhalhe-sa.com/articles/%D9%83%D9%8A%D9%81%D9%8A%D8%A9-%D8%B1%D8%A8%D8%B7-%D8%A8%D9%88%D8%A7%D8%A8%D8%A9-%D8%A7%D9%84%D8%AF%D9%81%D8%B9-%D8%A5%D9%85%D9%83%D8%A7%D9%86-imkan-%D8%A8%D9%85%D8%AA%D8%AC%D8%B1%D9%83-%D8%B9%D9%84%D9%89-%D8%B3%D9%84%D8%A9-%D8%A3%D9%88-%D8%B2%D8%AF.html,488,,,,9,5
articles/ما-هي-وثيقة-العمل-الحر-وأهميتها-لأصحاب-المتاجر-الإلكترونية.html,https://www.ezhalhe-sa.com/articles/%D9%85%D8%A7-%D9%87%D9%8A-%D9%88%D8%AB%D9%8A%D9%82%D8%A9-%D8%A7%D9%84%D8%B9%D9%85%D9%84-%D8%A7%D9%84%D8%AD%D8%B1-%D9%88%D8%A3%D9%87%D9%85%D9%8A%D8%AA%D9%87%D8%A7-%D9%84%D8%A3%D8%B5%D8%AD%D8%A7%D8%A8-%D8%A7%D9%84%D9%85%D8%AA%D8%A7%D8%AC%D8%B1-%D8%A7%D9%84%D8%A5%D9%84%D9%83%D8%AA%D8%B1%D9%88%D9%86%D9%8A%D8%A9.html,479,,,,9,5
articles/متطلبات-التوثيق-للمتاجر-التي-تعمل-على-منصات-سلة-وزد.html,https://www.ezhalhe-sa.com/articles/%D9%85%D8%AA%D8%B7%D9%84%D8%A8%D8%A7%D8%AA-%D8%A7%D9%84%D8%AA%D9%88%D8%AB%D9%8A%D9%82-%D9%84%D9%84%D9%85%D8%AA%D8%A7%D8%AC%D8%B1-%D8%A7%D9%84%D8%AA%D9%8A-%D8%AA%D8%B9%D9%85%D9%84-%D8%B9%D9%84%D9%89-%D9%85%D9%86%D8%B5%D8%A7%D8%AA-%D8%B3%D9%84%D8%A9-%D9%88%D8%B2%D8%AF.html,472,,,,9,5
articles/مقارنة-بين-إجراءات-فتح-حساب-بنكي-تجاري-في-الراجحي-والإنماء.html,https://www.ezhalhe-sa.com/articles/%D9%85%D9%82%D8%A7%D8%B1%D9%86%D8%A9-%D8%A8%D9%8A%D9%86-%D8%A5%D8%AC%D8%B1%D8%A7%D8%A1%D8%A7%D8%AA-%D9%81%D8%AA%D8%AD-%D8%AD%D8%B3%D8%A7%D8%A8-%D8%A8%D9%86%D9%83%D9%8A-%D8%AA%D8%AC%D8%A7%D8%B1%D9%8A-%D9%81%D9%8A-%D8%A7%D9%84%D8%B1%D8%A7%D8%AC%D8%AD%D9%8A-%D9%88%D8%A7%D9%84%D8%A5%D9%86%D9%85%D8%A7%D8%A1.html,487,,,,9,5
articles/مقارنة-بين-بوابات-الدفع-الإلكتروني-ميس-مدفوع-وإمكان.html,https://www.ezhalhe-sa.com/articles/%D9%85%D9%82%D8%A7%D8%B1%D9%86%D8%A9-%D8%A8%D9%8A%D9%86-%D8%A8%D9%88%D8%A7%D8%A8%D8%A7%D8%AA-%D8%A7%D9%84%D8%AF%D9%81%D8%B9-%D8%A7%D9%84%D8%A5%D9%84%D9%83%D8%AA%D8%B1%D9%88%D9%86%D9%8A-%D9%85%D9%8A%D8%B3-%D9%85%D8%AF%D9%81%D9%88%D8%B9-%D9%88%D8%A5%D9%85%D9%83%D8%A7%D9%86.html,485,,,,9,5
articles/مقارنة-بين-منصات-الإعلان-الرئيسية-جوجل-فيسبوك-سناب-شات.html,https://www.ezhalhe-sa.com/articles/%D9%85%D9%82%D8%A7%D8%B1%D9%86%D8%A9-%D8%A8%D9%8A%D9%86-%D9%85%D9%86%D8%B5%D8%A7%D8%AA-%D8%A7%D9%84%D8%A5%D8%B9%D9%84%D8%A7%D9%86-%D8%A7%D9%84%D8%B1%D8%A6%D9%8A%D8%B3%D9%8A%D8%A9-%D8%AC%D9%88%D8%AC%D9%84-%D9%81%D9%8A%D8%B3%D8%A8%D9%88%D9%83-%D8%B3%D9%86%D8%A7%D8%A8-%D8%B4%D8%A7%D8%AA.html,493,,,,9,5
articles/مقارنة-شاملة-بين-باقات-تصميم-متجر-سلة-بيسك-بلس-برو-ذهبية.html,https://www.ezhalhe-sa.com/articles/%D9%85%D9%82%D8%A7%D8%B1%D9%86%D8%A9-%D8%B4%D8%A7%D9%85%D9%84%D8%A9-%D8%A8%D9%8A%D9%86-%D8%A8%D8%A7%D9%82%D8%A7%D8%AA-%D8%AA%D8%B5%D9%85%D9%8A%D9%85-%D9%85%D8%AA%D8%AC%D8%B1-%D8%B3%D9%84%D8%A9-%D8%A8%D9%8A%D8%B3%D9%83-%D8%A8%D9%84%D8%B3-%D8%A8%D8%B1%D9%88-%D8%B0%D9%87%D8%A8%D9%8A%D8%A9.html,488,,,,9,5
articles/نصائح-لتسريع-عملية-الموافقة-على-فتح-حساب-بنكي-للأعمال.html,https://www.ezhalhe-sa.com/articles/%D9%86%D8%B5%D8%A7%D8%A6%D8%AD-%D9%84%D8%AA%D8%B3%D8%B1%D9%8A%D8%B9-%D8%B9%D9%85%D9%84%D9%8A%D8%A9-%D8%A7%D9%84%D9%85%D9%88%D8%A7%D9%81%D9%82%D8%A9-%D8%B9%D9%84%D9%89-%D9%81%D8%AA%D8%AD-%D8%AD%D8%B3%D8%A7%D8%A8-%D8%A8%D9%86%D9%83%D9%8A-%D9%84%D9%84%D8%A3%D8%B9%D9%85%D8%A7%D9%84.html,486,,,,9,5
articles/وثيقة-العمل-الحر-دليل-لتحديد-النشاط-المناسب-لمتجرك.html,https://www.ezhalhe-sa.com/articles/%D9%88%D8%AB%D9%8A%D9%82%D8%A9-%D8%A7%D9%84%D8%B9%D9%85%D9%84-%D8%A7%D9%84%D8%AD%D8%B1-%D8%AF%D9%84%D9%8A%D9%84-%D9%84%D8%AA%D8%AD%D8%AF%D9%8A%D8%AF-%D8%A7%D9%84%D9%86%D8%B4%D8%A7%D8%B7-%D8%A7%D9%84%D9%85%D9%86%D8%A7%D8%B3%D8%A8-%D9%84%D9%85%D8%AA%D8%AC%D8%B1%D9%83.html,478,,,,9,5
articles/وثيقة-العمل-الحر-والالتزامات-الضريبية-ما-يجب-أن-تعرفه.html,https://www.ezhalhe-sa.com/articles/%D9%88%D8%AB%D9%8A%D9%82%D8%A9-%D8%A7%D9%84%D8%B9%D9%85%D9%84-%D8%A7%D9%84%D8%AD%D8%B1-%D9%88%D8%A7%D9%84%D8%A7%D9%84%D8%AA%D8%B2%D8%A7%D9%85%D8%A7%D8%AA-%D8%A7%D9%84%D8%B6%D8%B1%D9%8A%D8%A8%D9%8A%D8%A9-%D9%85%D8%A7-%D9%8A%D8%AC%D8%A8-%D8%A3%D9%86-%D8%AA%D8%B9%D8%B1%D9%81%D9%87.html,479,,,,9,5
articles.html,https://www.ezhalhe-sa.com/articles.html,2631,,,,107,4
blog.html,https://www.ezhalhe-sa.com/blog.html,529,,,,104,0
brand-building.html,https://www.ezhalhe-sa.com/brand-building.html,32,,,,2,0
competitor-analysis.html,https://www.ezhalhe-sa.com/competitor-analysis.html,27,,,,2,0
data-analysis.html,https://www.ezhalhe-sa.com/data-analysis.html,27,,,,2,0
digital-ads.html,https://www.ezhalhe-sa.com/digital-ads.html,30,,,,2,0
discount-salla-plus.html,https://www.ezhalhe-sa.com/discount-salla-plus.html,1063,ازهلها,,,14,7
discount-salla-pro.html,https://www.ezhalhe-sa.com/discount-salla-pro.html,1127,ازهلها,,,14,7
google387142411d334808.html,https://www.ezhalhe-sa.com/google387142411d334808.html,5,,,,0,0
index.html,https://www.ezhalhe-sa.com/,3097,,,,19,38
product-marketing.html,https://www.ezhalhe-sa.com/product-marketing.html,127,,,,2,0
salla-store-design-dammam.html,https://www.ezhalhe-sa.com/salla-store-design-dammam.html,392,,,,23,5
salla-store-design-jeddah.html,https://www.ezhalhe-sa.com/salla-store-design-jeddah.html,355,,,,23,5
salla-store-design-makkah.html,https://www.ezhalhe-sa.com/salla-store-design-makkah.html,336,,,,23,5
salla-store-design-riyadh.html,https://www.ezhalhe-sa.com/salla-store-design-riyadh.html,570,,,,22,8
salla-store-design.html,https://www.ezhalhe-sa.com/salla-store-design.html,783,,,,24,9
search-engine-optimization.html,https://www.ezhalhe-sa.com/search-engine-optimization.html,141,,,,4,0
secure-payments.html,https://www.ezhalhe-sa.com/secure-payments.html,29,,,,2,0
store-verification.html,https://www.ezhalhe-sa.com/store-verification.html,29,,,,2,0
zid-store-design.html,https://www.ezhalhe-sa.com/zid-store-design.html,637,,,,17,10
