query,country,device,baseline_source,clicks,impressions,ctr,average_position,status,as_of
تصميم متجر سلة,Saudi Arabia,mobile|desktop,Google Search Console,,,,,REQUIRES_AUTHENTICATED_EXPORT,2026-07-15T12:54:13+03:00
تصميم متجر زد,Saudi Arabia,mobile|desktop,Google Search Console,,,,,REQUIRES_AUTHENTICATED_EXPORT,2026-07-15T12:54:13+03:00
إنشاء متجر إلكتروني,Saudi Arabia,mobile|desktop,Google Search Console,,,,,REQUIRES_AUTHENTICATED_EXPORT,2026-07-15T12:54:13+03:00
فتح متجر إلكتروني,Saudi Arabia,mobile|desktop,Google Search Console,,,,,REQUIRES_AUTHENTICATED_EXPORT,2026-07-15T12:54:13+03:00
دخول التجارة الالكترونية,Saudi Arabia,mobile|desktop,Google Search Console,,,,,REQUIRES_AUTHENTICATED_EXPORT,2026-07-15T12:54:13+03:00
تصميم متجر,Saudi Arabia,mobile|desktop,Google Search Console,,,,,REQUIRES_AUTHENTICATED_EXPORT,2026-07-15T12:54:13+03:00
تصميم متجر سلة وزد,Saudi Arabia,mobile|desktop,Google Search Console,,,,,REQUIRES_AUTHENTICATED_EXPORT,2026-07-15T12:54:13+03:00
تصميم متجر احترافي,Saudi Arabia,mobile|desktop,Google Search Console,,,,,REQUIRES_AUTHENTICATED_EXPORT,2026-07-15T12:54:13+03:00
تصميم متجر إلكتروني السعودية,Saudi Arabia,mobile|desktop,Google Search Console,,,,,REQUIRES_AUTHENTICATED_EXPORT,2026-07-15T12:54:13+03:00
مطور سلة,Saudi Arabia,mobile|desktop,Google Search Console,,,,,REQUIRES_AUTHENTICATED_EXPORT,2026-07-15T12:54:13+03:00
مطور زد,Saudi Arabia,mobile|desktop,Google Search Console,,,,,REQUIRES_AUTHENTICATED_EXPORT,2026-07-15T12:54:13+03:00
خدمات سلة,Saudi Arabia,mobile|desktop,Google Search Console,,,,,REQUIRES_AUTHENTICATED_EXPORT,2026-07-15T12:54:13+03:00
خدمات زد,Saudi Arabia,mobile|desktop,Google Search Console,,,,,REQUIRES_AUTHENTICATED_EXPORT,2026-07-15T12:54:13+03:00
SEO سلة,Saudi Arabia,mobile|desktop,Google Search Console,,,,,REQUIRES_AUTHENTICATED_EXPORT,2026-07-15T12:54:13+03:00
SEO زد,Saudi Arabia,mobile|desktop,Google Search Console,,,,,REQUIRES_AUTHENTICATED_EXPORT,2026-07-15T12:54:13+03:00
